<?xml version="1.0" encoding="ISO-8859-1"?>
<valueMaps xmlns:xsl="http://www.w3.org/1999/XSL/Transform">
<valueMap>
<name>
DIAGNOSIS_MATRIX
</name>
<valueMapDetails>
<value>
PCORNET
</value>
<map>
ICD9,SNOMED
</map>
</valueMapDetails>
<valueMapDetails>
<value>
OMOP
</value>
<map>
SNOMED
</map>
</valueMapDetails>
<defaultValue>
</defaultValue>
<overrideSource>
false</overrideSource>
<valueMapXSL>
&lt;xsl:template name="DIAGNOSIS_MATRIX">
	&lt;xsl:param name="param"/>
&lt;xsl:choose>&lt;xsl:when test="$param=&amp;apos;PCORNET&amp;apos;">&lt;xsl:value-of select="&amp;apos;ICD9,SNOMED&amp;apos;"/>&lt;/xsl:when>&lt;xsl:otherwise>&lt;xsl:choose>&lt;xsl:when test="$param=&amp;apos;OMOP&amp;apos;">&lt;xsl:value-of select="&amp;apos;SNOMED&amp;apos;"/>&lt;/xsl:when>&lt;xsl:otherwise>&lt;xsl:value-of select="&amp;apos;&amp;apos;"/>&lt;/xsl:otherwise>&lt;/xsl:choose>&lt;/xsl:otherwise>&lt;/xsl:choose>
&lt;/xsl:template>
</valueMapXSL>

</valueMap>
</valueMaps>