<?xml version="1.0" encoding="ISO-8859-1"?>
<valueMaps xmlns:xsl="http://www.w3.org/1999/XSL/Transform">
<valueMap>
<name>
PARTNER_TO_CDMH
</name>
<valueMapDetails>
<value>
09
</value>
<map>
ICD9
</map>
</valueMapDetails>
<valueMapDetails>
<value>
10
</value>
<map>
ICD10CM
</map>
</valueMapDetails>
<valueMapDetails>
<value>
RX
</value>
<map>
RXNORM
</map>
</valueMapDetails>
<valueMapDetails>
<value>
ND
</value>
<map>
NDC
</map>
</valueMapDetails>
<defaultValue>
$param</defaultValue>
<overrideSource>
true</overrideSource>
<valueMapXSL>
&lt;xsl:template name="PARTNER_TO_CDMH">
	&lt;xsl:param name="param"/>
&lt;xsl:choose>&lt;xsl:when test="$param=09">&lt;xsl:value-of select="&amp;apos;ICD9&amp;apos;"/>&lt;/xsl:when>&lt;xsl:otherwise>&lt;xsl:choose>&lt;xsl:when test="$param=10">&lt;xsl:value-of select="&amp;apos;ICD10CM&amp;apos;"/>&lt;/xsl:when>&lt;xsl:otherwise>&lt;xsl:choose>&lt;xsl:when test="$param=&amp;apos;RX&amp;apos;">&lt;xsl:value-of select="&amp;apos;RXNORM&amp;apos;"/>&lt;/xsl:when>&lt;xsl:otherwise>&lt;xsl:choose>&lt;xsl:when test="$param=&amp;apos;ND&amp;apos;">&lt;xsl:value-of select="&amp;apos;NDC&amp;apos;"/>&lt;/xsl:when>&lt;xsl:otherwise>&lt;xsl:value-of select="$param"/>&lt;/xsl:otherwise>&lt;/xsl:choose>&lt;/xsl:otherwise>&lt;/xsl:choose>&lt;/xsl:otherwise>&lt;/xsl:choose>&lt;/xsl:otherwise>&lt;/xsl:choose>
&lt;/xsl:template>
</valueMapXSL>

</valueMap>
</valueMaps>