<?xml version="1.0" encoding="ISO-8859-1"?>
<valueMaps xmlns:xsl="http://www.w3.org/1999/XSL/Transform">
<valueMap>
<name>
PATIENT_QUERY_MAP
</name>
<valueMapDetails>
<value>
PCORNET_DEMOGRAPHIC
</value>
<map>
SELECT * FROM DEMOGRAPHIC WHERE PATID IN (SELECT PATID FROM PATIENT_DATA)
</map>
</valueMapDetails>
<valueMapDetails>
<value>
PCORNET_DIAGNOSIS
</value>
<map>
SELECT d.* FROM DIAGNOSIS d JOIN PATIENT_DATA p ON p.PATID=d.PATID AND p.DIAGNOSIS = d.DX and p.dx_code_type = d.DX_TYPE
</map>
</valueMapDetails>
<valueMapDetails>
<value>
PCORNET_CONDITION
</value>
<map>
SELECT c.* FROM CONDITION c JOIN PATIENT_DATA p ON p.PATID=c.PATID AND c.CONDITION = p.DIAGNOSIS AND c.CONDITION_TYPE=p.dx_code_type
</map>
</valueMapDetails>
<valueMapDetails>
<value>
PCORNET_MED_ADMIN
</value>
<map>
SELECT m.* FROM MED_ADMIN m JOIN PATIENT_DATA p on p.PATID = m.PATID and m.MEDADMIN_CODE = p.DRUG AND m.MEDADMIN_TYPE = p.med_code_type
</map>
</valueMapDetails>
<valueMapDetails>
<value>
PCORNET_PRESCRIBING
</value>
<map>
SELECT a.* FROM PRESCRIBING a JOIN PATIENT_DATA p ON p.PATID = a.PATID and ( (to_char(a.rxnorm_cui) = p.DRUG and p.med_code_type = 'RX') or (a.raw_rx_ndc = p.DRUG and p.med_code_type = 'ND'))
</map>
</valueMapDetails>
<valueMapDetails>
<value>
PCORNET_DISPENSING
</value>
<map>
SELECT d.* FROM DISPENSING d JOIN PATIENT_DATA p ON p.PATID=d.PATID AND d.ndc = p.DRUG and p.med_code_type = 'ND'
</map>
</valueMapDetails>
<valueMapDetails>
<value>
PCORNET_DEATH
</value>
<map>
SELECT * FROM DEATH WHERE PATID in (SELECT PATID FROM PATIENT_DATA)
</map>
</valueMapDetails>
<valueMapDetails>
<value>
PCORNET_DEATH_CAUSE
</value>
<map>
SELECT * FROM DEATH_CAUSE WHERE PATID in (SELECT PATID FROM PATIENT_DATA)
</map>
</valueMapDetails>
<valueMapDetails>
<value>
OMOP_PERSON
</value>
<map>
SELECT * FROM PERSON WHERE PERSON_ID IN (SELECT PATID FROM PATIENT_DATA)
</map>
</valueMapDetails>
<valueMapDetails>
<value>
OMOP_DEATH
</value>
<map>
SELECT * FROM DEATH WHERE PERSON_ID IN (SELECT PATID FROM PATIENT_DATA)
</map>
</valueMapDetails>
<valueMapDetails>
<value>
OMOP_DRUG_EXPOSURE
</value>
<map>
SELECT de.* FROM DRUG_EXPOSURE de JOIN PATIENT_DATA p on de.person_id = p.PATID JOIN standard_rx_concepts rx on rx.med_code = p.drug and rx.med_code_type = p.med_code_type
</map>
</valueMapDetails>
<valueMapDetails>
<value>
OMOP_CONDITION_OCCURRENCE
</value>
<map>
SELECT co.* FROM CONDITION_OCCURRENCE co JOIN PATIENT_DATA p on co.person_id = p.PATID JOIN autoimmune_diagnosis c on c.dx_code = p.DIAGNOSIS and c.dx_code_type = p.dx_code_type
</map>
</valueMapDetails>
<defaultValue>
</defaultValue>
<overrideSource>
false</overrideSource>
<valueMapXSL>
&lt;xsl:template name="PATIENT_QUERY_MAP">
	&lt;xsl:param name="param"/>
&lt;xsl:choose>&lt;xsl:when test="$param=&amp;apos;PCORNET_DEMOGRAPHIC&amp;apos;">&lt;xsl:value-of select="&amp;apos;SELECT * FROM DEMOGRAPHIC WHERE PATID IN (SELECT PATID FROM PATIENT_DATA)&amp;apos;"/>&lt;/xsl:when>&lt;xsl:otherwise>&lt;xsl:choose>&lt;xsl:when test="$param=&amp;apos;PCORNET_DIAGNOSIS&amp;apos;">&lt;xsl:value-of select="&amp;apos;SELECT d.* FROM DIAGNOSIS d JOIN PATIENT_DATA p ON p.PATID=d.PATID AND p.DIAGNOSIS = d.DX and p.dx_code_type = d.DX_TYPE&amp;apos;"/>&lt;/xsl:when>&lt;xsl:otherwise>&lt;xsl:choose>&lt;xsl:when test="$param=&amp;apos;PCORNET_CONDITION&amp;apos;">&lt;xsl:value-of select="&amp;apos;SELECT c.* FROM CONDITION c JOIN PATIENT_DATA p ON p.PATID=c.PATID AND c.CONDITION = p.DIAGNOSIS AND c.CONDITION_TYPE=p.dx_code_type&amp;apos;"/>&lt;/xsl:when>&lt;xsl:otherwise>&lt;xsl:choose>&lt;xsl:when test="$param=&amp;apos;PCORNET_MED_ADMIN&amp;apos;">&lt;xsl:value-of select="&amp;apos;SELECT m.* FROM MED_ADMIN m JOIN PATIENT_DATA p on p.PATID = m.PATID and m.MEDADMIN_CODE = p.DRUG AND m.MEDADMIN_TYPE = p.med_code_type&amp;apos;"/>&lt;/xsl:when>&lt;xsl:otherwise>&lt;xsl:choose>&lt;xsl:when test="$param=&amp;apos;PCORNET_PRESCRIBING&amp;apos;">&lt;xsl:value-of select="concat(&amp;apos;SELECT a.* FROM PRESCRIBING a JOIN PATIENT_DATA p ON p.PATID = a.PATID and ( (to_char(a.rxnorm_cui) = p.DRUG and p.med_code_type = &amp;apos;,$apos,&amp;apos;RX&amp;apos;,$apos,&amp;apos;) or (a.raw_rx_ndc = p.DRUG and p.med_code_type = &amp;apos;,$apos,&amp;apos;ND&amp;apos;,$apos,&amp;apos;))&amp;apos;)"/>&lt;/xsl:when>&lt;xsl:otherwise>&lt;xsl:choose>&lt;xsl:when test="$param=&amp;apos;PCORNET_DISPENSING&amp;apos;">&lt;xsl:value-of select="concat(&amp;apos;SELECT d.* FROM DISPENSING d JOIN PATIENT_DATA p ON p.PATID=d.PATID AND d.ndc = p.DRUG and p.med_code_type = &amp;apos;,$apos,&amp;apos;ND&amp;apos;,$apos)"/>&lt;/xsl:when>&lt;xsl:otherwise>&lt;xsl:choose>&lt;xsl:when test="$param=&amp;apos;PCORNET_DEATH&amp;apos;">&lt;xsl:value-of select="&amp;apos;SELECT * FROM DEATH WHERE PATID in (SELECT PATID FROM PATIENT_DATA)&amp;apos;"/>&lt;/xsl:when>&lt;xsl:otherwise>&lt;xsl:choose>&lt;xsl:when test="$param=&amp;apos;PCORNET_DEATH_CAUSE&amp;apos;">&lt;xsl:value-of select="&amp;apos;SELECT * FROM DEATH_CAUSE WHERE PATID in (SELECT PATID FROM PATIENT_DATA)&amp;apos;"/>&lt;/xsl:when>&lt;xsl:otherwise>&lt;xsl:choose>&lt;xsl:when test="$param=&amp;apos;OMOP_PERSON&amp;apos;">&lt;xsl:value-of select="&amp;apos;SELECT * FROM PERSON WHERE PERSON_ID IN (SELECT PATID FROM PATIENT_DATA)&amp;apos;"/>&lt;/xsl:when>&lt;xsl:otherwise>&lt;xsl:choose>&lt;xsl:when test="$param=&amp;apos;OMOP_DEATH&amp;apos;">&lt;xsl:value-of select="&amp;apos;SELECT * FROM DEATH WHERE PERSON_ID IN (SELECT PATID FROM PATIENT_DATA)&amp;apos;"/>&lt;/xsl:when>&lt;xsl:otherwise>&lt;xsl:choose>&lt;xsl:when test="$param=&amp;apos;OMOP_DRUG_EXPOSURE&amp;apos;">&lt;xsl:value-of select="&amp;apos;SELECT de.* FROM DRUG_EXPOSURE de JOIN PATIENT_DATA p on de.person_id = p.PATID JOIN standard_rx_concepts rx on rx.med_code = p.drug and rx.med_code_type = p.med_code_type&amp;apos;"/>&lt;/xsl:when>&lt;xsl:otherwise>&lt;xsl:choose>&lt;xsl:when test="$param=&amp;apos;OMOP_CONDITION_OCCURRENCE&amp;apos;">&lt;xsl:value-of select="&amp;apos;SELECT co.* FROM CONDITION_OCCURRENCE co JOIN PATIENT_DATA p on co.person_id = p.PATID JOIN autoimmune_diagnosis c on c.dx_code = p.DIAGNOSIS and c.dx_code_type = p.dx_code_type&amp;apos;"/>&lt;/xsl:when>&lt;xsl:otherwise>&lt;xsl:value-of select="&amp;apos;&amp;apos;"/>&lt;/xsl:otherwise>&lt;/xsl:choose>&lt;/xsl:otherwise>&lt;/xsl:choose>&lt;/xsl:otherwise>&lt;/xsl:choose>&lt;/xsl:otherwise>&lt;/xsl:choose>&lt;/xsl:otherwise>&lt;/xsl:choose>&lt;/xsl:otherwise>&lt;/xsl:choose>&lt;/xsl:otherwise>&lt;/xsl:choose>&lt;/xsl:otherwise>&lt;/xsl:choose>&lt;/xsl:otherwise>&lt;/xsl:choose>&lt;/xsl:otherwise>&lt;/xsl:choose>&lt;/xsl:otherwise>&lt;/xsl:choose>&lt;/xsl:otherwise>&lt;/xsl:choose>
&lt;/xsl:template>
</valueMapXSL>

</valueMap>
</valueMaps>