<?xml version="1.0" encoding="UTF-8"?>
<data>
    <AU_ADVDBSOURCE>
        <AU_GROUPOWNER><![CDATA[IndigoGroup:127000000001107055548721600002]]></AU_GROUPOWNER>
        <AU_ACTIVEVERSION><![CDATA[1]]></AU_ACTIVEVERSION>
        <AU_PROJECTOWNER><![CDATA[Project:172031051140153235657616600048]]></AU_PROJECTOWNER>
        <AU_REVISION><![CDATA[null]]></AU_REVISION>
        <AU_PREVIOUSVERSION><![CDATA[null]]></AU_PREVIOUSVERSION>
        <AU_ENTITYNAME><![CDATA[CDMH_ADS_getCDMHQueryRequest]]></AU_ENTITYNAME>
        <AU_MODIFIEDDATE><![CDATA[2018-08-02 20:55:31.0]]></AU_MODIFIEDDATE>
        <AU_ID><![CDATA[172031051140153244782012500174]]></AU_ID>
        <AU_USEOPTIMIZEALGORITHM><![CDATA[0]]></AU_USEOPTIMIZEALGORITHM>
        <AU_PERMISSIONMASK><![CDATA[750]]></AU_PERMISSIONMASK>
        <AU_USENOLOCKOPTION><![CDATA[0]]></AU_USENOLOCKOPTION>
        <AU_DESCRIPTION><![CDATA[get details for a queryrequest]]></AU_DESCRIPTION>
        <AU_SCHEMATYPEDID><![CDATA[AdvanceDbSchema:172031051140153244625645600170]]></AU_SCHEMATYPEDID>
        <AU_DBCONNECTIONINFO><![CDATA[DatabaseConnectionInfo:172031051140152941823097700006]]></AU_DBCONNECTIONINFO>
        <AU_VERSION><![CDATA[1]]></AU_VERSION>
        <AU_COMMENTS><![CDATA[null]]></AU_COMMENTS>
        <AU_MODIFIEDBY><![CDATA[IndigoUser:11525440749190]]></AU_MODIFIEDBY>
        <AU_USEROWNER><![CDATA[IndigoUser:11525440749190]]></AU_USEROWNER>
        <AU_PERSISTDATAENABLED><![CDATA[0]]></AU_PERSISTDATAENABLED>
        <AU_SYNCHRONIZED><![CDATA[0]]></AU_SYNCHRONIZED>
        <AU_QUERIES><![CDATA[<DB>
<QUERY_REQUEST>WHERE QUERY_REQUEST_ID = $$QUERYREQUESTID$$
</QUERY_REQUEST>
</DB>]]></AU_QUERIES>
        <AU_CREATIONDATE><![CDATA[2018-07-24 15:57:00.0]]></AU_CREATIONDATE>
    </AU_ADVDBSOURCE>
    <AU_ADVDBSOURCE>
        <AU_GROUPOWNER><![CDATA[IndigoGroup:127000000001107055548721600002]]></AU_GROUPOWNER>
        <AU_ACTIVEVERSION><![CDATA[1]]></AU_ACTIVEVERSION>
        <AU_PROJECTOWNER><![CDATA[Project:172031051140153235657616600048]]></AU_PROJECTOWNER>
        <AU_REVISION><![CDATA[null]]></AU_REVISION>
        <AU_PREVIOUSVERSION><![CDATA[null]]></AU_PREVIOUSVERSION>
        <AU_ENTITYNAME><![CDATA[CDMH_ADS_getInputQueryForTranslateID]]></AU_ENTITYNAME>
        <AU_MODIFIEDDATE><![CDATA[2018-09-21 17:09:07.0]]></AU_MODIFIEDDATE>
        <AU_ID><![CDATA[172031051140153245424847800184]]></AU_ID>
        <AU_USEOPTIMIZEALGORITHM><![CDATA[0]]></AU_USEOPTIMIZEALGORITHM>
        <AU_PERMISSIONMASK><![CDATA[750]]></AU_PERMISSIONMASK>
        <AU_USENOLOCKOPTION><![CDATA[0]]></AU_USENOLOCKOPTION>
        <AU_DESCRIPTION><![CDATA[source to get user input using queryTranslateID]]></AU_DESCRIPTION>
        <AU_SCHEMATYPEDID><![CDATA[AdvanceDbSchema:172031051140153244583838000167]]></AU_SCHEMATYPEDID>
        <AU_DBCONNECTIONINFO><![CDATA[DatabaseConnectionInfo:172031051140152941823097700006]]></AU_DBCONNECTIONINFO>
        <AU_VERSION><![CDATA[1]]></AU_VERSION>
        <AU_COMMENTS><![CDATA[null]]></AU_COMMENTS>
        <AU_MODIFIEDBY><![CDATA[IndigoUser:11525440749190]]></AU_MODIFIEDBY>
        <AU_USEROWNER><![CDATA[IndigoUser:11525440749190]]></AU_USEROWNER>
        <AU_PERSISTDATAENABLED><![CDATA[0]]></AU_PERSISTDATAENABLED>
        <AU_SYNCHRONIZED><![CDATA[0]]></AU_SYNCHRONIZED>
        <AU_QUERIES><![CDATA[<DB>
<QUERY_REQUEST>WHERE QUERY_REQUEST_ID = (SELECT QUERY_REQUEST_ID FROM CDMH_BRIDG_INFORMED.QUERY_REPR WHERE QUERY_REPR_ID = $$QUERYTRANSLATEID$$)
<QUERY_REPR>
</QUERY_REPR>
</QUERY_REQUEST>
</DB>]]></AU_QUERIES>
        <AU_CREATIONDATE><![CDATA[2018-07-24 17:44:08.0]]></AU_CREATIONDATE>
    </AU_ADVDBSOURCE>
    <AU_ADVDBSOURCE>
        <AU_GROUPOWNER><![CDATA[IndigoGroup:127000000001107055548721600002]]></AU_GROUPOWNER>
        <AU_ACTIVEVERSION><![CDATA[1]]></AU_ACTIVEVERSION>
        <AU_PROJECTOWNER><![CDATA[Project:172031051140153235657616600048]]></AU_PROJECTOWNER>
        <AU_REVISION><![CDATA[null]]></AU_REVISION>
        <AU_PREVIOUSVERSION><![CDATA[null]]></AU_PREVIOUSVERSION>
        <AU_ENTITYNAME><![CDATA[CDMH_ADS_getCDMHPartnerSystem]]></AU_ENTITYNAME>
        <AU_MODIFIEDDATE><![CDATA[2018-11-13 19:24:11.0]]></AU_MODIFIEDDATE>
        <AU_ID><![CDATA[172031051140153245438605100187]]></AU_ID>
        <AU_USEOPTIMIZEALGORITHM><![CDATA[0]]></AU_USEOPTIMIZEALGORITHM>
        <AU_PERMISSIONMASK><![CDATA[750]]></AU_PERMISSIONMASK>
        <AU_USENOLOCKOPTION><![CDATA[0]]></AU_USENOLOCKOPTION>
        <AU_DESCRIPTION><![CDATA[source to get partner data]]></AU_DESCRIPTION>
        <AU_SCHEMATYPEDID><![CDATA[AdvanceDbSchema:172031051140153238227068100099]]></AU_SCHEMATYPEDID>
        <AU_DBCONNECTIONINFO><![CDATA[DatabaseConnectionInfo:172031051140152941823097700006]]></AU_DBCONNECTIONINFO>
        <AU_VERSION><![CDATA[1]]></AU_VERSION>
        <AU_COMMENTS><![CDATA[null]]></AU_COMMENTS>
        <AU_MODIFIEDBY><![CDATA[IndigoUser:11525440749190]]></AU_MODIFIEDBY>
        <AU_USEROWNER><![CDATA[IndigoUser:11525440749190]]></AU_USEROWNER>
        <AU_PERSISTDATAENABLED><![CDATA[0]]></AU_PERSISTDATAENABLED>
        <AU_SYNCHRONIZED><![CDATA[0]]></AU_SYNCHRONIZED>
        <AU_QUERIES><![CDATA[<DB>
<DATA_PARTNER>WHERE FLAG=1
</DATA_PARTNER>
</DB>]]></AU_QUERIES>
        <AU_CREATIONDATE><![CDATA[2018-07-24 17:46:26.0]]></AU_CREATIONDATE>
    </AU_ADVDBSOURCE>
    <AU_ADVDBSOURCE>
        <AU_GROUPOWNER><![CDATA[IndigoGroup:127000000001107055548721600002]]></AU_GROUPOWNER>
        <AU_ACTIVEVERSION><![CDATA[1]]></AU_ACTIVEVERSION>
        <AU_PROJECTOWNER><![CDATA[Project:172031051140153235657616600048]]></AU_PROJECTOWNER>
        <AU_REVISION><![CDATA[null]]></AU_REVISION>
        <AU_PREVIOUSVERSION><![CDATA[null]]></AU_PREVIOUSVERSION>
        <AU_ENTITYNAME><![CDATA[CDMH_ADS_getUserQueries]]></AU_ENTITYNAME>
        <AU_MODIFIEDDATE><![CDATA[2018-08-02 17:23:22.0]]></AU_MODIFIEDDATE>
        <AU_ID><![CDATA[172031051140153245450789100190]]></AU_ID>
        <AU_USEOPTIMIZEALGORITHM><![CDATA[0]]></AU_USEOPTIMIZEALGORITHM>
        <AU_PERMISSIONMASK><![CDATA[750]]></AU_PERMISSIONMASK>
        <AU_USENOLOCKOPTION><![CDATA[0]]></AU_USENOLOCKOPTION>
        <AU_DESCRIPTION><![CDATA[source to pull all query request details]]></AU_DESCRIPTION>
        <AU_SCHEMATYPEDID><![CDATA[AdvanceDbSchema:172031051140153244566052700165]]></AU_SCHEMATYPEDID>
        <AU_DBCONNECTIONINFO><![CDATA[DatabaseConnectionInfo:172031051140152941823097700006]]></AU_DBCONNECTIONINFO>
        <AU_VERSION><![CDATA[1]]></AU_VERSION>
        <AU_COMMENTS><![CDATA[null]]></AU_COMMENTS>
        <AU_MODIFIEDBY><![CDATA[IndigoUser:11525440749190]]></AU_MODIFIEDBY>
        <AU_USEROWNER><![CDATA[IndigoUser:11525440749190]]></AU_USEROWNER>
        <AU_PERSISTDATAENABLED><![CDATA[0]]></AU_PERSISTDATAENABLED>
        <AU_SYNCHRONIZED><![CDATA[0]]></AU_SYNCHRONIZED>
        <AU_QUERIES><![CDATA[<DB>
<QUERY_REQUEST>WHERE NOTIFICATION_EMAIL= &apos;$$userEmail$$&apos;
<QUERY_STATUS>
</QUERY_STATUS>
</QUERY_REQUEST>
</DB>]]></AU_QUERIES>
        <AU_CREATIONDATE><![CDATA[2018-07-24 17:48:27.0]]></AU_CREATIONDATE>
    </AU_ADVDBSOURCE>
    <AU_ADVDBSOURCE>
        <AU_GROUPOWNER><![CDATA[IndigoGroup:127000000001107055548721600002]]></AU_GROUPOWNER>
        <AU_ACTIVEVERSION><![CDATA[1]]></AU_ACTIVEVERSION>
        <AU_PROJECTOWNER><![CDATA[Project:172031051140153235657616600048]]></AU_PROJECTOWNER>
        <AU_REVISION><![CDATA[null]]></AU_REVISION>
        <AU_PREVIOUSVERSION><![CDATA[null]]></AU_PREVIOUSVERSION>
        <AU_ENTITYNAME><![CDATA[CDMH_ADS_getQueryResult]]></AU_ENTITYNAME>
        <AU_MODIFIEDDATE><![CDATA[2018-08-08 06:22:09.0]]></AU_MODIFIEDDATE>
        <AU_ID><![CDATA[172031051140153245463402700193]]></AU_ID>
        <AU_USEOPTIMIZEALGORITHM><![CDATA[0]]></AU_USEOPTIMIZEALGORITHM>
        <AU_PERMISSIONMASK><![CDATA[750]]></AU_PERMISSIONMASK>
        <AU_USENOLOCKOPTION><![CDATA[0]]></AU_USENOLOCKOPTION>
        <AU_DESCRIPTION><![CDATA[source to fetch results for a query id]]></AU_DESCRIPTION>
        <AU_SCHEMATYPEDID><![CDATA[AdvanceDbSchema:172031051140153238356104200106]]></AU_SCHEMATYPEDID>
        <AU_DBCONNECTIONINFO><![CDATA[DatabaseConnectionInfo:172031051140152941823097700006]]></AU_DBCONNECTIONINFO>
        <AU_VERSION><![CDATA[1]]></AU_VERSION>
        <AU_COMMENTS><![CDATA[null]]></AU_COMMENTS>
        <AU_MODIFIEDBY><![CDATA[IndigoUser:11525440749190]]></AU_MODIFIEDBY>
        <AU_USEROWNER><![CDATA[IndigoUser:11525440749190]]></AU_USEROWNER>
        <AU_PERSISTDATAENABLED><![CDATA[0]]></AU_PERSISTDATAENABLED>
        <AU_SYNCHRONIZED><![CDATA[0]]></AU_SYNCHRONIZED>
        <AU_QUERIES><![CDATA[<DB>
<AGG_RESULTS>WHERE QUERY_REQUEST_ID = $$QueryId$$
</AGG_RESULTS>
</DB>]]></AU_QUERIES>
        <AU_CREATIONDATE><![CDATA[2018-07-24 17:50:34.0]]></AU_CREATIONDATE>
    </AU_ADVDBSOURCE>
    <AU_ADVDBSOURCE>
        <AU_GROUPOWNER><![CDATA[IndigoGroup:127000000001107055548721600002]]></AU_GROUPOWNER>
        <AU_ACTIVEVERSION><![CDATA[1]]></AU_ACTIVEVERSION>
        <AU_PROJECTOWNER><![CDATA[Project:172031051140153235657616600048]]></AU_PROJECTOWNER>
        <AU_REVISION><![CDATA[null]]></AU_REVISION>
        <AU_PREVIOUSVERSION><![CDATA[null]]></AU_PREVIOUSVERSION>
        <AU_ENTITYNAME><![CDATA[CDMH_ADS_getCDMHQuerySelectionCriteriaValue]]></AU_ENTITYNAME>
        <AU_MODIFIEDDATE><![CDATA[2018-11-26 16:28:31.0]]></AU_MODIFIEDDATE>
        <AU_ID><![CDATA[172031051140153245478852200196]]></AU_ID>
        <AU_USEOPTIMIZEALGORITHM><![CDATA[0]]></AU_USEOPTIMIZEALGORITHM>
        <AU_PERMISSIONMASK><![CDATA[750]]></AU_PERMISSIONMASK>
        <AU_USENOLOCKOPTION><![CDATA[0]]></AU_USENOLOCKOPTION>
        <AU_DESCRIPTION><![CDATA[source to get data from QuerySelectionCriteriaValue table]]></AU_DESCRIPTION>
        <AU_SCHEMATYPEDID><![CDATA[AdvanceDbSchema:172031051140153238270788500101]]></AU_SCHEMATYPEDID>
        <AU_DBCONNECTIONINFO><![CDATA[DatabaseConnectionInfo:172031051140152941823097700006]]></AU_DBCONNECTIONINFO>
        <AU_VERSION><![CDATA[1]]></AU_VERSION>
        <AU_COMMENTS><![CDATA[null]]></AU_COMMENTS>
        <AU_MODIFIEDBY><![CDATA[IndigoUser:11525440749190]]></AU_MODIFIEDBY>
        <AU_USEROWNER><![CDATA[IndigoUser:11525440749190]]></AU_USEROWNER>
        <AU_PERSISTDATAENABLED><![CDATA[0]]></AU_PERSISTDATAENABLED>
        <AU_SYNCHRONIZED><![CDATA[0]]></AU_SYNCHRONIZED>
        <AU_QUERIES><![CDATA[<DB>
<DATA_PARTNER>WHERE FLAG=1
<CRITERIA_TRANS>WHERE QUERY_REQUEST_ID = $$QUERYREQUESTID$$
</CRITERIA_TRANS>
</DATA_PARTNER>
</DB>]]></AU_QUERIES>
        <AU_CREATIONDATE><![CDATA[2018-07-24 17:53:08.0]]></AU_CREATIONDATE>
    </AU_ADVDBSOURCE>
    <AU_ADVDBSOURCE>
        <AU_GROUPOWNER><![CDATA[IndigoGroup:127000000001107055548721600002]]></AU_GROUPOWNER>
        <AU_ACTIVEVERSION><![CDATA[1]]></AU_ACTIVEVERSION>
        <AU_PROJECTOWNER><![CDATA[Project:172031051140153235657616600048]]></AU_PROJECTOWNER>
        <AU_REVISION><![CDATA[null]]></AU_REVISION>
        <AU_PREVIOUSVERSION><![CDATA[null]]></AU_PREVIOUSVERSION>
        <AU_ENTITYNAME><![CDATA[CDMH_ADS_getAggResultsDownload]]></AU_ENTITYNAME>
        <AU_MODIFIEDDATE><![CDATA[2018-08-08 06:21:00.0]]></AU_MODIFIEDDATE>
        <AU_ID><![CDATA[172031051140153245496600000199]]></AU_ID>
        <AU_USEOPTIMIZEALGORITHM><![CDATA[0]]></AU_USEOPTIMIZEALGORITHM>
        <AU_PERMISSIONMASK><![CDATA[750]]></AU_PERMISSIONMASK>
        <AU_USENOLOCKOPTION><![CDATA[0]]></AU_USENOLOCKOPTION>
        <AU_DESCRIPTION><![CDATA[source to get results for download]]></AU_DESCRIPTION>
        <AU_SCHEMATYPEDID><![CDATA[AdvanceDbSchema:172031051140153238356104200106]]></AU_SCHEMATYPEDID>
        <AU_DBCONNECTIONINFO><![CDATA[DatabaseConnectionInfo:172031051140152941823097700006]]></AU_DBCONNECTIONINFO>
        <AU_VERSION><![CDATA[1]]></AU_VERSION>
        <AU_COMMENTS><![CDATA[null]]></AU_COMMENTS>
        <AU_MODIFIEDBY><![CDATA[IndigoUser:11525440749190]]></AU_MODIFIEDBY>
        <AU_USEROWNER><![CDATA[IndigoUser:11525440749190]]></AU_USEROWNER>
        <AU_PERSISTDATAENABLED><![CDATA[0]]></AU_PERSISTDATAENABLED>
        <AU_SYNCHRONIZED><![CDATA[0]]></AU_SYNCHRONIZED>
        <AU_QUERIES><![CDATA[<DB>
<AGG_RESULTS>WHERE QUERY_REQUEST_ID = $$queryReqID$$
</AGG_RESULTS>
</DB>]]></AU_QUERIES>
        <AU_CREATIONDATE><![CDATA[2018-07-24 17:56:06.0]]></AU_CREATIONDATE>
    </AU_ADVDBSOURCE>
    <AU_ADVDBSOURCE>
        <AU_GROUPOWNER><![CDATA[IndigoGroup:127000000001107055548721600002]]></AU_GROUPOWNER>
        <AU_ACTIVEVERSION><![CDATA[1]]></AU_ACTIVEVERSION>
        <AU_PROJECTOWNER><![CDATA[Project:172031051140153235657616600048]]></AU_PROJECTOWNER>
        <AU_REVISION><![CDATA[null]]></AU_REVISION>
        <AU_PREVIOUSVERSION><![CDATA[null]]></AU_PREVIOUSVERSION>
        <AU_ENTITYNAME><![CDATA[CDMH_ADS_getAggResultsStagingData]]></AU_ENTITYNAME>
        <AU_MODIFIEDDATE><![CDATA[2018-07-24 18:00:11.0]]></AU_MODIFIEDDATE>
        <AU_ID><![CDATA[172031051140153245517569600202]]></AU_ID>
        <AU_USEOPTIMIZEALGORITHM><![CDATA[0]]></AU_USEOPTIMIZEALGORITHM>
        <AU_PERMISSIONMASK><![CDATA[750]]></AU_PERMISSIONMASK>
        <AU_USENOLOCKOPTION><![CDATA[0]]></AU_USENOLOCKOPTION>
        <AU_DESCRIPTION><![CDATA[source to pull Aggregate Results staging data]]></AU_DESCRIPTION>
        <AU_SCHEMATYPEDID><![CDATA[AdvanceDbSchema:172031051140153238343479700104]]></AU_SCHEMATYPEDID>
        <AU_DBCONNECTIONINFO><![CDATA[DatabaseConnectionInfo:172031051140152941823097700006]]></AU_DBCONNECTIONINFO>
        <AU_VERSION><![CDATA[1]]></AU_VERSION>
        <AU_COMMENTS><![CDATA[null]]></AU_COMMENTS>
        <AU_MODIFIEDBY><![CDATA[IndigoUser:11525440749190]]></AU_MODIFIEDBY>
        <AU_USEROWNER><![CDATA[IndigoUser:11525440749190]]></AU_USEROWNER>
        <AU_PERSISTDATAENABLED><![CDATA[0]]></AU_PERSISTDATAENABLED>
        <AU_SYNCHRONIZED><![CDATA[0]]></AU_SYNCHRONIZED>
        <AU_QUERIES><![CDATA[<DB>
<ST_AggResults>WHERE QUERYREPRID = $$QUERYTRANSLATEID$$
</ST_AggResults>
</DB>]]></AU_QUERIES>
        <AU_CREATIONDATE><![CDATA[2018-07-24 17:59:35.0]]></AU_CREATIONDATE>
    </AU_ADVDBSOURCE>
    <AU_ADVDBSOURCE>
        <AU_GROUPOWNER><![CDATA[IndigoGroup:127000000001107055548721600002]]></AU_GROUPOWNER>
        <AU_ACTIVEVERSION><![CDATA[1]]></AU_ACTIVEVERSION>
        <AU_PROJECTOWNER><![CDATA[Project:172031051140153235657616600048]]></AU_PROJECTOWNER>
        <AU_REVISION><![CDATA[null]]></AU_REVISION>
        <AU_PREVIOUSVERSION><![CDATA[null]]></AU_PREVIOUSVERSION>
        <AU_ENTITYNAME><![CDATA[CDMH_ADS_getQueryTranslate]]></AU_ENTITYNAME>
        <AU_MODIFIEDDATE><![CDATA[2018-07-24 18:03:56.0]]></AU_MODIFIEDDATE>
        <AU_ID><![CDATA[172031051140153245531637800205]]></AU_ID>
        <AU_USEOPTIMIZEALGORITHM><![CDATA[0]]></AU_USEOPTIMIZEALGORITHM>
        <AU_PERMISSIONMASK><![CDATA[750]]></AU_PERMISSIONMASK>
        <AU_USENOLOCKOPTION><![CDATA[0]]></AU_USENOLOCKOPTION>
        <AU_DESCRIPTION><![CDATA[source to pull query translate data]]></AU_DESCRIPTION>
        <AU_SCHEMATYPEDID><![CDATA[AdvanceDbSchema:172031051140153244583838000167]]></AU_SCHEMATYPEDID>
        <AU_DBCONNECTIONINFO><![CDATA[DatabaseConnectionInfo:172031051140152941823097700006]]></AU_DBCONNECTIONINFO>
        <AU_VERSION><![CDATA[1]]></AU_VERSION>
        <AU_COMMENTS><![CDATA[null]]></AU_COMMENTS>
        <AU_MODIFIEDBY><![CDATA[IndigoUser:11525440749190]]></AU_MODIFIEDBY>
        <AU_USEROWNER><![CDATA[IndigoUser:11525440749190]]></AU_USEROWNER>
        <AU_PERSISTDATAENABLED><![CDATA[0]]></AU_PERSISTDATAENABLED>
        <AU_SYNCHRONIZED><![CDATA[0]]></AU_SYNCHRONIZED>
        <AU_QUERIES><![CDATA[null]]></AU_QUERIES>
        <AU_CREATIONDATE><![CDATA[2018-07-24 18:01:56.0]]></AU_CREATIONDATE>
    </AU_ADVDBSOURCE>
    <AU_ADVDBSOURCE>
        <AU_GROUPOWNER><![CDATA[IndigoGroup:127000000001107055548721600002]]></AU_GROUPOWNER>
        <AU_ACTIVEVERSION><![CDATA[1]]></AU_ACTIVEVERSION>
        <AU_PROJECTOWNER><![CDATA[Project:172031051140153235657616600048]]></AU_PROJECTOWNER>
        <AU_REVISION><![CDATA[null]]></AU_REVISION>
        <AU_PREVIOUSVERSION><![CDATA[null]]></AU_PREVIOUSVERSION>
        <AU_ENTITYNAME><![CDATA[CDMH_ADS_getPartnerInfowithQueryTranslate]]></AU_ENTITYNAME>
        <AU_MODIFIEDDATE><![CDATA[2018-11-26 17:16:32.0]]></AU_MODIFIEDDATE>
        <AU_ID><![CDATA[172031051140153254853769800240]]></AU_ID>
        <AU_USEOPTIMIZEALGORITHM><![CDATA[0]]></AU_USEOPTIMIZEALGORITHM>
        <AU_PERMISSIONMASK><![CDATA[750]]></AU_PERMISSIONMASK>
        <AU_USENOLOCKOPTION><![CDATA[0]]></AU_USENOLOCKOPTION>
        <AU_DESCRIPTION><![CDATA[source query to fetch queries with partner info for a request id]]></AU_DESCRIPTION>
        <AU_SCHEMATYPEDID><![CDATA[AdvanceDbSchema:172031051140153245588082800208]]></AU_SCHEMATYPEDID>
        <AU_DBCONNECTIONINFO><![CDATA[DatabaseConnectionInfo:172031051140152941823097700006]]></AU_DBCONNECTIONINFO>
        <AU_VERSION><![CDATA[1]]></AU_VERSION>
        <AU_COMMENTS><![CDATA[null]]></AU_COMMENTS>
        <AU_MODIFIEDBY><![CDATA[IndigoUser:11525440749190]]></AU_MODIFIEDBY>
        <AU_USEROWNER><![CDATA[IndigoUser:11525440749190]]></AU_USEROWNER>
        <AU_PERSISTDATAENABLED><![CDATA[0]]></AU_PERSISTDATAENABLED>
        <AU_SYNCHRONIZED><![CDATA[0]]></AU_SYNCHRONIZED>
        <AU_QUERIES><![CDATA[<DB>
<QUERY_REPR>WHERE QUERY_REQUEST_ID=$$QUERYREQUESTID$$
AND DATA_PARTNER_ID IN (SELECT DATA_PARTNER_ID FROM CDMH_BRIDG_INFORMED.DATA_PARTNER WHERE FLAG=1)
<DATA_PARTNER>WHERE FLAG=1
</DATA_PARTNER>
</QUERY_REPR>
</DB>]]></AU_QUERIES>
        <AU_CREATIONDATE><![CDATA[2018-07-25 19:55:37.0]]></AU_CREATIONDATE>
    </AU_ADVDBSOURCE>
    <AU_ADVDBSOURCE>
        <AU_GROUPOWNER><![CDATA[IndigoGroup:127000000001107055548721600002]]></AU_GROUPOWNER>
        <AU_ACTIVEVERSION><![CDATA[1]]></AU_ACTIVEVERSION>
        <AU_PROJECTOWNER><![CDATA[Project:172031051140153235657616600048]]></AU_PROJECTOWNER>
        <AU_REVISION><![CDATA[null]]></AU_REVISION>
        <AU_PREVIOUSVERSION><![CDATA[null]]></AU_PREVIOUSVERSION>
        <AU_ENTITYNAME><![CDATA[CDMH_ADS_getQueryReprForQueryRequest]]></AU_ENTITYNAME>
        <AU_MODIFIEDDATE><![CDATA[2018-10-04 01:03:30.0]]></AU_MODIFIEDDATE>
        <AU_ID><![CDATA[172031051140153851772884900028]]></AU_ID>
        <AU_USEOPTIMIZEALGORITHM><![CDATA[0]]></AU_USEOPTIMIZEALGORITHM>
        <AU_PERMISSIONMASK><![CDATA[750]]></AU_PERMISSIONMASK>
        <AU_USENOLOCKOPTION><![CDATA[0]]></AU_USENOLOCKOPTION>
        <AU_DESCRIPTION><![CDATA[get query repr details for status 11]]></AU_DESCRIPTION>
        <AU_SCHEMATYPEDID><![CDATA[AdvanceDbSchema:172031051140153244583838000167]]></AU_SCHEMATYPEDID>
        <AU_DBCONNECTIONINFO><![CDATA[DatabaseConnectionInfo:172031051140152941823097700006]]></AU_DBCONNECTIONINFO>
        <AU_VERSION><![CDATA[1]]></AU_VERSION>
        <AU_COMMENTS><![CDATA[null]]></AU_COMMENTS>
        <AU_MODIFIEDBY><![CDATA[IndigoUser:11525440749190]]></AU_MODIFIEDBY>
        <AU_USEROWNER><![CDATA[IndigoUser:11525440749190]]></AU_USEROWNER>
        <AU_PERSISTDATAENABLED><![CDATA[0]]></AU_PERSISTDATAENABLED>
        <AU_SYNCHRONIZED><![CDATA[0]]></AU_SYNCHRONIZED>
        <AU_QUERIES><![CDATA[<DB>
<QUERY_REQUEST>WHERE QUERY_REQUEST_ID =$$QUERYREQUESTID$$)
<QUERY_REPR>WHERE QUERY_STATUS_ID=11
</QUERY_REPR>
</QUERY_REQUEST>
</DB>]]></AU_QUERIES>
        <AU_CREATIONDATE><![CDATA[2018-10-02 22:02:08.0]]></AU_CREATIONDATE>
    </AU_ADVDBSOURCE>
    <AU_ADVDBSOURCE>
        <AU_GROUPOWNER><![CDATA[IndigoGroup:127000000001107055548721600002]]></AU_GROUPOWNER>
        <AU_ACTIVEVERSION><![CDATA[1]]></AU_ACTIVEVERSION>
        <AU_PROJECTOWNER><![CDATA[Project:172031051140153235657616600048]]></AU_PROJECTOWNER>
        <AU_REVISION><![CDATA[null]]></AU_REVISION>
        <AU_PREVIOUSVERSION><![CDATA[null]]></AU_PREVIOUSVERSION>
        <AU_ENTITYNAME><![CDATA[CDMH_ADS_ST_PCOR_Provider]]></AU_ENTITYNAME>
        <AU_MODIFIEDDATE><![CDATA[2018-10-02 22:18:55.0]]></AU_MODIFIEDDATE>
        <AU_ID><![CDATA[172031051140153851873556400032]]></AU_ID>
        <AU_USEOPTIMIZEALGORITHM><![CDATA[0]]></AU_USEOPTIMIZEALGORITHM>
        <AU_PERMISSIONMASK><![CDATA[750]]></AU_PERMISSIONMASK>
        <AU_USENOLOCKOPTION><![CDATA[0]]></AU_USENOLOCKOPTION>
        <AU_DESCRIPTION><![CDATA[CDMH_ADS_ST_PCOR_Provider]]></AU_DESCRIPTION>
        <AU_SCHEMATYPEDID><![CDATA[AdvanceDbSchema:172031051140153504332157200415]]></AU_SCHEMATYPEDID>
        <AU_DBCONNECTIONINFO><![CDATA[DatabaseConnectionInfo:172031051140152941823097700006]]></AU_DBCONNECTIONINFO>
        <AU_VERSION><![CDATA[1]]></AU_VERSION>
        <AU_COMMENTS><![CDATA[null]]></AU_COMMENTS>
        <AU_MODIFIEDBY><![CDATA[IndigoUser:11525440749190]]></AU_MODIFIEDBY>
        <AU_USEROWNER><![CDATA[IndigoUser:11525440749190]]></AU_USEROWNER>
        <AU_PERSISTDATAENABLED><![CDATA[0]]></AU_PERSISTDATAENABLED>
        <AU_SYNCHRONIZED><![CDATA[0]]></AU_SYNCHRONIZED>
        <AU_QUERIES><![CDATA[null]]></AU_QUERIES>
        <AU_CREATIONDATE><![CDATA[2018-10-02 22:18:55.0]]></AU_CREATIONDATE>
    </AU_ADVDBSOURCE>
    <AU_ADVDBSOURCE>
        <AU_GROUPOWNER><![CDATA[IndigoGroup:127000000001107055548721600002]]></AU_GROUPOWNER>
        <AU_ACTIVEVERSION><![CDATA[1]]></AU_ACTIVEVERSION>
        <AU_PROJECTOWNER><![CDATA[Project:172031051140153235657616600048]]></AU_PROJECTOWNER>
        <AU_REVISION><![CDATA[null]]></AU_REVISION>
        <AU_PREVIOUSVERSION><![CDATA[null]]></AU_PREVIOUSVERSION>
        <AU_ENTITYNAME><![CDATA[CDMH_ADS_ST_PCOR_Encounter]]></AU_ENTITYNAME>
        <AU_MODIFIEDDATE><![CDATA[2018-10-02 22:39:41.0]]></AU_MODIFIEDDATE>
        <AU_ID><![CDATA[172031051140153851998145800040]]></AU_ID>
        <AU_USEOPTIMIZEALGORITHM><![CDATA[0]]></AU_USEOPTIMIZEALGORITHM>
        <AU_PERMISSIONMASK><![CDATA[750]]></AU_PERMISSIONMASK>
        <AU_USENOLOCKOPTION><![CDATA[0]]></AU_USENOLOCKOPTION>
        <AU_DESCRIPTION><![CDATA[CDMH_ADS_ST_PCOR_Encounter]]></AU_DESCRIPTION>
        <AU_SCHEMATYPEDID><![CDATA[AdvanceDbSchema:172031051140153487089719400261]]></AU_SCHEMATYPEDID>
        <AU_DBCONNECTIONINFO><![CDATA[DatabaseConnectionInfo:172031051140152941823097700006]]></AU_DBCONNECTIONINFO>
        <AU_VERSION><![CDATA[1]]></AU_VERSION>
        <AU_COMMENTS><![CDATA[null]]></AU_COMMENTS>
        <AU_MODIFIEDBY><![CDATA[IndigoUser:11525440749190]]></AU_MODIFIEDBY>
        <AU_USEROWNER><![CDATA[IndigoUser:11525440749190]]></AU_USEROWNER>
        <AU_PERSISTDATAENABLED><![CDATA[0]]></AU_PERSISTDATAENABLED>
        <AU_SYNCHRONIZED><![CDATA[0]]></AU_SYNCHRONIZED>
        <AU_QUERIES><![CDATA[null]]></AU_QUERIES>
        <AU_CREATIONDATE><![CDATA[2018-10-02 22:39:41.0]]></AU_CREATIONDATE>
    </AU_ADVDBSOURCE>
    <AU_ADVDBSOURCE>
        <AU_GROUPOWNER><![CDATA[IndigoGroup:127000000001107055548721600002]]></AU_GROUPOWNER>
        <AU_ACTIVEVERSION><![CDATA[1]]></AU_ACTIVEVERSION>
        <AU_PROJECTOWNER><![CDATA[Project:172031051140153235657616600048]]></AU_PROJECTOWNER>
        <AU_REVISION><![CDATA[null]]></AU_REVISION>
        <AU_PREVIOUSVERSION><![CDATA[null]]></AU_PREVIOUSVERSION>
        <AU_ENTITYNAME><![CDATA[CDMH_ADS_CDMH_CONDITION]]></AU_ENTITYNAME>
        <AU_MODIFIEDDATE><![CDATA[2018-09-13 18:28:36.0]]></AU_MODIFIEDDATE>
        <AU_ID><![CDATA[172031051140153563828185800517]]></AU_ID>
        <AU_USEOPTIMIZEALGORITHM><![CDATA[0]]></AU_USEOPTIMIZEALGORITHM>
        <AU_PERMISSIONMASK><![CDATA[750]]></AU_PERMISSIONMASK>
        <AU_USENOLOCKOPTION><![CDATA[0]]></AU_USENOLOCKOPTION>
        <AU_DESCRIPTION><![CDATA[CDMH_ADS_CDMH_CONDITION]]></AU_DESCRIPTION>
        <AU_SCHEMATYPEDID><![CDATA[AdvanceDbSchema:172031051140153503995742500406]]></AU_SCHEMATYPEDID>
        <AU_DBCONNECTIONINFO><![CDATA[DatabaseConnectionInfo:172031051140152941823097700006]]></AU_DBCONNECTIONINFO>
        <AU_VERSION><![CDATA[1]]></AU_VERSION>
        <AU_COMMENTS><![CDATA[null]]></AU_COMMENTS>
        <AU_MODIFIEDBY><![CDATA[IndigoUser:11525440749190]]></AU_MODIFIEDBY>
        <AU_USEROWNER><![CDATA[IndigoUser:11525440749190]]></AU_USEROWNER>
        <AU_PERSISTDATAENABLED><![CDATA[0]]></AU_PERSISTDATAENABLED>
        <AU_SYNCHRONIZED><![CDATA[0]]></AU_SYNCHRONIZED>
        <AU_QUERIES><![CDATA[<DB>
<CONDITION>WHERE PATIENT_ID IN (SELECT PATIENT_ID FROM CDMH_BRIDG_INFORMED.PATIENT WHERE QUERY_REQUEST_ID=$$queryId$$)
</CONDITION>
</DB>]]></AU_QUERIES>
        <AU_CREATIONDATE><![CDATA[2018-08-30 14:11:21.0]]></AU_CREATIONDATE>
    </AU_ADVDBSOURCE>
    <AU_ADVDBSOURCE>
        <AU_GROUPOWNER><![CDATA[IndigoGroup:127000000001107055548721600002]]></AU_GROUPOWNER>
        <AU_ACTIVEVERSION><![CDATA[1]]></AU_ACTIVEVERSION>
        <AU_PROJECTOWNER><![CDATA[Project:172031051140153235657616600048]]></AU_PROJECTOWNER>
        <AU_REVISION><![CDATA[null]]></AU_REVISION>
        <AU_PREVIOUSVERSION><![CDATA[null]]></AU_PREVIOUSVERSION>
        <AU_ENTITYNAME><![CDATA[CDMH_ADS_CDMH_ENCOUNTER]]></AU_ENTITYNAME>
        <AU_MODIFIEDDATE><![CDATA[2018-09-13 18:29:00.0]]></AU_MODIFIEDDATE>
        <AU_ID><![CDATA[172031051140153563832973100519]]></AU_ID>
        <AU_USEOPTIMIZEALGORITHM><![CDATA[0]]></AU_USEOPTIMIZEALGORITHM>
        <AU_PERMISSIONMASK><![CDATA[750]]></AU_PERMISSIONMASK>
        <AU_USENOLOCKOPTION><![CDATA[0]]></AU_USENOLOCKOPTION>
        <AU_DESCRIPTION><![CDATA[CDMH_ADS_CDMH_ENCOUNTER]]></AU_DESCRIPTION>
        <AU_SCHEMATYPEDID><![CDATA[AdvanceDbSchema:172031051140153505857484800418]]></AU_SCHEMATYPEDID>
        <AU_DBCONNECTIONINFO><![CDATA[DatabaseConnectionInfo:172031051140152941823097700006]]></AU_DBCONNECTIONINFO>
        <AU_VERSION><![CDATA[1]]></AU_VERSION>
        <AU_COMMENTS><![CDATA[null]]></AU_COMMENTS>
        <AU_MODIFIEDBY><![CDATA[IndigoUser:11525440749190]]></AU_MODIFIEDBY>
        <AU_USEROWNER><![CDATA[IndigoUser:11525440749190]]></AU_USEROWNER>
        <AU_PERSISTDATAENABLED><![CDATA[0]]></AU_PERSISTDATAENABLED>
        <AU_SYNCHRONIZED><![CDATA[0]]></AU_SYNCHRONIZED>
        <AU_QUERIES><![CDATA[<DB>
<ENCOUNTER>WHERE PATIENT_ID IN (SELECT PATIENT_ID FROM CDMH_BRIDG_INFORMED.PATIENT WHERE QUERY_REQUEST_ID=$$queryId$$)
</ENCOUNTER>
</DB>]]></AU_QUERIES>
        <AU_CREATIONDATE><![CDATA[2018-08-30 14:12:09.0]]></AU_CREATIONDATE>
    </AU_ADVDBSOURCE>
    <AU_ADVDBSOURCE>
        <AU_GROUPOWNER><![CDATA[IndigoGroup:127000000001107055548721600002]]></AU_GROUPOWNER>
        <AU_ACTIVEVERSION><![CDATA[1]]></AU_ACTIVEVERSION>
        <AU_PROJECTOWNER><![CDATA[Project:172031051140153235657616600048]]></AU_PROJECTOWNER>
        <AU_REVISION><![CDATA[null]]></AU_REVISION>
        <AU_PREVIOUSVERSION><![CDATA[null]]></AU_PREVIOUSVERSION>
        <AU_ENTITYNAME><![CDATA[CDMH_ADS_CDMH_DEATH_INFO]]></AU_ENTITYNAME>
        <AU_MODIFIEDDATE><![CDATA[2018-09-13 18:30:25.0]]></AU_MODIFIEDDATE>
        <AU_ID><![CDATA[172031051140153563836963600521]]></AU_ID>
        <AU_USEOPTIMIZEALGORITHM><![CDATA[0]]></AU_USEOPTIMIZEALGORITHM>
        <AU_PERMISSIONMASK><![CDATA[750]]></AU_PERMISSIONMASK>
        <AU_USENOLOCKOPTION><![CDATA[0]]></AU_USENOLOCKOPTION>
        <AU_DESCRIPTION><![CDATA[CDMH_ADS_CDMH_DEATH_INFO]]></AU_DESCRIPTION>
        <AU_SCHEMATYPEDID><![CDATA[AdvanceDbSchema:172031051140153497294239600400]]></AU_SCHEMATYPEDID>
        <AU_DBCONNECTIONINFO><![CDATA[DatabaseConnectionInfo:172031051140152941823097700006]]></AU_DBCONNECTIONINFO>
        <AU_VERSION><![CDATA[1]]></AU_VERSION>
        <AU_COMMENTS><![CDATA[null]]></AU_COMMENTS>
        <AU_MODIFIEDBY><![CDATA[IndigoUser:11525440749190]]></AU_MODIFIEDBY>
        <AU_USEROWNER><![CDATA[IndigoUser:11525440749190]]></AU_USEROWNER>
        <AU_PERSISTDATAENABLED><![CDATA[0]]></AU_PERSISTDATAENABLED>
        <AU_SYNCHRONIZED><![CDATA[0]]></AU_SYNCHRONIZED>
        <AU_QUERIES><![CDATA[<DB>
<DEATH_INFO>WHERE PATIENT_ID IN (SELECT PATIENT_ID FROM CDMH_BRIDG_INFORMED.PATIENT WHERE QUERY_REQUEST_ID=$$queryId$$)
</DEATH_INFO>
</DB>]]></AU_QUERIES>
        <AU_CREATIONDATE><![CDATA[2018-08-30 14:12:49.0]]></AU_CREATIONDATE>
    </AU_ADVDBSOURCE>
    <AU_ADVDBSOURCE>
        <AU_GROUPOWNER><![CDATA[IndigoGroup:127000000001107055548721600002]]></AU_GROUPOWNER>
        <AU_ACTIVEVERSION><![CDATA[1]]></AU_ACTIVEVERSION>
        <AU_PROJECTOWNER><![CDATA[Project:172031051140153235657616600048]]></AU_PROJECTOWNER>
        <AU_REVISION><![CDATA[null]]></AU_REVISION>
        <AU_PREVIOUSVERSION><![CDATA[null]]></AU_PREVIOUSVERSION>
        <AU_ENTITYNAME><![CDATA[CDMH_ADS_CDMH_DEATH_CAUSE]]></AU_ENTITYNAME>
        <AU_MODIFIEDDATE><![CDATA[2018-09-13 18:30:11.0]]></AU_MODIFIEDDATE>
        <AU_ID><![CDATA[172031051140153563842894600523]]></AU_ID>
        <AU_USEOPTIMIZEALGORITHM><![CDATA[0]]></AU_USEOPTIMIZEALGORITHM>
        <AU_PERMISSIONMASK><![CDATA[750]]></AU_PERMISSIONMASK>
        <AU_USENOLOCKOPTION><![CDATA[0]]></AU_USENOLOCKOPTION>
        <AU_DESCRIPTION><![CDATA[CDMH_ADS_CDMH_DEATH_CAUSE]]></AU_DESCRIPTION>
        <AU_SCHEMATYPEDID><![CDATA[AdvanceDbSchema:172031051140153497595399400403]]></AU_SCHEMATYPEDID>
        <AU_DBCONNECTIONINFO><![CDATA[DatabaseConnectionInfo:172031051140152941823097700006]]></AU_DBCONNECTIONINFO>
        <AU_VERSION><![CDATA[1]]></AU_VERSION>
        <AU_COMMENTS><![CDATA[null]]></AU_COMMENTS>
        <AU_MODIFIEDBY><![CDATA[IndigoUser:11525440749190]]></AU_MODIFIEDBY>
        <AU_USEROWNER><![CDATA[IndigoUser:11525440749190]]></AU_USEROWNER>
        <AU_PERSISTDATAENABLED><![CDATA[0]]></AU_PERSISTDATAENABLED>
        <AU_SYNCHRONIZED><![CDATA[0]]></AU_SYNCHRONIZED>
        <AU_QUERIES><![CDATA[<DB>
<CAUSE_OF_DEATH>WHERE PATIENT_ID IN (SELECT PATIENT_ID FROM CDMH_BRIDG_INFORMED.PATIENT WHERE QUERY_REQUEST_ID=$$queryId$$)
</CAUSE_OF_DEATH>
</DB>]]></AU_QUERIES>
        <AU_CREATIONDATE><![CDATA[2018-08-30 14:13:48.0]]></AU_CREATIONDATE>
    </AU_ADVDBSOURCE>
    <AU_ADVDBSOURCE>
        <AU_GROUPOWNER><![CDATA[IndigoGroup:127000000001107055548721600002]]></AU_GROUPOWNER>
        <AU_ACTIVEVERSION><![CDATA[1]]></AU_ACTIVEVERSION>
        <AU_PROJECTOWNER><![CDATA[Project:172031051140153235657616600048]]></AU_PROJECTOWNER>
        <AU_REVISION><![CDATA[null]]></AU_REVISION>
        <AU_PREVIOUSVERSION><![CDATA[null]]></AU_PREVIOUSVERSION>
        <AU_ENTITYNAME><![CDATA[CDMH_ADS_CDMH_DRUG_ADMIN]]></AU_ENTITYNAME>
        <AU_MODIFIEDDATE><![CDATA[2018-09-13 18:30:40.0]]></AU_MODIFIEDDATE>
        <AU_ID><![CDATA[172031051140153563847014800525]]></AU_ID>
        <AU_USEOPTIMIZEALGORITHM><![CDATA[0]]></AU_USEOPTIMIZEALGORITHM>
        <AU_PERMISSIONMASK><![CDATA[750]]></AU_PERMISSIONMASK>
        <AU_USENOLOCKOPTION><![CDATA[0]]></AU_USENOLOCKOPTION>
        <AU_DESCRIPTION><![CDATA[CDMH_ADS_CDMH_DRUG_ADMIN]]></AU_DESCRIPTION>
        <AU_SCHEMATYPEDID><![CDATA[AdvanceDbSchema:172031051140153556788787400513]]></AU_SCHEMATYPEDID>
        <AU_DBCONNECTIONINFO><![CDATA[DatabaseConnectionInfo:172031051140152941823097700006]]></AU_DBCONNECTIONINFO>
        <AU_VERSION><![CDATA[1]]></AU_VERSION>
        <AU_COMMENTS><![CDATA[null]]></AU_COMMENTS>
        <AU_MODIFIEDBY><![CDATA[IndigoUser:11525440749190]]></AU_MODIFIEDBY>
        <AU_USEROWNER><![CDATA[IndigoUser:11525440749190]]></AU_USEROWNER>
        <AU_PERSISTDATAENABLED><![CDATA[0]]></AU_PERSISTDATAENABLED>
        <AU_SYNCHRONIZED><![CDATA[0]]></AU_SYNCHRONIZED>
        <AU_QUERIES><![CDATA[<DB>
<DRUG_ADMIN>WHERE PATIENT_ID IN (SELECT PATIENT_ID FROM CDMH_BRIDG_INFORMED.PATIENT WHERE QUERY_REQUEST_ID=$$queryId$$)
</DRUG_ADMIN>
</DB>]]></AU_QUERIES>
        <AU_CREATIONDATE><![CDATA[2018-08-30 14:14:30.0]]></AU_CREATIONDATE>
    </AU_ADVDBSOURCE>
    <AU_ADVDBSOURCE>
        <AU_GROUPOWNER><![CDATA[IndigoGroup:127000000001107055548721600002]]></AU_GROUPOWNER>
        <AU_ACTIVEVERSION><![CDATA[1]]></AU_ACTIVEVERSION>
        <AU_PROJECTOWNER><![CDATA[Project:172031051140153235657616600048]]></AU_PROJECTOWNER>
        <AU_REVISION><![CDATA[null]]></AU_REVISION>
        <AU_PREVIOUSVERSION><![CDATA[null]]></AU_PREVIOUSVERSION>
        <AU_ENTITYNAME><![CDATA[CDMH_ADS_CDMH_PRESCRIPTION]]></AU_ENTITYNAME>
        <AU_MODIFIEDDATE><![CDATA[2018-09-13 18:29:37.0]]></AU_MODIFIEDDATE>
        <AU_ID><![CDATA[172031051140153563851625700527]]></AU_ID>
        <AU_USEOPTIMIZEALGORITHM><![CDATA[0]]></AU_USEOPTIMIZEALGORITHM>
        <AU_PERMISSIONMASK><![CDATA[750]]></AU_PERMISSIONMASK>
        <AU_USENOLOCKOPTION><![CDATA[0]]></AU_USENOLOCKOPTION>
        <AU_DESCRIPTION><![CDATA[CDMH_ADS_CDMH_PRESCRIPTION]]></AU_DESCRIPTION>
        <AU_SCHEMATYPEDID><![CDATA[AdvanceDbSchema:172031051140153539940614000436]]></AU_SCHEMATYPEDID>
        <AU_DBCONNECTIONINFO><![CDATA[DatabaseConnectionInfo:172031051140152941823097700006]]></AU_DBCONNECTIONINFO>
        <AU_VERSION><![CDATA[1]]></AU_VERSION>
        <AU_COMMENTS><![CDATA[null]]></AU_COMMENTS>
        <AU_MODIFIEDBY><![CDATA[IndigoUser:11525440749190]]></AU_MODIFIEDBY>
        <AU_USEROWNER><![CDATA[IndigoUser:11525440749190]]></AU_USEROWNER>
        <AU_PERSISTDATAENABLED><![CDATA[0]]></AU_PERSISTDATAENABLED>
        <AU_SYNCHRONIZED><![CDATA[0]]></AU_SYNCHRONIZED>
        <AU_QUERIES><![CDATA[<DB>
<PRESCRIPTION>WHERE PATIENT_ID IN (SELECT PATIENT_ID FROM CDMH_BRIDG_INFORMED.PATIENT WHERE QUERY_REQUEST_ID=$$queryId$$)
</PRESCRIPTION>
</DB>]]></AU_QUERIES>
        <AU_CREATIONDATE><![CDATA[2018-08-30 14:15:16.0]]></AU_CREATIONDATE>
    </AU_ADVDBSOURCE>
    <AU_ADVDBSOURCE>
        <AU_GROUPOWNER><![CDATA[IndigoGroup:127000000001107055548721600002]]></AU_GROUPOWNER>
        <AU_ACTIVEVERSION><![CDATA[1]]></AU_ACTIVEVERSION>
        <AU_PROJECTOWNER><![CDATA[Project:172031051140153235657616600048]]></AU_PROJECTOWNER>
        <AU_REVISION><![CDATA[null]]></AU_REVISION>
        <AU_PREVIOUSVERSION><![CDATA[null]]></AU_PREVIOUSVERSION>
        <AU_ENTITYNAME><![CDATA[CDMH_ADS_ST_PCOR_Condition]]></AU_ENTITYNAME>
        <AU_MODIFIEDDATE><![CDATA[2018-10-03 19:52:51.0]]></AU_MODIFIEDDATE>
        <AU_ID><![CDATA[172031051140153859637197500152]]></AU_ID>
        <AU_USEOPTIMIZEALGORITHM><![CDATA[0]]></AU_USEOPTIMIZEALGORITHM>
        <AU_PERMISSIONMASK><![CDATA[750]]></AU_PERMISSIONMASK>
        <AU_USENOLOCKOPTION><![CDATA[0]]></AU_USENOLOCKOPTION>
        <AU_DESCRIPTION><![CDATA[CDMH_ADS_ST_PCOR_Condition]]></AU_DESCRIPTION>
        <AU_SCHEMATYPEDID><![CDATA[AdvanceDbSchema:172031051140153489081644500316]]></AU_SCHEMATYPEDID>
        <AU_DBCONNECTIONINFO><![CDATA[DatabaseConnectionInfo:172031051140152941823097700006]]></AU_DBCONNECTIONINFO>
        <AU_VERSION><![CDATA[1]]></AU_VERSION>
        <AU_COMMENTS><![CDATA[null]]></AU_COMMENTS>
        <AU_MODIFIEDBY><![CDATA[IndigoUser:11525440749190]]></AU_MODIFIEDBY>
        <AU_USEROWNER><![CDATA[IndigoUser:11525440749190]]></AU_USEROWNER>
        <AU_PERSISTDATAENABLED><![CDATA[0]]></AU_PERSISTDATAENABLED>
        <AU_SYNCHRONIZED><![CDATA[0]]></AU_SYNCHRONIZED>
        <AU_QUERIES><![CDATA[null]]></AU_QUERIES>
        <AU_CREATIONDATE><![CDATA[2018-10-03 19:52:51.0]]></AU_CREATIONDATE>
    </AU_ADVDBSOURCE>
    <AU_ADVDBSOURCE>
        <AU_GROUPOWNER><![CDATA[IndigoGroup:127000000001107055548721600002]]></AU_GROUPOWNER>
        <AU_ACTIVEVERSION><![CDATA[1]]></AU_ACTIVEVERSION>
        <AU_PROJECTOWNER><![CDATA[Project:172031051140153235657616600048]]></AU_PROJECTOWNER>
        <AU_REVISION><![CDATA[null]]></AU_REVISION>
        <AU_PREVIOUSVERSION><![CDATA[null]]></AU_PREVIOUSVERSION>
        <AU_ENTITYNAME><![CDATA[CDMH_ADS_SDTM_DynamicProcess]]></AU_ENTITYNAME>
        <AU_MODIFIEDDATE><![CDATA[2018-10-25 14:31:28.0]]></AU_MODIFIEDDATE>
        <AU_ID><![CDATA[172031051140154041784371800083]]></AU_ID>
        <AU_USEOPTIMIZEALGORITHM><![CDATA[0]]></AU_USEOPTIMIZEALGORITHM>
        <AU_PERMISSIONMASK><![CDATA[750]]></AU_PERMISSIONMASK>
        <AU_USENOLOCKOPTION><![CDATA[0]]></AU_USENOLOCKOPTION>
        <AU_DESCRIPTION><![CDATA[CDMH_ADS_SDTM_DynamicProcess]]></AU_DESCRIPTION>
        <AU_SCHEMATYPEDID><![CDATA[AdvanceDbSchema:172031051140154041778945200081]]></AU_SCHEMATYPEDID>
        <AU_DBCONNECTIONINFO><![CDATA[DatabaseConnectionInfo:172031051140152941823097700006]]></AU_DBCONNECTIONINFO>
        <AU_VERSION><![CDATA[1]]></AU_VERSION>
        <AU_COMMENTS><![CDATA[null]]></AU_COMMENTS>
        <AU_MODIFIEDBY><![CDATA[IndigoUser:11525440749190]]></AU_MODIFIEDBY>
        <AU_USEROWNER><![CDATA[IndigoUser:11525440749190]]></AU_USEROWNER>
        <AU_PERSISTDATAENABLED><![CDATA[0]]></AU_PERSISTDATAENABLED>
        <AU_SYNCHRONIZED><![CDATA[0]]></AU_SYNCHRONIZED>
        <AU_QUERIES><![CDATA[<DB>
<DYNAMIC_PROCESS>WHERE IDENTIFIER=&apos;SDTM&apos;
</DYNAMIC_PROCESS>
</DB>]]></AU_QUERIES>
        <AU_CREATIONDATE><![CDATA[2018-10-24 21:50:43.0]]></AU_CREATIONDATE>
    </AU_ADVDBSOURCE>
    <AU_ADVDBSOURCE>
        <AU_GROUPOWNER><![CDATA[IndigoGroup:127000000001107055548721600002]]></AU_GROUPOWNER>
        <AU_ACTIVEVERSION><![CDATA[1]]></AU_ACTIVEVERSION>
        <AU_PROJECTOWNER><![CDATA[Project:172031051140153235657616600048]]></AU_PROJECTOWNER>
        <AU_REVISION><![CDATA[null]]></AU_REVISION>
        <AU_PREVIOUSVERSION><![CDATA[null]]></AU_PREVIOUSVERSION>
        <AU_ENTITYNAME><![CDATA[CDMH_ADS_MedicalHistory]]></AU_ENTITYNAME>
        <AU_MODIFIEDDATE><![CDATA[2019-02-19 15:59:26.0]]></AU_MODIFIEDDATE>
        <AU_ID><![CDATA[172031051140154047751249200092]]></AU_ID>
        <AU_USEOPTIMIZEALGORITHM><![CDATA[0]]></AU_USEOPTIMIZEALGORITHM>
        <AU_PERMISSIONMASK><![CDATA[750]]></AU_PERMISSIONMASK>
        <AU_USENOLOCKOPTION><![CDATA[0]]></AU_USENOLOCKOPTION>
        <AU_DESCRIPTION><![CDATA[CDMH_ADS_MedicalHistory]]></AU_DESCRIPTION>
        <AU_SCHEMATYPEDID><![CDATA[AdvanceDbSchema:172031051140154032011370200036]]></AU_SCHEMATYPEDID>
        <AU_DBCONNECTIONINFO><![CDATA[DatabaseConnectionInfo:172031051140152941823097700006]]></AU_DBCONNECTIONINFO>
        <AU_VERSION><![CDATA[1]]></AU_VERSION>
        <AU_COMMENTS><![CDATA[null]]></AU_COMMENTS>
        <AU_MODIFIEDBY><![CDATA[IndigoUser:11525440749190]]></AU_MODIFIEDBY>
        <AU_USEROWNER><![CDATA[IndigoUser:11525440749190]]></AU_USEROWNER>
        <AU_PERSISTDATAENABLED><![CDATA[0]]></AU_PERSISTDATAENABLED>
        <AU_SYNCHRONIZED><![CDATA[0]]></AU_SYNCHRONIZED>
        <AU_QUERIES><![CDATA[<DB>
<DIAGNOSIS>WHERE QUERY_REQUEST_ID=$$queryId$$
</DIAGNOSIS>
</DB>]]></AU_QUERIES>
        <AU_CREATIONDATE><![CDATA[2018-10-25 14:25:12.0]]></AU_CREATIONDATE>
    </AU_ADVDBSOURCE>
    
    
    
    
    <AU_ADVDBSOURCE>
        <AU_GROUPOWNER><![CDATA[IndigoGroup:127000000001107055548721600002]]></AU_GROUPOWNER>
        <AU_ACTIVEVERSION><![CDATA[1]]></AU_ACTIVEVERSION>
        <AU_PROJECTOWNER><![CDATA[Project:172031051140153235657616600048]]></AU_PROJECTOWNER>
        <AU_REVISION><![CDATA[null]]></AU_REVISION>
        <AU_PREVIOUSVERSION><![CDATA[null]]></AU_PREVIOUSVERSION>
        <AU_ENTITYNAME><![CDATA[CDMH_ADS_getPartnerOutbound]]></AU_ENTITYNAME>
        <AU_MODIFIEDDATE><![CDATA[2018-11-13 19:23:05.0]]></AU_MODIFIEDDATE>
        <AU_ID><![CDATA[172031051140154085645521900096]]></AU_ID>
        <AU_USEOPTIMIZEALGORITHM><![CDATA[0]]></AU_USEOPTIMIZEALGORITHM>
        <AU_PERMISSIONMASK><![CDATA[750]]></AU_PERMISSIONMASK>
        <AU_USENOLOCKOPTION><![CDATA[0]]></AU_USENOLOCKOPTION>
        <AU_DESCRIPTION><![CDATA[source query to fetch queries with partner info for a request id]]></AU_DESCRIPTION>
        <AU_SCHEMATYPEDID><![CDATA[AdvanceDbSchema:172031051140153245588082800208]]></AU_SCHEMATYPEDID>
        <AU_DBCONNECTIONINFO><![CDATA[DatabaseConnectionInfo:172031051140152941823097700006]]></AU_DBCONNECTIONINFO>
        <AU_VERSION><![CDATA[1]]></AU_VERSION>
        <AU_COMMENTS><![CDATA[null]]></AU_COMMENTS>
        <AU_MODIFIEDBY><![CDATA[IndigoUser:11525440749190]]></AU_MODIFIEDBY>
        <AU_USEROWNER><![CDATA[IndigoUser:11525440749190]]></AU_USEROWNER>
        <AU_PERSISTDATAENABLED><![CDATA[0]]></AU_PERSISTDATAENABLED>
        <AU_SYNCHRONIZED><![CDATA[0]]></AU_SYNCHRONIZED>
        <AU_QUERIES><![CDATA[<DB>
<QUERY_REPR>WHERE QUERY_REQUEST_ID=$$QUERYREQUESTID$$ AND DATA_PARTNER_ID=$$PartnerId$$
<DATA_PARTNER>WHERE DATA_PARTNER_ID=$$PartnerId$$ AND FLAG=1
</DATA_PARTNER>
</QUERY_REPR>
</DB>]]></AU_QUERIES>
        <AU_CREATIONDATE><![CDATA[2018-10-29 23:40:55.0]]></AU_CREATIONDATE>
    </AU_ADVDBSOURCE>
    <AU_ADVDBSOURCE>
        <AU_GROUPOWNER><![CDATA[IndigoGroup:127000000001107055548721600002]]></AU_GROUPOWNER>
        <AU_ACTIVEVERSION><![CDATA[1]]></AU_ACTIVEVERSION>
        <AU_PROJECTOWNER><![CDATA[Project:172031051140153235657616600048]]></AU_PROJECTOWNER>
        <AU_REVISION><![CDATA[null]]></AU_REVISION>
        <AU_PREVIOUSVERSION><![CDATA[null]]></AU_PREVIOUSVERSION>
        <AU_ENTITYNAME><![CDATA[CDMH_ADS_getQueryStatusCode]]></AU_ENTITYNAME>
        <AU_MODIFIEDDATE><![CDATA[2018-11-08 15:46:29.0]]></AU_MODIFIEDDATE>
        <AU_ID><![CDATA[172031051140154169195378500462]]></AU_ID>
        <AU_USEOPTIMIZEALGORITHM><![CDATA[0]]></AU_USEOPTIMIZEALGORITHM>
        <AU_PERMISSIONMASK><![CDATA[750]]></AU_PERMISSIONMASK>
        <AU_USENOLOCKOPTION><![CDATA[0]]></AU_USENOLOCKOPTION>
        <AU_DESCRIPTION><![CDATA[get query status code]]></AU_DESCRIPTION>
        <AU_SCHEMATYPEDID><![CDATA[AdvanceDbSchema:172031051140154169187710100460]]></AU_SCHEMATYPEDID>
        <AU_DBCONNECTIONINFO><![CDATA[DatabaseConnectionInfo:172031051140152941823097700006]]></AU_DBCONNECTIONINFO>
        <AU_VERSION><![CDATA[1]]></AU_VERSION>
        <AU_COMMENTS><![CDATA[null]]></AU_COMMENTS>
        <AU_MODIFIEDBY><![CDATA[IndigoUser:11525440749190]]></AU_MODIFIEDBY>
        <AU_USEROWNER><![CDATA[IndigoUser:11525440749190]]></AU_USEROWNER>
        <AU_PERSISTDATAENABLED><![CDATA[0]]></AU_PERSISTDATAENABLED>
        <AU_SYNCHRONIZED><![CDATA[0]]></AU_SYNCHRONIZED>
        <AU_QUERIES><![CDATA[<DB>
<QUERY_STATUS>WHERE QUERY_STATUS_ID = $$STATUS_CODE$$
</QUERY_STATUS>
</DB>]]></AU_QUERIES>
        <AU_CREATIONDATE><![CDATA[2018-11-08 15:45:53.0]]></AU_CREATIONDATE>
    </AU_ADVDBSOURCE>
    <AU_ADVDBSOURCE>
        <AU_GROUPOWNER><![CDATA[IndigoGroup:127000000001107055548721600002]]></AU_GROUPOWNER>
        <AU_ACTIVEVERSION><![CDATA[1]]></AU_ACTIVEVERSION>
        <AU_PROJECTOWNER><![CDATA[Project:172031051140153235657616600048]]></AU_PROJECTOWNER>
        <AU_REVISION><![CDATA[null]]></AU_REVISION>
        <AU_PREVIOUSVERSION><![CDATA[null]]></AU_PREVIOUSVERSION>
        <AU_ENTITYNAME><![CDATA[CDMH_ADS_ST_PCOR3_Demographic]]></AU_ENTITYNAME>
        <AU_MODIFIEDDATE><![CDATA[2018-11-20 21:27:32.0]]></AU_MODIFIEDDATE>
        <AU_ID><![CDATA[172031051140154274925292600640]]></AU_ID>
        <AU_USEOPTIMIZEALGORITHM><![CDATA[0]]></AU_USEOPTIMIZEALGORITHM>
        <AU_PERMISSIONMASK><![CDATA[750]]></AU_PERMISSIONMASK>
        <AU_USENOLOCKOPTION><![CDATA[0]]></AU_USENOLOCKOPTION>
        <AU_DESCRIPTION><![CDATA[CDMH_ADS_ST_PCOR3_Demographic]]></AU_DESCRIPTION>
        <AU_SCHEMATYPEDID><![CDATA[AdvanceDbSchema:172031051140154267381553600534]]></AU_SCHEMATYPEDID>
        <AU_DBCONNECTIONINFO><![CDATA[DatabaseConnectionInfo:172031051140152941823097700006]]></AU_DBCONNECTIONINFO>
        <AU_VERSION><![CDATA[1]]></AU_VERSION>
        <AU_COMMENTS><![CDATA[null]]></AU_COMMENTS>
        <AU_MODIFIEDBY><![CDATA[IndigoUser:11525440749190]]></AU_MODIFIEDBY>
        <AU_USEROWNER><![CDATA[IndigoUser:11525440749190]]></AU_USEROWNER>
        <AU_PERSISTDATAENABLED><![CDATA[0]]></AU_PERSISTDATAENABLED>
        <AU_SYNCHRONIZED><![CDATA[0]]></AU_SYNCHRONIZED>
        <AU_QUERIES><![CDATA[null]]></AU_QUERIES>
        <AU_CREATIONDATE><![CDATA[2018-11-20 21:27:32.0]]></AU_CREATIONDATE>
    </AU_ADVDBSOURCE>
    <AU_ADVDBSOURCE>
        <AU_GROUPOWNER><![CDATA[IndigoGroup:127000000001107055548721600002]]></AU_GROUPOWNER>
        <AU_ACTIVEVERSION><![CDATA[1]]></AU_ACTIVEVERSION>
        <AU_PROJECTOWNER><![CDATA[Project:172031051140153235657616600048]]></AU_PROJECTOWNER>
        <AU_REVISION><![CDATA[null]]></AU_REVISION>
        <AU_PREVIOUSVERSION><![CDATA[null]]></AU_PREVIOUSVERSION>
        <AU_ENTITYNAME><![CDATA[CDMH_ADS_ST_PCOR3_Provider]]></AU_ENTITYNAME>
        <AU_MODIFIEDDATE><![CDATA[2018-11-20 21:28:07.0]]></AU_MODIFIEDDATE>
        <AU_ID><![CDATA[172031051140154274928739400642]]></AU_ID>
        <AU_USEOPTIMIZEALGORITHM><![CDATA[0]]></AU_USEOPTIMIZEALGORITHM>
        <AU_PERMISSIONMASK><![CDATA[750]]></AU_PERMISSIONMASK>
        <AU_USENOLOCKOPTION><![CDATA[0]]></AU_USENOLOCKOPTION>
        <AU_DESCRIPTION><![CDATA[CDMH_ADS_ST_PCOR3_Provider]]></AU_DESCRIPTION>
        <AU_SCHEMATYPEDID><![CDATA[AdvanceDbSchema:172031051140154267325899500527]]></AU_SCHEMATYPEDID>
        <AU_DBCONNECTIONINFO><![CDATA[DatabaseConnectionInfo:172031051140152941823097700006]]></AU_DBCONNECTIONINFO>
        <AU_VERSION><![CDATA[1]]></AU_VERSION>
        <AU_COMMENTS><![CDATA[null]]></AU_COMMENTS>
        <AU_MODIFIEDBY><![CDATA[IndigoUser:11525440749190]]></AU_MODIFIEDBY>
        <AU_USEROWNER><![CDATA[IndigoUser:11525440749190]]></AU_USEROWNER>
        <AU_PERSISTDATAENABLED><![CDATA[0]]></AU_PERSISTDATAENABLED>
        <AU_SYNCHRONIZED><![CDATA[0]]></AU_SYNCHRONIZED>
        <AU_QUERIES><![CDATA[null]]></AU_QUERIES>
        <AU_CREATIONDATE><![CDATA[2018-11-20 21:28:07.0]]></AU_CREATIONDATE>
    </AU_ADVDBSOURCE>
    <AU_ADVDBSOURCE>
        <AU_GROUPOWNER><![CDATA[IndigoGroup:127000000001107055548721600002]]></AU_GROUPOWNER>
        <AU_ACTIVEVERSION><![CDATA[1]]></AU_ACTIVEVERSION>
        <AU_PROJECTOWNER><![CDATA[Project:172031051140153235657616600048]]></AU_PROJECTOWNER>
        <AU_REVISION><![CDATA[null]]></AU_REVISION>
        <AU_PREVIOUSVERSION><![CDATA[null]]></AU_PREVIOUSVERSION>
        <AU_ENTITYNAME><![CDATA[CDMH_ADS_ST_PCOR3_Encounter]]></AU_ENTITYNAME>
        <AU_MODIFIEDDATE><![CDATA[2018-11-20 21:28:57.0]]></AU_MODIFIEDDATE>
        <AU_ID><![CDATA[172031051140154274933761000644]]></AU_ID>
        <AU_USEOPTIMIZEALGORITHM><![CDATA[0]]></AU_USEOPTIMIZEALGORITHM>
        <AU_PERMISSIONMASK><![CDATA[750]]></AU_PERMISSIONMASK>
        <AU_USENOLOCKOPTION><![CDATA[0]]></AU_USENOLOCKOPTION>
        <AU_DESCRIPTION><![CDATA[CDMH_ADS_ST_PCOR3_Encounter]]></AU_DESCRIPTION>
        <AU_SCHEMATYPEDID><![CDATA[AdvanceDbSchema:172031051140154267408561600548]]></AU_SCHEMATYPEDID>
        <AU_DBCONNECTIONINFO><![CDATA[DatabaseConnectionInfo:172031051140152941823097700006]]></AU_DBCONNECTIONINFO>
        <AU_VERSION><![CDATA[1]]></AU_VERSION>
        <AU_COMMENTS><![CDATA[null]]></AU_COMMENTS>
        <AU_MODIFIEDBY><![CDATA[IndigoUser:11525440749190]]></AU_MODIFIEDBY>
        <AU_USEROWNER><![CDATA[IndigoUser:11525440749190]]></AU_USEROWNER>
        <AU_PERSISTDATAENABLED><![CDATA[0]]></AU_PERSISTDATAENABLED>
        <AU_SYNCHRONIZED><![CDATA[0]]></AU_SYNCHRONIZED>
        <AU_QUERIES><![CDATA[null]]></AU_QUERIES>
        <AU_CREATIONDATE><![CDATA[2018-11-20 21:28:57.0]]></AU_CREATIONDATE>
    </AU_ADVDBSOURCE>
    <AU_ADVDBSOURCE>
        <AU_GROUPOWNER><![CDATA[IndigoGroup:127000000001107055548721600002]]></AU_GROUPOWNER>
        <AU_ACTIVEVERSION><![CDATA[1]]></AU_ACTIVEVERSION>
        <AU_PROJECTOWNER><![CDATA[Project:172031051140153235657616600048]]></AU_PROJECTOWNER>
        <AU_REVISION><![CDATA[null]]></AU_REVISION>
        <AU_PREVIOUSVERSION><![CDATA[null]]></AU_PREVIOUSVERSION>
        <AU_ENTITYNAME><![CDATA[CDMH_ADS_ST_PCOR3_Diagnosis]]></AU_ENTITYNAME>
        <AU_MODIFIEDDATE><![CDATA[2018-11-20 21:29:44.0]]></AU_MODIFIEDDATE>
        <AU_ID><![CDATA[172031051140154274938487400646]]></AU_ID>
        <AU_USEOPTIMIZEALGORITHM><![CDATA[0]]></AU_USEOPTIMIZEALGORITHM>
        <AU_PERMISSIONMASK><![CDATA[750]]></AU_PERMISSIONMASK>
        <AU_USENOLOCKOPTION><![CDATA[0]]></AU_USENOLOCKOPTION>
        <AU_DESCRIPTION><![CDATA[CDMH_ADS_ST_PCOR3_Diagnosis]]></AU_DESCRIPTION>
        <AU_SCHEMATYPEDID><![CDATA[AdvanceDbSchema:172031051140154267440165600567]]></AU_SCHEMATYPEDID>
        <AU_DBCONNECTIONINFO><![CDATA[DatabaseConnectionInfo:172031051140152941823097700006]]></AU_DBCONNECTIONINFO>
        <AU_VERSION><![CDATA[1]]></AU_VERSION>
        <AU_COMMENTS><![CDATA[null]]></AU_COMMENTS>
        <AU_MODIFIEDBY><![CDATA[IndigoUser:11525440749190]]></AU_MODIFIEDBY>
        <AU_USEROWNER><![CDATA[IndigoUser:11525440749190]]></AU_USEROWNER>
        <AU_PERSISTDATAENABLED><![CDATA[0]]></AU_PERSISTDATAENABLED>
        <AU_SYNCHRONIZED><![CDATA[0]]></AU_SYNCHRONIZED>
        <AU_QUERIES><![CDATA[null]]></AU_QUERIES>
        <AU_CREATIONDATE><![CDATA[2018-11-20 21:29:44.0]]></AU_CREATIONDATE>
    </AU_ADVDBSOURCE>
    <AU_ADVDBSOURCE>
        <AU_GROUPOWNER><![CDATA[IndigoGroup:127000000001107055548721600002]]></AU_GROUPOWNER>
        <AU_ACTIVEVERSION><![CDATA[1]]></AU_ACTIVEVERSION>
        <AU_PROJECTOWNER><![CDATA[Project:172031051140153235657616600048]]></AU_PROJECTOWNER>
        <AU_REVISION><![CDATA[null]]></AU_REVISION>
        <AU_PREVIOUSVERSION><![CDATA[null]]></AU_PREVIOUSVERSION>
        <AU_ENTITYNAME><![CDATA[CDMH_ADS_ST_PCOR3_Condition]]></AU_ENTITYNAME>
        <AU_MODIFIEDDATE><![CDATA[2018-11-20 21:30:30.0]]></AU_MODIFIEDDATE>
        <AU_ID><![CDATA[172031051140154274943046600648]]></AU_ID>
        <AU_USEOPTIMIZEALGORITHM><![CDATA[0]]></AU_USEOPTIMIZEALGORITHM>
        <AU_PERMISSIONMASK><![CDATA[750]]></AU_PERMISSIONMASK>
        <AU_USENOLOCKOPTION><![CDATA[0]]></AU_USENOLOCKOPTION>
        <AU_DESCRIPTION><![CDATA[CDMH_ADS_ST_PCOR3_Condition]]></AU_DESCRIPTION>
        <AU_SCHEMATYPEDID><![CDATA[AdvanceDbSchema:172031051140154266924645800507]]></AU_SCHEMATYPEDID>
        <AU_DBCONNECTIONINFO><![CDATA[DatabaseConnectionInfo:172031051140152941823097700006]]></AU_DBCONNECTIONINFO>
        <AU_VERSION><![CDATA[1]]></AU_VERSION>
        <AU_COMMENTS><![CDATA[null]]></AU_COMMENTS>
        <AU_MODIFIEDBY><![CDATA[IndigoUser:11525440749190]]></AU_MODIFIEDBY>
        <AU_USEROWNER><![CDATA[IndigoUser:11525440749190]]></AU_USEROWNER>
        <AU_PERSISTDATAENABLED><![CDATA[0]]></AU_PERSISTDATAENABLED>
        <AU_SYNCHRONIZED><![CDATA[0]]></AU_SYNCHRONIZED>
        <AU_QUERIES><![CDATA[null]]></AU_QUERIES>
        <AU_CREATIONDATE><![CDATA[2018-11-20 21:30:30.0]]></AU_CREATIONDATE>
    </AU_ADVDBSOURCE>
    <AU_ADVDBSOURCE>
        <AU_GROUPOWNER><![CDATA[IndigoGroup:127000000001107055548721600002]]></AU_GROUPOWNER>
        <AU_ACTIVEVERSION><![CDATA[1]]></AU_ACTIVEVERSION>
        <AU_PROJECTOWNER><![CDATA[Project:172031051140153235657616600048]]></AU_PROJECTOWNER>
        <AU_REVISION><![CDATA[null]]></AU_REVISION>
        <AU_PREVIOUSVERSION><![CDATA[null]]></AU_PREVIOUSVERSION>
        <AU_ENTITYNAME><![CDATA[CDMH_ADS_ST_PCOR3_Prescribing]]></AU_ENTITYNAME>
        <AU_MODIFIEDDATE><![CDATA[2018-11-20 21:31:04.0]]></AU_MODIFIEDDATE>
        <AU_ID><![CDATA[172031051140154274946421400650]]></AU_ID>
        <AU_USEOPTIMIZEALGORITHM><![CDATA[0]]></AU_USEOPTIMIZEALGORITHM>
        <AU_PERMISSIONMASK><![CDATA[750]]></AU_PERMISSIONMASK>
        <AU_USENOLOCKOPTION><![CDATA[0]]></AU_USENOLOCKOPTION>
        <AU_DESCRIPTION><![CDATA[CDMH_ADS_ST_PCOR3_Prescribing]]></AU_DESCRIPTION>
        <AU_SCHEMATYPEDID><![CDATA[AdvanceDbSchema:172031051140154267405538700545]]></AU_SCHEMATYPEDID>
        <AU_DBCONNECTIONINFO><![CDATA[DatabaseConnectionInfo:172031051140152941823097700006]]></AU_DBCONNECTIONINFO>
        <AU_VERSION><![CDATA[1]]></AU_VERSION>
        <AU_COMMENTS><![CDATA[null]]></AU_COMMENTS>
        <AU_MODIFIEDBY><![CDATA[IndigoUser:11525440749190]]></AU_MODIFIEDBY>
        <AU_USEROWNER><![CDATA[IndigoUser:11525440749190]]></AU_USEROWNER>
        <AU_PERSISTDATAENABLED><![CDATA[0]]></AU_PERSISTDATAENABLED>
        <AU_SYNCHRONIZED><![CDATA[0]]></AU_SYNCHRONIZED>
        <AU_QUERIES><![CDATA[null]]></AU_QUERIES>
        <AU_CREATIONDATE><![CDATA[2018-11-20 21:31:04.0]]></AU_CREATIONDATE>
    </AU_ADVDBSOURCE>
    <AU_ADVDBSOURCE>
        <AU_GROUPOWNER><![CDATA[IndigoGroup:127000000001107055548721600002]]></AU_GROUPOWNER>
        <AU_ACTIVEVERSION><![CDATA[1]]></AU_ACTIVEVERSION>
        <AU_PROJECTOWNER><![CDATA[Project:172031051140153235657616600048]]></AU_PROJECTOWNER>
        <AU_REVISION><![CDATA[null]]></AU_REVISION>
        <AU_PREVIOUSVERSION><![CDATA[null]]></AU_PREVIOUSVERSION>
        <AU_ENTITYNAME><![CDATA[CDMH_ADS_ST_PCOR3_Dispensing]]></AU_ENTITYNAME>
        <AU_MODIFIEDDATE><![CDATA[2018-11-20 21:31:38.0]]></AU_MODIFIEDDATE>
        <AU_ID><![CDATA[172031051140154274949804100652]]></AU_ID>
        <AU_USEOPTIMIZEALGORITHM><![CDATA[0]]></AU_USEOPTIMIZEALGORITHM>
        <AU_PERMISSIONMASK><![CDATA[750]]></AU_PERMISSIONMASK>
        <AU_USENOLOCKOPTION><![CDATA[0]]></AU_USENOLOCKOPTION>
        <AU_DESCRIPTION><![CDATA[CDMH_ADS_ST_PCOR3_Dispensing]]></AU_DESCRIPTION>
        <AU_SCHEMATYPEDID><![CDATA[AdvanceDbSchema:172031051140154267377977200531]]></AU_SCHEMATYPEDID>
        <AU_DBCONNECTIONINFO><![CDATA[DatabaseConnectionInfo:172031051140152941823097700006]]></AU_DBCONNECTIONINFO>
        <AU_VERSION><![CDATA[1]]></AU_VERSION>
        <AU_COMMENTS><![CDATA[null]]></AU_COMMENTS>
        <AU_MODIFIEDBY><![CDATA[IndigoUser:11525440749190]]></AU_MODIFIEDBY>
        <AU_USEROWNER><![CDATA[IndigoUser:11525440749190]]></AU_USEROWNER>
        <AU_PERSISTDATAENABLED><![CDATA[0]]></AU_PERSISTDATAENABLED>
        <AU_SYNCHRONIZED><![CDATA[0]]></AU_SYNCHRONIZED>
        <AU_QUERIES><![CDATA[null]]></AU_QUERIES>
        <AU_CREATIONDATE><![CDATA[2018-11-20 21:31:38.0]]></AU_CREATIONDATE>
    </AU_ADVDBSOURCE>
    <AU_ADVDBSOURCE>
        <AU_GROUPOWNER><![CDATA[IndigoGroup:127000000001107055548721600002]]></AU_GROUPOWNER>
        <AU_ACTIVEVERSION><![CDATA[1]]></AU_ACTIVEVERSION>
        <AU_PROJECTOWNER><![CDATA[Project:172031051140153235657616600048]]></AU_PROJECTOWNER>
        <AU_REVISION><![CDATA[null]]></AU_REVISION>
        <AU_PREVIOUSVERSION><![CDATA[null]]></AU_PREVIOUSVERSION>
        <AU_ENTITYNAME><![CDATA[CDMH_ADS_ST_PCOR3_Death]]></AU_ENTITYNAME>
        <AU_MODIFIEDDATE><![CDATA[2018-11-20 21:32:49.0]]></AU_MODIFIEDDATE>
        <AU_ID><![CDATA[172031051140154274956997600654]]></AU_ID>
        <AU_USEOPTIMIZEALGORITHM><![CDATA[0]]></AU_USEOPTIMIZEALGORITHM>
        <AU_PERMISSIONMASK><![CDATA[750]]></AU_PERMISSIONMASK>
        <AU_USENOLOCKOPTION><![CDATA[0]]></AU_USENOLOCKOPTION>
        <AU_DESCRIPTION><![CDATA[CDMH_ADS_ST_PCOR3_Death]]></AU_DESCRIPTION>
        <AU_SCHEMATYPEDID><![CDATA[AdvanceDbSchema:172031051140154267402223200542]]></AU_SCHEMATYPEDID>
        <AU_DBCONNECTIONINFO><![CDATA[DatabaseConnectionInfo:172031051140152941823097700006]]></AU_DBCONNECTIONINFO>
        <AU_VERSION><![CDATA[1]]></AU_VERSION>
        <AU_COMMENTS><![CDATA[null]]></AU_COMMENTS>
        <AU_MODIFIEDBY><![CDATA[IndigoUser:11525440749190]]></AU_MODIFIEDBY>
        <AU_USEROWNER><![CDATA[IndigoUser:11525440749190]]></AU_USEROWNER>
        <AU_PERSISTDATAENABLED><![CDATA[0]]></AU_PERSISTDATAENABLED>
        <AU_SYNCHRONIZED><![CDATA[0]]></AU_SYNCHRONIZED>
        <AU_QUERIES><![CDATA[null]]></AU_QUERIES>
        <AU_CREATIONDATE><![CDATA[2018-11-20 21:32:49.0]]></AU_CREATIONDATE>
    </AU_ADVDBSOURCE>
    <AU_ADVDBSOURCE>
        <AU_GROUPOWNER><![CDATA[IndigoGroup:127000000001107055548721600002]]></AU_GROUPOWNER>
        <AU_ACTIVEVERSION><![CDATA[1]]></AU_ACTIVEVERSION>
        <AU_PROJECTOWNER><![CDATA[Project:172031051140153235657616600048]]></AU_PROJECTOWNER>
        <AU_REVISION><![CDATA[null]]></AU_REVISION>
        <AU_PREVIOUSVERSION><![CDATA[null]]></AU_PREVIOUSVERSION>
        <AU_ENTITYNAME><![CDATA[CDMH_ADS_ST_PCOR3_DeathCause]]></AU_ENTITYNAME>
        <AU_MODIFIEDDATE><![CDATA[2018-11-20 21:33:26.0]]></AU_MODIFIEDDATE>
        <AU_ID><![CDATA[172031051140154274960699000656]]></AU_ID>
        <AU_USEOPTIMIZEALGORITHM><![CDATA[0]]></AU_USEOPTIMIZEALGORITHM>
        <AU_PERMISSIONMASK><![CDATA[750]]></AU_PERMISSIONMASK>
        <AU_USENOLOCKOPTION><![CDATA[0]]></AU_USENOLOCKOPTION>
        <AU_DESCRIPTION><![CDATA[CDMH_ADS_ST_PCOR3_DeathCause]]></AU_DESCRIPTION>
        <AU_SCHEMATYPEDID><![CDATA[AdvanceDbSchema:172031051140154267385630100538]]></AU_SCHEMATYPEDID>
        <AU_DBCONNECTIONINFO><![CDATA[DatabaseConnectionInfo:172031051140152941823097700006]]></AU_DBCONNECTIONINFO>
        <AU_VERSION><![CDATA[1]]></AU_VERSION>
        <AU_COMMENTS><![CDATA[null]]></AU_COMMENTS>
        <AU_MODIFIEDBY><![CDATA[IndigoUser:11525440749190]]></AU_MODIFIEDBY>
        <AU_USEROWNER><![CDATA[IndigoUser:11525440749190]]></AU_USEROWNER>
        <AU_PERSISTDATAENABLED><![CDATA[0]]></AU_PERSISTDATAENABLED>
        <AU_SYNCHRONIZED><![CDATA[0]]></AU_SYNCHRONIZED>
        <AU_QUERIES><![CDATA[null]]></AU_QUERIES>
        <AU_CREATIONDATE><![CDATA[2018-11-20 21:33:26.0]]></AU_CREATIONDATE>
    </AU_ADVDBSOURCE>
    <AU_ADVDBSOURCE>
        <AU_GROUPOWNER><![CDATA[IndigoGroup:127000000001107055548721600002]]></AU_GROUPOWNER>
        <AU_ACTIVEVERSION><![CDATA[1]]></AU_ACTIVEVERSION>
        <AU_PROJECTOWNER><![CDATA[Project:172031051140153235657616600048]]></AU_PROJECTOWNER>
        <AU_REVISION><![CDATA[null]]></AU_REVISION>
        <AU_PREVIOUSVERSION><![CDATA[null]]></AU_PREVIOUSVERSION>
        <AU_ENTITYNAME><![CDATA[CDMH_ADS_ST_OMOP_Person]]></AU_ENTITYNAME>
        <AU_MODIFIEDDATE><![CDATA[2018-12-04 17:14:59.0]]></AU_MODIFIEDDATE>
        <AU_ID><![CDATA[172031051140154394369902100791]]></AU_ID>
        <AU_USEOPTIMIZEALGORITHM><![CDATA[0]]></AU_USEOPTIMIZEALGORITHM>
        <AU_PERMISSIONMASK><![CDATA[750]]></AU_PERMISSIONMASK>
        <AU_USENOLOCKOPTION><![CDATA[0]]></AU_USENOLOCKOPTION>
        <AU_DESCRIPTION><![CDATA[CDMH_ADS_ST_OMOP_Person]]></AU_DESCRIPTION>
        <AU_SCHEMATYPEDID><![CDATA[AdvanceDbSchema:172031051140154281466260100660]]></AU_SCHEMATYPEDID>
        <AU_DBCONNECTIONINFO><![CDATA[DatabaseConnectionInfo:172031051140152941823097700006]]></AU_DBCONNECTIONINFO>
        <AU_VERSION><![CDATA[1]]></AU_VERSION>
        <AU_COMMENTS><![CDATA[null]]></AU_COMMENTS>
        <AU_MODIFIEDBY><![CDATA[IndigoUser:11525440749190]]></AU_MODIFIEDBY>
        <AU_USEROWNER><![CDATA[IndigoUser:11525440749190]]></AU_USEROWNER>
        <AU_PERSISTDATAENABLED><![CDATA[0]]></AU_PERSISTDATAENABLED>
        <AU_SYNCHRONIZED><![CDATA[0]]></AU_SYNCHRONIZED>
        <AU_QUERIES><![CDATA[null]]></AU_QUERIES>
        <AU_CREATIONDATE><![CDATA[2018-12-04 17:14:59.0]]></AU_CREATIONDATE>
    </AU_ADVDBSOURCE>
    <AU_ADVDBSOURCE>
        <AU_GROUPOWNER><![CDATA[IndigoGroup:127000000001107055548721600002]]></AU_GROUPOWNER>
        <AU_ACTIVEVERSION><![CDATA[1]]></AU_ACTIVEVERSION>
        <AU_PROJECTOWNER><![CDATA[Project:172031051140153235657616600048]]></AU_PROJECTOWNER>
        <AU_REVISION><![CDATA[null]]></AU_REVISION>
        <AU_PREVIOUSVERSION><![CDATA[null]]></AU_PREVIOUSVERSION>
        <AU_ENTITYNAME><![CDATA[CDMH_ADS_ST_OMOP_Death]]></AU_ENTITYNAME>
        <AU_MODIFIEDDATE><![CDATA[2018-12-04 17:16:14.0]]></AU_MODIFIEDDATE>
        <AU_ID><![CDATA[172031051140154394377462800793]]></AU_ID>
        <AU_USEOPTIMIZEALGORITHM><![CDATA[0]]></AU_USEOPTIMIZEALGORITHM>
        <AU_PERMISSIONMASK><![CDATA[750]]></AU_PERMISSIONMASK>
        <AU_USENOLOCKOPTION><![CDATA[0]]></AU_USENOLOCKOPTION>
        <AU_DESCRIPTION><![CDATA[CDMH_ADS_ST_OMOP_Death]]></AU_DESCRIPTION>
        <AU_SCHEMATYPEDID><![CDATA[AdvanceDbSchema:172031051140154282657504300676]]></AU_SCHEMATYPEDID>
        <AU_DBCONNECTIONINFO><![CDATA[DatabaseConnectionInfo:172031051140152941823097700006]]></AU_DBCONNECTIONINFO>
        <AU_VERSION><![CDATA[1]]></AU_VERSION>
        <AU_COMMENTS><![CDATA[null]]></AU_COMMENTS>
        <AU_MODIFIEDBY><![CDATA[IndigoUser:11525440749190]]></AU_MODIFIEDBY>
        <AU_USEROWNER><![CDATA[IndigoUser:11525440749190]]></AU_USEROWNER>
        <AU_PERSISTDATAENABLED><![CDATA[0]]></AU_PERSISTDATAENABLED>
        <AU_SYNCHRONIZED><![CDATA[0]]></AU_SYNCHRONIZED>
        <AU_QUERIES><![CDATA[null]]></AU_QUERIES>
        <AU_CREATIONDATE><![CDATA[2018-12-04 17:16:14.0]]></AU_CREATIONDATE>
    </AU_ADVDBSOURCE>
    <AU_ADVDBSOURCE>
        <AU_GROUPOWNER><![CDATA[IndigoGroup:127000000001107055548721600002]]></AU_GROUPOWNER>
        <AU_ACTIVEVERSION><![CDATA[1]]></AU_ACTIVEVERSION>
        <AU_PROJECTOWNER><![CDATA[Project:172031051140153235657616600048]]></AU_PROJECTOWNER>
        <AU_REVISION><![CDATA[null]]></AU_REVISION>
        <AU_PREVIOUSVERSION><![CDATA[null]]></AU_PREVIOUSVERSION>
        <AU_ENTITYNAME><![CDATA[CDMH_ADS_ST_OMOP_ConditionOccurrence]]></AU_ENTITYNAME>
        <AU_MODIFIEDDATE><![CDATA[2018-12-04 17:17:13.0]]></AU_MODIFIEDDATE>
        <AU_ID><![CDATA[172031051140154394383376600795]]></AU_ID>
        <AU_USEOPTIMIZEALGORITHM><![CDATA[0]]></AU_USEOPTIMIZEALGORITHM>
        <AU_PERMISSIONMASK><![CDATA[750]]></AU_PERMISSIONMASK>
        <AU_USENOLOCKOPTION><![CDATA[0]]></AU_USENOLOCKOPTION>
        <AU_DESCRIPTION><![CDATA[CDMH_ADS_ST_OMOP_ConditionOccurrence]]></AU_DESCRIPTION>
        <AU_SCHEMATYPEDID><![CDATA[AdvanceDbSchema:172031051140154282674066200680]]></AU_SCHEMATYPEDID>
        <AU_DBCONNECTIONINFO><![CDATA[DatabaseConnectionInfo:172031051140152941823097700006]]></AU_DBCONNECTIONINFO>
        <AU_VERSION><![CDATA[1]]></AU_VERSION>
        <AU_COMMENTS><![CDATA[null]]></AU_COMMENTS>
        <AU_MODIFIEDBY><![CDATA[IndigoUser:11525440749190]]></AU_MODIFIEDBY>
        <AU_USEROWNER><![CDATA[IndigoUser:11525440749190]]></AU_USEROWNER>
        <AU_PERSISTDATAENABLED><![CDATA[0]]></AU_PERSISTDATAENABLED>
        <AU_SYNCHRONIZED><![CDATA[0]]></AU_SYNCHRONIZED>
        <AU_QUERIES><![CDATA[null]]></AU_QUERIES>
        <AU_CREATIONDATE><![CDATA[2018-12-04 17:17:13.0]]></AU_CREATIONDATE>
    </AU_ADVDBSOURCE>
    <AU_ADVDBSOURCE>
        <AU_GROUPOWNER><![CDATA[IndigoGroup:127000000001107055548721600002]]></AU_GROUPOWNER>
        <AU_ACTIVEVERSION><![CDATA[1]]></AU_ACTIVEVERSION>
        <AU_PROJECTOWNER><![CDATA[Project:172031051140153235657616600048]]></AU_PROJECTOWNER>
        <AU_REVISION><![CDATA[null]]></AU_REVISION>
        <AU_PREVIOUSVERSION><![CDATA[null]]></AU_PREVIOUSVERSION>
        <AU_ENTITYNAME><![CDATA[CDMH_ADS_CDMH_DIAGNOSIS]]></AU_ENTITYNAME>
        <AU_MODIFIEDDATE><![CDATA[2018-09-13 18:28:05.0]]></AU_MODIFIEDDATE>
        <AU_ID><![CDATA[172031051140153556012987500492]]></AU_ID>
        <AU_USEOPTIMIZEALGORITHM><![CDATA[0]]></AU_USEOPTIMIZEALGORITHM>
        <AU_PERMISSIONMASK><![CDATA[750]]></AU_PERMISSIONMASK>
        <AU_USENOLOCKOPTION><![CDATA[0]]></AU_USENOLOCKOPTION>
        <AU_DESCRIPTION><![CDATA[CDMH_ADS_CDMH_DIAGNOSIS]]></AU_DESCRIPTION>
        <AU_SCHEMATYPEDID><![CDATA[AdvanceDbSchema:172031051140153504259264500410]]></AU_SCHEMATYPEDID>
        <AU_DBCONNECTIONINFO><![CDATA[DatabaseConnectionInfo:172031051140152941823097700006]]></AU_DBCONNECTIONINFO>
        <AU_VERSION><![CDATA[1]]></AU_VERSION>
        <AU_COMMENTS><![CDATA[null]]></AU_COMMENTS>
        <AU_MODIFIEDBY><![CDATA[IndigoUser:11525440749190]]></AU_MODIFIEDBY>
        <AU_USEROWNER><![CDATA[IndigoUser:11525440749190]]></AU_USEROWNER>
        <AU_PERSISTDATAENABLED><![CDATA[0]]></AU_PERSISTDATAENABLED>
        <AU_SYNCHRONIZED><![CDATA[0]]></AU_SYNCHRONIZED>
        <AU_QUERIES><![CDATA[<DB>
<DIAGNOSIS>WHERE PATIENT_ID IN (SELECT PATIENT_ID FROM CDMH_BRIDG_INFORMED.PATIENT WHERE QUERY_REQUEST_ID=$$queryId$$)
</DIAGNOSIS>
</DB>]]></AU_QUERIES>
        <AU_CREATIONDATE><![CDATA[2018-08-29 16:28:49.0]]></AU_CREATIONDATE>
    </AU_ADVDBSOURCE>
    <AU_ADVDBSOURCE>
        <AU_GROUPOWNER><![CDATA[IndigoGroup:127000000001107055548721600002]]></AU_GROUPOWNER>
        <AU_ACTIVEVERSION><![CDATA[1]]></AU_ACTIVEVERSION>
        <AU_PROJECTOWNER><![CDATA[Project:172031051140153235657616600048]]></AU_PROJECTOWNER>
        <AU_REVISION><![CDATA[null]]></AU_REVISION>
        <AU_PREVIOUSVERSION><![CDATA[null]]></AU_PREVIOUSVERSION>
        <AU_ENTITYNAME><![CDATA[CDMH_ADS_CDMH_DISPENSE]]></AU_ENTITYNAME>
        <AU_MODIFIEDDATE><![CDATA[2018-09-13 18:31:13.0]]></AU_MODIFIEDDATE>
        <AU_ID><![CDATA[172031051140153564050814000551]]></AU_ID>
        <AU_USEOPTIMIZEALGORITHM><![CDATA[0]]></AU_USEOPTIMIZEALGORITHM>
        <AU_PERMISSIONMASK><![CDATA[750]]></AU_PERMISSIONMASK>
        <AU_USENOLOCKOPTION><![CDATA[0]]></AU_USENOLOCKOPTION>
        <AU_DESCRIPTION><![CDATA[CDMH_ADS_CDMH_DISPENSE]]></AU_DESCRIPTION>
        <AU_SCHEMATYPEDID><![CDATA[AdvanceDbSchema:172031051140153564033705200548]]></AU_SCHEMATYPEDID>
        <AU_DBCONNECTIONINFO><![CDATA[DatabaseConnectionInfo:172031051140152941823097700006]]></AU_DBCONNECTIONINFO>
        <AU_VERSION><![CDATA[1]]></AU_VERSION>
        <AU_COMMENTS><![CDATA[null]]></AU_COMMENTS>
        <AU_MODIFIEDBY><![CDATA[IndigoUser:11525440749190]]></AU_MODIFIEDBY>
        <AU_USEROWNER><![CDATA[IndigoUser:11525440749190]]></AU_USEROWNER>
        <AU_PERSISTDATAENABLED><![CDATA[0]]></AU_PERSISTDATAENABLED>
        <AU_SYNCHRONIZED><![CDATA[0]]></AU_SYNCHRONIZED>
        <AU_QUERIES><![CDATA[<DB>
<DISPENSE>WHERE PATIENT_ID IN (SELECT PATIENT_ID FROM CDMH_BRIDG_INFORMED.PATIENT WHERE QUERY_REQUEST_ID=$$queryId$$)
</DISPENSE>
</DB>]]></AU_QUERIES>
        <AU_CREATIONDATE><![CDATA[2018-08-30 14:48:28.0]]></AU_CREATIONDATE>
    </AU_ADVDBSOURCE>
    <AU_ADVDBSOURCE>
        <AU_GROUPOWNER><![CDATA[IndigoGroup:127000000001107055548721600002]]></AU_GROUPOWNER>
        <AU_ACTIVEVERSION><![CDATA[1]]></AU_ACTIVEVERSION>
        <AU_PROJECTOWNER><![CDATA[Project:172031051140153235657616600048]]></AU_PROJECTOWNER>
        <AU_REVISION><![CDATA[null]]></AU_REVISION>
        <AU_PREVIOUSVERSION><![CDATA[null]]></AU_PREVIOUSVERSION>
        <AU_ENTITYNAME><![CDATA[CDMH_ADS_ST_PCOR_Diagnosis]]></AU_ENTITYNAME>
        <AU_MODIFIEDDATE><![CDATA[2018-10-03 19:21:51.0]]></AU_MODIFIEDDATE>
        <AU_ID><![CDATA[172031051140153859451174100146]]></AU_ID>
        <AU_USEOPTIMIZEALGORITHM><![CDATA[0]]></AU_USEOPTIMIZEALGORITHM>
        <AU_PERMISSIONMASK><![CDATA[750]]></AU_PERMISSIONMASK>
        <AU_USENOLOCKOPTION><![CDATA[0]]></AU_USENOLOCKOPTION>
        <AU_DESCRIPTION><![CDATA[CDMH_ADS_ST_PCOR_Diagnosis]]></AU_DESCRIPTION>
        <AU_SCHEMATYPEDID><![CDATA[AdvanceDbSchema:172031051140153486356105800229]]></AU_SCHEMATYPEDID>
        <AU_DBCONNECTIONINFO><![CDATA[DatabaseConnectionInfo:172031051140152941823097700006]]></AU_DBCONNECTIONINFO>
        <AU_VERSION><![CDATA[1]]></AU_VERSION>
        <AU_COMMENTS><![CDATA[null]]></AU_COMMENTS>
        <AU_MODIFIEDBY><![CDATA[IndigoUser:11525440749190]]></AU_MODIFIEDBY>
        <AU_USEROWNER><![CDATA[IndigoUser:11525440749190]]></AU_USEROWNER>
        <AU_PERSISTDATAENABLED><![CDATA[0]]></AU_PERSISTDATAENABLED>
        <AU_SYNCHRONIZED><![CDATA[0]]></AU_SYNCHRONIZED>
        <AU_QUERIES><![CDATA[null]]></AU_QUERIES>
        <AU_CREATIONDATE><![CDATA[2018-10-03 19:21:51.0]]></AU_CREATIONDATE>
    </AU_ADVDBSOURCE>
    <AU_ADVDBSOURCE>
        <AU_GROUPOWNER><![CDATA[IndigoGroup:127000000001107055548721600002]]></AU_GROUPOWNER>
        <AU_ACTIVEVERSION><![CDATA[1]]></AU_ACTIVEVERSION>
        <AU_PROJECTOWNER><![CDATA[Project:172031051140153235657616600048]]></AU_PROJECTOWNER>
        <AU_REVISION><![CDATA[null]]></AU_REVISION>
        <AU_PREVIOUSVERSION><![CDATA[null]]></AU_PREVIOUSVERSION>
        <AU_ENTITYNAME><![CDATA[CDMH_ADS_ST_PCOR_MedAdmin]]></AU_ENTITYNAME>
        <AU_MODIFIEDDATE><![CDATA[2018-10-03 21:33:59.0]]></AU_MODIFIEDDATE>
        <AU_ID><![CDATA[172031051140153860243990700160]]></AU_ID>
        <AU_USEOPTIMIZEALGORITHM><![CDATA[0]]></AU_USEOPTIMIZEALGORITHM>
        <AU_PERMISSIONMASK><![CDATA[750]]></AU_PERMISSIONMASK>
        <AU_USENOLOCKOPTION><![CDATA[0]]></AU_USENOLOCKOPTION>
        <AU_DESCRIPTION><![CDATA[CDMH_ADS_ST_PCOR_MedAdmin]]></AU_DESCRIPTION>
        <AU_SCHEMATYPEDID><![CDATA[AdvanceDbSchema:172031051140153489110770100322]]></AU_SCHEMATYPEDID>
        <AU_DBCONNECTIONINFO><![CDATA[DatabaseConnectionInfo:172031051140152941823097700006]]></AU_DBCONNECTIONINFO>
        <AU_VERSION><![CDATA[1]]></AU_VERSION>
        <AU_COMMENTS><![CDATA[null]]></AU_COMMENTS>
        <AU_MODIFIEDBY><![CDATA[IndigoUser:11525440749190]]></AU_MODIFIEDBY>
        <AU_USEROWNER><![CDATA[IndigoUser:11525440749190]]></AU_USEROWNER>
        <AU_PERSISTDATAENABLED><![CDATA[0]]></AU_PERSISTDATAENABLED>
        <AU_SYNCHRONIZED><![CDATA[0]]></AU_SYNCHRONIZED>
        <AU_QUERIES><![CDATA[null]]></AU_QUERIES>
        <AU_CREATIONDATE><![CDATA[2018-10-03 21:33:59.0]]></AU_CREATIONDATE>
    </AU_ADVDBSOURCE>
    <AU_ADVDBSOURCE>
        <AU_GROUPOWNER><![CDATA[IndigoGroup:127000000001107055548721600002]]></AU_GROUPOWNER>
        <AU_ACTIVEVERSION><![CDATA[1]]></AU_ACTIVEVERSION>
        <AU_PROJECTOWNER><![CDATA[Project:172031051140153235657616600048]]></AU_PROJECTOWNER>
        <AU_REVISION><![CDATA[null]]></AU_REVISION>
        <AU_PREVIOUSVERSION><![CDATA[null]]></AU_PREVIOUSVERSION>
        <AU_ENTITYNAME><![CDATA[CDMH_ADS_UpdateQueryTranslateStatus]]></AU_ENTITYNAME>
        <AU_MODIFIEDDATE><![CDATA[2018-10-04 05:21:37.0]]></AU_MODIFIEDDATE>
        <AU_ID><![CDATA[172031051140153863042010300234]]></AU_ID>
        <AU_USEOPTIMIZEALGORITHM><![CDATA[0]]></AU_USEOPTIMIZEALGORITHM>
        <AU_PERMISSIONMASK><![CDATA[750]]></AU_PERMISSIONMASK>
        <AU_USENOLOCKOPTION><![CDATA[0]]></AU_USENOLOCKOPTION>
        <AU_DESCRIPTION><![CDATA[CDMH_ADS_UpdateQueryTranslateStatus]]></AU_DESCRIPTION>
        <AU_SCHEMATYPEDID><![CDATA[AdvanceDbSchema:172031051140153255177950700245]]></AU_SCHEMATYPEDID>
        <AU_DBCONNECTIONINFO><![CDATA[DatabaseConnectionInfo:172031051140152941823097700006]]></AU_DBCONNECTIONINFO>
        <AU_VERSION><![CDATA[1]]></AU_VERSION>
        <AU_COMMENTS><![CDATA[null]]></AU_COMMENTS>
        <AU_MODIFIEDBY><![CDATA[IndigoUser:11525440749190]]></AU_MODIFIEDBY>
        <AU_USEROWNER><![CDATA[IndigoUser:11525440749190]]></AU_USEROWNER>
        <AU_PERSISTDATAENABLED><![CDATA[0]]></AU_PERSISTDATAENABLED>
        <AU_SYNCHRONIZED><![CDATA[0]]></AU_SYNCHRONIZED>
        <AU_QUERIES><![CDATA[<DB>
<QUERY_REPR>WHERE DATA_PARTNER_ID=$$PartnerID$$ AND QUERY_REQUEST_ID=$$QUERYREQUESTID$$
</QUERY_REPR>
</DB>]]></AU_QUERIES>
        <AU_CREATIONDATE><![CDATA[2018-10-04 05:20:20.0]]></AU_CREATIONDATE>
    </AU_ADVDBSOURCE>
    <AU_ADVDBSOURCE>
        <AU_GROUPOWNER><![CDATA[IndigoGroup:127000000001107055548721600002]]></AU_GROUPOWNER>
        <AU_ACTIVEVERSION><![CDATA[1]]></AU_ACTIVEVERSION>
        <AU_PROJECTOWNER><![CDATA[Project:172031051140153235657616600048]]></AU_PROJECTOWNER>
        <AU_REVISION><![CDATA[null]]></AU_REVISION>
        <AU_PREVIOUSVERSION><![CDATA[null]]></AU_PREVIOUSVERSION>
        <AU_ENTITYNAME><![CDATA[CDMH_ADS_getCodevalue_Diagnosis]]></AU_ENTITYNAME>
        <AU_MODIFIEDDATE><![CDATA[2019-02-07 20:58:29.0]]></AU_MODIFIEDDATE>
        <AU_ID><![CDATA[172031051140153239155907600148]]></AU_ID>
        <AU_USEOPTIMIZEALGORITHM><![CDATA[0]]></AU_USEOPTIMIZEALGORITHM>
        <AU_PERMISSIONMASK><![CDATA[750]]></AU_PERMISSIONMASK>
        <AU_USENOLOCKOPTION><![CDATA[0]]></AU_USENOLOCKOPTION>
        <AU_DESCRIPTION><![CDATA[get codevalues for Diagnosis]]></AU_DESCRIPTION>
        <AU_SCHEMATYPEDID><![CDATA[AdvanceDbSchema:172031051140153239146145500145]]></AU_SCHEMATYPEDID>
        <AU_DBCONNECTIONINFO><![CDATA[DatabaseConnectionInfo:172031051140152941823097700006]]></AU_DBCONNECTIONINFO>
        <AU_VERSION><![CDATA[1]]></AU_VERSION>
        <AU_COMMENTS><![CDATA[null]]></AU_COMMENTS>
        <AU_MODIFIEDBY><![CDATA[IndigoUser:11525440749190]]></AU_MODIFIEDBY>
        <AU_USEROWNER><![CDATA[IndigoUser:11525440749190]]></AU_USEROWNER>
        <AU_PERSISTDATAENABLED><![CDATA[0]]></AU_PERSISTDATAENABLED>
        <AU_SYNCHRONIZED><![CDATA[0]]></AU_SYNCHRONIZED>
        <AU_QUERIES><![CDATA[<DB>
<CODE_VALUE_VW>WHERE VOCABULARY_ID = 1 AND REGEXP_SUBSTR(CODE,&apos;[^.]*&apos;) IN (select REGEXP_SUBSTR(CODE,&apos;[^.]*&apos;) FROM &quot;CDMH_BRIDG_INFORMED&quot;.&quot;CODE_VALUE&quot;  WHERE REPLACE(LOWER(SHORT_NAME),&apos;&apos;&apos;&apos;) LIKE LOWER(&apos;%$$searchValue$$%&apos;) AND VOCABULARY_ID = 1)
</CODE_VALUE_VW>
</DB>]]></AU_QUERIES>
        <AU_CREATIONDATE><![CDATA[2018-07-24 00:19:19.0]]></AU_CREATIONDATE>
    </AU_ADVDBSOURCE>
    <AU_ADVDBSOURCE>
        <AU_GROUPOWNER><![CDATA[IndigoGroup:127000000001107055548721600002]]></AU_GROUPOWNER>
        <AU_ACTIVEVERSION><![CDATA[1]]></AU_ACTIVEVERSION>
        <AU_PROJECTOWNER><![CDATA[Project:172031051140153235657616600048]]></AU_PROJECTOWNER>
        <AU_REVISION><![CDATA[null]]></AU_REVISION>
        <AU_PREVIOUSVERSION><![CDATA[null]]></AU_PREVIOUSVERSION>
        <AU_ENTITYNAME><![CDATA[CDMH_ADS_getCodevalue_Medication]]></AU_ENTITYNAME>
        <AU_MODIFIEDDATE><![CDATA[2018-10-22 03:17:00.0]]></AU_MODIFIEDDATE>
        <AU_ID><![CDATA[172031051140153239179653600151]]></AU_ID>
        <AU_USEOPTIMIZEALGORITHM><![CDATA[0]]></AU_USEOPTIMIZEALGORITHM>
        <AU_PERMISSIONMASK><![CDATA[750]]></AU_PERMISSIONMASK>
        <AU_USENOLOCKOPTION><![CDATA[0]]></AU_USENOLOCKOPTION>
        <AU_DESCRIPTION><![CDATA[get codevalues for Medication]]></AU_DESCRIPTION>
        <AU_SCHEMATYPEDID><![CDATA[AdvanceDbSchema:172031051140153239146145500145]]></AU_SCHEMATYPEDID>
        <AU_DBCONNECTIONINFO><![CDATA[DatabaseConnectionInfo:172031051140152941823097700006]]></AU_DBCONNECTIONINFO>
        <AU_VERSION><![CDATA[1]]></AU_VERSION>
        <AU_COMMENTS><![CDATA[null]]></AU_COMMENTS>
        <AU_MODIFIEDBY><![CDATA[IndigoUser:11525440749190]]></AU_MODIFIEDBY>
        <AU_USEROWNER><![CDATA[IndigoUser:11525440749190]]></AU_USEROWNER>
        <AU_PERSISTDATAENABLED><![CDATA[0]]></AU_PERSISTDATAENABLED>
        <AU_SYNCHRONIZED><![CDATA[0]]></AU_SYNCHRONIZED>
        <AU_QUERIES><![CDATA[<DB>
<CODE_VALUE_VW>WHERE VOCABULARY_ID = 3 AND REGEXP_SUBSTR(CODE,&apos;[^.]*&apos;) IN (select REGEXP_SUBSTR(CODE,&apos;[^.]*&apos;) FROM &quot;CDMH_BRIDG_INFORMED&quot;.&quot;CODE_VALUE&quot;  WHERE REPLACE(LOWER(SHORT_NAME),&apos;&apos;&apos;&apos;) LIKE LOWER(&apos;%$$searchValue$$%&apos;) AND VOCABULARY_ID = 3)
</CODE_VALUE_VW>
</DB>]]></AU_QUERIES>
        <AU_CREATIONDATE><![CDATA[2018-07-24 00:23:16.0]]></AU_CREATIONDATE>
    </AU_ADVDBSOURCE>
    <AU_ADVDBSOURCE>
        <AU_GROUPOWNER><![CDATA[IndigoGroup:127000000001107055548721600002]]></AU_GROUPOWNER>
        <AU_ACTIVEVERSION><![CDATA[1]]></AU_ACTIVEVERSION>
        <AU_PROJECTOWNER><![CDATA[Project:172031051140153235657616600048]]></AU_PROJECTOWNER>
        <AU_REVISION><![CDATA[null]]></AU_REVISION>
        <AU_PREVIOUSVERSION><![CDATA[null]]></AU_PREVIOUSVERSION>
        <AU_ENTITYNAME><![CDATA[CDMH_ADS_ST_PCOR_Demographic]]></AU_ENTITYNAME>
        <AU_MODIFIEDDATE><![CDATA[2018-09-27 19:12:36.0]]></AU_MODIFIEDDATE>
        <AU_ID><![CDATA[172031051140153547301281300450]]></AU_ID>
        <AU_USEOPTIMIZEALGORITHM><![CDATA[0]]></AU_USEOPTIMIZEALGORITHM>
        <AU_PERMISSIONMASK><![CDATA[750]]></AU_PERMISSIONMASK>
        <AU_USENOLOCKOPTION><![CDATA[0]]></AU_USENOLOCKOPTION>
        <AU_DESCRIPTION><![CDATA[CDMH_ADS_ST_PCOR_Demographic]]></AU_DESCRIPTION>
        <AU_SCHEMATYPEDID><![CDATA[AdvanceDbSchema:172031051140153489119949500324]]></AU_SCHEMATYPEDID>
        <AU_DBCONNECTIONINFO><![CDATA[DatabaseConnectionInfo:172031051140152941823097700006]]></AU_DBCONNECTIONINFO>
        <AU_VERSION><![CDATA[1]]></AU_VERSION>
        <AU_COMMENTS><![CDATA[null]]></AU_COMMENTS>
        <AU_MODIFIEDBY><![CDATA[IndigoUser:11525440749190]]></AU_MODIFIEDBY>
        <AU_USEROWNER><![CDATA[IndigoUser:11525440749190]]></AU_USEROWNER>
        <AU_PERSISTDATAENABLED><![CDATA[0]]></AU_PERSISTDATAENABLED>
        <AU_SYNCHRONIZED><![CDATA[0]]></AU_SYNCHRONIZED>
        <AU_QUERIES><![CDATA[null]]></AU_QUERIES>
        <AU_CREATIONDATE><![CDATA[2018-08-28 16:16:52.0]]></AU_CREATIONDATE>
    </AU_ADVDBSOURCE>
    <AU_ADVDBSOURCE>
        <AU_GROUPOWNER><![CDATA[IndigoGroup:127000000001107055548721600002]]></AU_GROUPOWNER>
        <AU_ACTIVEVERSION><![CDATA[1]]></AU_ACTIVEVERSION>
        <AU_PROJECTOWNER><![CDATA[Project:172031051140153235657616600048]]></AU_PROJECTOWNER>
        <AU_REVISION><![CDATA[null]]></AU_REVISION>
        <AU_PREVIOUSVERSION><![CDATA[null]]></AU_PREVIOUSVERSION>
        <AU_ENTITYNAME><![CDATA[CDMH_ADS_CDMH_PATIENT]]></AU_ENTITYNAME>
        <AU_MODIFIEDDATE><![CDATA[2018-09-13 18:25:53.0]]></AU_MODIFIEDDATE>
        <AU_ID><![CDATA[172031051140153550728749300484]]></AU_ID>
        <AU_USEOPTIMIZEALGORITHM><![CDATA[0]]></AU_USEOPTIMIZEALGORITHM>
        <AU_PERMISSIONMASK><![CDATA[750]]></AU_PERMISSIONMASK>
        <AU_USENOLOCKOPTION><![CDATA[0]]></AU_USENOLOCKOPTION>
        <AU_DESCRIPTION><![CDATA[CDMH_ADS_CDMH_PATIENT]]></AU_DESCRIPTION>
        <AU_SCHEMATYPEDID><![CDATA[AdvanceDbSchema:172031051140153496003505000356]]></AU_SCHEMATYPEDID>
        <AU_DBCONNECTIONINFO><![CDATA[DatabaseConnectionInfo:172031051140152941823097700006]]></AU_DBCONNECTIONINFO>
        <AU_VERSION><![CDATA[1]]></AU_VERSION>
        <AU_COMMENTS><![CDATA[null]]></AU_COMMENTS>
        <AU_MODIFIEDBY><![CDATA[IndigoUser:11525440749190]]></AU_MODIFIEDBY>
        <AU_USEROWNER><![CDATA[IndigoUser:11525440749190]]></AU_USEROWNER>
        <AU_PERSISTDATAENABLED><![CDATA[0]]></AU_PERSISTDATAENABLED>
        <AU_SYNCHRONIZED><![CDATA[0]]></AU_SYNCHRONIZED>
        <AU_QUERIES><![CDATA[<DB>
<PATIENT>WHERE QUERY_REQUEST_ID=$$queryId$$
</PATIENT>
</DB>]]></AU_QUERIES>
        <AU_CREATIONDATE><![CDATA[2018-08-29 01:48:07.0]]></AU_CREATIONDATE>
    </AU_ADVDBSOURCE>
    <AU_ADVDBSOURCE>
        <AU_GROUPOWNER><![CDATA[IndigoGroup:127000000001107055548721600002]]></AU_GROUPOWNER>
        <AU_ACTIVEVERSION><![CDATA[1]]></AU_ACTIVEVERSION>
        <AU_PROJECTOWNER><![CDATA[Project:172031051140153235657616600048]]></AU_PROJECTOWNER>
        <AU_REVISION><![CDATA[null]]></AU_REVISION>
        <AU_PREVIOUSVERSION><![CDATA[null]]></AU_PREVIOUSVERSION>
        <AU_ENTITYNAME><![CDATA[CDMH_ADS_ST_PCOR_Prescribing]]></AU_ENTITYNAME>
        <AU_MODIFIEDDATE><![CDATA[2018-10-03 20:24:36.0]]></AU_MODIFIEDDATE>
        <AU_ID><![CDATA[172031051140153859827698700154]]></AU_ID>
        <AU_USEOPTIMIZEALGORITHM><![CDATA[0]]></AU_USEOPTIMIZEALGORITHM>
        <AU_PERMISSIONMASK><![CDATA[750]]></AU_PERMISSIONMASK>
        <AU_USENOLOCKOPTION><![CDATA[0]]></AU_USENOLOCKOPTION>
        <AU_DESCRIPTION><![CDATA[CDMH_ADS_ST_PCOR_Prescribing]]></AU_DESCRIPTION>
        <AU_SCHEMATYPEDID><![CDATA[AdvanceDbSchema:172031051140153489074043200314]]></AU_SCHEMATYPEDID>
        <AU_DBCONNECTIONINFO><![CDATA[DatabaseConnectionInfo:172031051140152941823097700006]]></AU_DBCONNECTIONINFO>
        <AU_VERSION><![CDATA[1]]></AU_VERSION>
        <AU_COMMENTS><![CDATA[null]]></AU_COMMENTS>
        <AU_MODIFIEDBY><![CDATA[IndigoUser:11525440749190]]></AU_MODIFIEDBY>
        <AU_USEROWNER><![CDATA[IndigoUser:11525440749190]]></AU_USEROWNER>
        <AU_PERSISTDATAENABLED><![CDATA[0]]></AU_PERSISTDATAENABLED>
        <AU_SYNCHRONIZED><![CDATA[0]]></AU_SYNCHRONIZED>
        <AU_QUERIES><![CDATA[null]]></AU_QUERIES>
        <AU_CREATIONDATE><![CDATA[2018-10-03 20:24:36.0]]></AU_CREATIONDATE>
    </AU_ADVDBSOURCE>
    <AU_ADVDBSOURCE>
        <AU_GROUPOWNER><![CDATA[IndigoGroup:127000000001107055548721600002]]></AU_GROUPOWNER>
        <AU_ACTIVEVERSION><![CDATA[1]]></AU_ACTIVEVERSION>
        <AU_PROJECTOWNER><![CDATA[Project:172031051140153235657616600048]]></AU_PROJECTOWNER>
        <AU_REVISION><![CDATA[null]]></AU_REVISION>
        <AU_PREVIOUSVERSION><![CDATA[null]]></AU_PREVIOUSVERSION>
        <AU_ENTITYNAME><![CDATA[CDMH_ADS_ST_PCOR_Dispensing]]></AU_ENTITYNAME>
        <AU_MODIFIEDDATE><![CDATA[2018-10-03 20:47:18.0]]></AU_MODIFIEDDATE>
        <AU_ID><![CDATA[172031051140153859963892400156]]></AU_ID>
        <AU_USEOPTIMIZEALGORITHM><![CDATA[0]]></AU_USEOPTIMIZEALGORITHM>
        <AU_PERMISSIONMASK><![CDATA[750]]></AU_PERMISSIONMASK>
        <AU_USENOLOCKOPTION><![CDATA[0]]></AU_USENOLOCKOPTION>
        <AU_DESCRIPTION><![CDATA[CDMH_ADS_ST_PCOR_Dispensing]]></AU_DESCRIPTION>
        <AU_SCHEMATYPEDID><![CDATA[AdvanceDbSchema:172031051140153489133045900326]]></AU_SCHEMATYPEDID>
        <AU_DBCONNECTIONINFO><![CDATA[DatabaseConnectionInfo:172031051140152941823097700006]]></AU_DBCONNECTIONINFO>
        <AU_VERSION><![CDATA[1]]></AU_VERSION>
        <AU_COMMENTS><![CDATA[null]]></AU_COMMENTS>
        <AU_MODIFIEDBY><![CDATA[IndigoUser:11525440749190]]></AU_MODIFIEDBY>
        <AU_USEROWNER><![CDATA[IndigoUser:11525440749190]]></AU_USEROWNER>
        <AU_PERSISTDATAENABLED><![CDATA[0]]></AU_PERSISTDATAENABLED>
        <AU_SYNCHRONIZED><![CDATA[0]]></AU_SYNCHRONIZED>
        <AU_QUERIES><![CDATA[null]]></AU_QUERIES>
        <AU_CREATIONDATE><![CDATA[2018-10-03 20:47:18.0]]></AU_CREATIONDATE>
    </AU_ADVDBSOURCE>
    <AU_ADVDBSOURCE>
        <AU_GROUPOWNER><![CDATA[IndigoGroup:127000000001107055548721600002]]></AU_GROUPOWNER>
        <AU_ACTIVEVERSION><![CDATA[1]]></AU_ACTIVEVERSION>
        <AU_PROJECTOWNER><![CDATA[Project:172031051140153235657616600048]]></AU_PROJECTOWNER>
        <AU_REVISION><![CDATA[null]]></AU_REVISION>
        <AU_PREVIOUSVERSION><![CDATA[null]]></AU_PREVIOUSVERSION>
        <AU_ENTITYNAME><![CDATA[CDMH_ADS_ST_PCOR_Death]]></AU_ENTITYNAME>
        <AU_MODIFIEDDATE><![CDATA[2018-10-03 22:54:53.0]]></AU_MODIFIEDDATE>
        <AU_ID><![CDATA[172031051140153860729350500203]]></AU_ID>
        <AU_USEOPTIMIZEALGORITHM><![CDATA[0]]></AU_USEOPTIMIZEALGORITHM>
        <AU_PERMISSIONMASK><![CDATA[750]]></AU_PERMISSIONMASK>
        <AU_USENOLOCKOPTION><![CDATA[0]]></AU_USENOLOCKOPTION>
        <AU_DESCRIPTION><![CDATA[CDMH_ADS_ST_PCOR_Death]]></AU_DESCRIPTION>
        <AU_SCHEMATYPEDID><![CDATA[AdvanceDbSchema:172031051140153489092427000318]]></AU_SCHEMATYPEDID>
        <AU_DBCONNECTIONINFO><![CDATA[DatabaseConnectionInfo:172031051140152941823097700006]]></AU_DBCONNECTIONINFO>
        <AU_VERSION><![CDATA[1]]></AU_VERSION>
        <AU_COMMENTS><![CDATA[null]]></AU_COMMENTS>
        <AU_MODIFIEDBY><![CDATA[IndigoUser:11525440749190]]></AU_MODIFIEDBY>
        <AU_USEROWNER><![CDATA[IndigoUser:11525440749190]]></AU_USEROWNER>
        <AU_PERSISTDATAENABLED><![CDATA[0]]></AU_PERSISTDATAENABLED>
        <AU_SYNCHRONIZED><![CDATA[0]]></AU_SYNCHRONIZED>
        <AU_QUERIES><![CDATA[null]]></AU_QUERIES>
        <AU_CREATIONDATE><![CDATA[2018-10-03 22:54:53.0]]></AU_CREATIONDATE>
    </AU_ADVDBSOURCE>
    <AU_ADVDBSOURCE>
        <AU_GROUPOWNER><![CDATA[IndigoGroup:127000000001107055548721600002]]></AU_GROUPOWNER>
        <AU_ACTIVEVERSION><![CDATA[1]]></AU_ACTIVEVERSION>
        <AU_PROJECTOWNER><![CDATA[Project:172031051140153235657616600048]]></AU_PROJECTOWNER>
        <AU_REVISION><![CDATA[null]]></AU_REVISION>
        <AU_PREVIOUSVERSION><![CDATA[null]]></AU_PREVIOUSVERSION>
        <AU_ENTITYNAME><![CDATA[CDMH_ADS_ST_PCOR_DeathCause]]></AU_ENTITYNAME>
        <AU_MODIFIEDDATE><![CDATA[2018-10-03 22:55:46.0]]></AU_MODIFIEDDATE>
        <AU_ID><![CDATA[172031051140153860734634700205]]></AU_ID>
        <AU_USEOPTIMIZEALGORITHM><![CDATA[0]]></AU_USEOPTIMIZEALGORITHM>
        <AU_PERMISSIONMASK><![CDATA[750]]></AU_PERMISSIONMASK>
        <AU_USENOLOCKOPTION><![CDATA[0]]></AU_USENOLOCKOPTION>
        <AU_DESCRIPTION><![CDATA[CDMH_ADS_ST_PCOR_DeathCause]]></AU_DESCRIPTION>
        <AU_SCHEMATYPEDID><![CDATA[AdvanceDbSchema:172031051140153489101861200320]]></AU_SCHEMATYPEDID>
        <AU_DBCONNECTIONINFO><![CDATA[DatabaseConnectionInfo:172031051140152941823097700006]]></AU_DBCONNECTIONINFO>
        <AU_VERSION><![CDATA[1]]></AU_VERSION>
        <AU_COMMENTS><![CDATA[null]]></AU_COMMENTS>
        <AU_MODIFIEDBY><![CDATA[IndigoUser:11525440749190]]></AU_MODIFIEDBY>
        <AU_USEROWNER><![CDATA[IndigoUser:11525440749190]]></AU_USEROWNER>
        <AU_PERSISTDATAENABLED><![CDATA[0]]></AU_PERSISTDATAENABLED>
        <AU_SYNCHRONIZED><![CDATA[0]]></AU_SYNCHRONIZED>
        <AU_QUERIES><![CDATA[null]]></AU_QUERIES>
        <AU_CREATIONDATE><![CDATA[2018-10-03 22:55:46.0]]></AU_CREATIONDATE>
    </AU_ADVDBSOURCE>
    <AU_ADVDBSOURCE>
        <AU_GROUPOWNER><![CDATA[IndigoGroup:127000000001107055548721600002]]></AU_GROUPOWNER>
        <AU_ACTIVEVERSION><![CDATA[1]]></AU_ACTIVEVERSION>
        <AU_PROJECTOWNER><![CDATA[Project:172031051140153235657616600048]]></AU_PROJECTOWNER>
        <AU_REVISION><![CDATA[null]]></AU_REVISION>
        <AU_PREVIOUSVERSION><![CDATA[null]]></AU_PREVIOUSVERSION>
        <AU_ENTITYNAME><![CDATA[CDMH_ADS_ST_OMOP_DrugExposure]]></AU_ENTITYNAME>
        <AU_MODIFIEDDATE><![CDATA[2018-12-04 17:17:58.0]]></AU_MODIFIEDDATE>
        <AU_ID><![CDATA[172031051140154394387856200797]]></AU_ID>
        <AU_USEOPTIMIZEALGORITHM><![CDATA[0]]></AU_USEOPTIMIZEALGORITHM>
        <AU_PERMISSIONMASK><![CDATA[750]]></AU_PERMISSIONMASK>
        <AU_USENOLOCKOPTION><![CDATA[0]]></AU_USENOLOCKOPTION>
        <AU_DESCRIPTION><![CDATA[CDMH_ADS_ST_OMOP_DrugExposure]]></AU_DESCRIPTION>
        <AU_SCHEMATYPEDID><![CDATA[AdvanceDbSchema:172031051140154282665933700678]]></AU_SCHEMATYPEDID>
        <AU_DBCONNECTIONINFO><![CDATA[DatabaseConnectionInfo:172031051140152941823097700006]]></AU_DBCONNECTIONINFO>
        <AU_VERSION><![CDATA[1]]></AU_VERSION>
        <AU_COMMENTS><![CDATA[null]]></AU_COMMENTS>
        <AU_MODIFIEDBY><![CDATA[IndigoUser:11525440749190]]></AU_MODIFIEDBY>
        <AU_USEROWNER><![CDATA[IndigoUser:11525440749190]]></AU_USEROWNER>
        <AU_PERSISTDATAENABLED><![CDATA[0]]></AU_PERSISTDATAENABLED>
        <AU_SYNCHRONIZED><![CDATA[0]]></AU_SYNCHRONIZED>
        <AU_QUERIES><![CDATA[null]]></AU_QUERIES>
        <AU_CREATIONDATE><![CDATA[2018-12-04 17:17:58.0]]></AU_CREATIONDATE>
    </AU_ADVDBSOURCE>
    <AU_ADVDBSOURCE>
        <AU_GROUPOWNER><![CDATA[IndigoGroup:127000000001107055548721600002]]></AU_GROUPOWNER>
        <AU_ACTIVEVERSION><![CDATA[1]]></AU_ACTIVEVERSION>
        <AU_PROJECTOWNER><![CDATA[Project:172031051140153235657616600048]]></AU_PROJECTOWNER>
        <AU_REVISION><![CDATA[null]]></AU_REVISION>
        <AU_PREVIOUSVERSION><![CDATA[null]]></AU_PREVIOUSVERSION>
        <AU_ENTITYNAME><![CDATA[CDMH_ADS_ST_OMOP_Provider]]></AU_ENTITYNAME>
        <AU_MODIFIEDDATE><![CDATA[2018-12-04 17:18:53.0]]></AU_MODIFIEDDATE>
        <AU_ID><![CDATA[172031051140154394393312200799]]></AU_ID>
        <AU_USEOPTIMIZEALGORITHM><![CDATA[0]]></AU_USEOPTIMIZEALGORITHM>
        <AU_PERMISSIONMASK><![CDATA[750]]></AU_PERMISSIONMASK>
        <AU_USENOLOCKOPTION><![CDATA[0]]></AU_USENOLOCKOPTION>
        <AU_DESCRIPTION><![CDATA[CDMH_ADS_ST_OMOP_Provider]]></AU_DESCRIPTION>
        <AU_SCHEMATYPEDID><![CDATA[AdvanceDbSchema:172031051140154387319315300782]]></AU_SCHEMATYPEDID>
        <AU_DBCONNECTIONINFO><![CDATA[DatabaseConnectionInfo:172031051140152941823097700006]]></AU_DBCONNECTIONINFO>
        <AU_VERSION><![CDATA[1]]></AU_VERSION>
        <AU_COMMENTS><![CDATA[null]]></AU_COMMENTS>
        <AU_MODIFIEDBY><![CDATA[IndigoUser:11525440749190]]></AU_MODIFIEDBY>
        <AU_USEROWNER><![CDATA[IndigoUser:11525440749190]]></AU_USEROWNER>
        <AU_PERSISTDATAENABLED><![CDATA[0]]></AU_PERSISTDATAENABLED>
        <AU_SYNCHRONIZED><![CDATA[0]]></AU_SYNCHRONIZED>
        <AU_QUERIES><![CDATA[null]]></AU_QUERIES>
        <AU_CREATIONDATE><![CDATA[2018-12-04 17:18:53.0]]></AU_CREATIONDATE>
    </AU_ADVDBSOURCE>
    <AU_ADVDBSOURCE>
        <AU_GROUPOWNER><![CDATA[IndigoGroup:127000000001107055548721600002]]></AU_GROUPOWNER>
        <AU_ACTIVEVERSION><![CDATA[1]]></AU_ACTIVEVERSION>
        <AU_PROJECTOWNER><![CDATA[Project:172031051140153235657616600048]]></AU_PROJECTOWNER>
        <AU_REVISION><![CDATA[null]]></AU_REVISION>
        <AU_PREVIOUSVERSION><![CDATA[null]]></AU_PREVIOUSVERSION>
        <AU_ENTITYNAME><![CDATA[CDMH_ADS_ST_OMOP_VisitOccurrence]]></AU_ENTITYNAME>
        <AU_MODIFIEDDATE><![CDATA[2018-12-04 17:19:39.0]]></AU_MODIFIEDDATE>
        <AU_ID><![CDATA[172031051140154394397919900801]]></AU_ID>
        <AU_USEOPTIMIZEALGORITHM><![CDATA[0]]></AU_USEOPTIMIZEALGORITHM>
        <AU_PERMISSIONMASK><![CDATA[750]]></AU_PERMISSIONMASK>
        <AU_USENOLOCKOPTION><![CDATA[0]]></AU_USENOLOCKOPTION>
        <AU_DESCRIPTION><![CDATA[CDMH_ADS_ST_OMOP_VisitOccurrence]]></AU_DESCRIPTION>
        <AU_SCHEMATYPEDID><![CDATA[AdvanceDbSchema:172031051140154282649978000674]]></AU_SCHEMATYPEDID>
        <AU_DBCONNECTIONINFO><![CDATA[DatabaseConnectionInfo:172031051140152941823097700006]]></AU_DBCONNECTIONINFO>
        <AU_VERSION><![CDATA[1]]></AU_VERSION>
        <AU_COMMENTS><![CDATA[null]]></AU_COMMENTS>
        <AU_MODIFIEDBY><![CDATA[IndigoUser:11525440749190]]></AU_MODIFIEDBY>
        <AU_USEROWNER><![CDATA[IndigoUser:11525440749190]]></AU_USEROWNER>
        <AU_PERSISTDATAENABLED><![CDATA[0]]></AU_PERSISTDATAENABLED>
        <AU_SYNCHRONIZED><![CDATA[0]]></AU_SYNCHRONIZED>
        <AU_QUERIES><![CDATA[null]]></AU_QUERIES>
        <AU_CREATIONDATE><![CDATA[2018-12-04 17:19:39.0]]></AU_CREATIONDATE>
    </AU_ADVDBSOURCE>
    
    <columnInfo dbtype="2">
        <column name="AU_ID" type="12" />
        <column name="AU_VERSION" type="12" />
        <column name="AU_PREVIOUSVERSION" type="12" />
        <column name="AU_ACTIVEVERSION" type="2" />
        <column name="AU_ENTITYNAME" type="12" />
        <column name="AU_USEROWNER" type="12" />
        <column name="AU_GROUPOWNER" type="12" />
        <column name="AU_PERMISSIONMASK" type="12" />
        <column name="AU_DESCRIPTION" type="12" />
        <column name="AU_COMMENTS" type="12" />
        <column name="AU_MODIFIEDBY" type="12" />
        <column name="AU_CREATIONDATE" type="93" />
        <column name="AU_MODIFIEDDATE" type="93" />
        <column name="AU_REVISION" type="12" />
        <column name="AU_SYNCHRONIZED" type="2" />
        <column name="AU_PROJECTOWNER" type="12" />
        <column name="AU_PERSISTDATAENABLED" type="2" />
        <column name="AU_SCHEMATYPEDID" type="12" />
        <column name="AU_QUERIES" type="12" />
        <column name="AU_DBCONNECTIONINFO" type="12" />
        <column name="AU_USEOPTIMIZEALGORITHM" type="2" />
        <column name="AU_USENOLOCKOPTION" type="2" />
    </columnInfo>
</data>
