<?xml version="1.0" encoding="UTF-8"?>
<data>
    <AU_ADVDBTarget>
        <AU_SYNCHRONIZED><![CDATA[0]]></AU_SYNCHRONIZED>
        <AU_DESCRIPTION><![CDATA[Aggregate CDMH table]]></AU_DESCRIPTION>
        <AU_DBCONNECTIONINFO><![CDATA[DatabaseConnectionInfo:172031051140152941823097700006]]></AU_DBCONNECTIONINFO>
        <AU_MODIFIEDDATE><![CDATA[2018-07-26 22:40:48.0]]></AU_MODIFIEDDATE>
        <AU_PERSISTDATAENABLED><![CDATA[0]]></AU_PERSISTDATAENABLED>
        <AU_SCHEMATYPEDID><![CDATA[AdvanceDbSchema:172031051140153238356104200106]]></AU_SCHEMATYPEDID>
        <AU_ENTITYNAME><![CDATA[CDMH_ADT_CDMHAggregateResults]]></AU_ENTITYNAME>
        <AU_REVISION><![CDATA[null]]></AU_REVISION>
        <AU_PROJECTOWNER><![CDATA[Project:172031051140153235657616600048]]></AU_PROJECTOWNER>
        <AU_CREATIONDATE><![CDATA[2018-07-26 22:40:48.0]]></AU_CREATIONDATE>
        <AU_ID><![CDATA[172031051140153264484859200268]]></AU_ID>
        <AU_COMMENTS><![CDATA[null]]></AU_COMMENTS>
        <AU_PREVIOUSVERSION><![CDATA[null]]></AU_PREVIOUSVERSION>
        <AU_USEROWNER><![CDATA[IndigoUser:11525440749190]]></AU_USEROWNER>
        <AU_ACTIVEVERSION><![CDATA[1]]></AU_ACTIVEVERSION>
        <AU_PERMISSIONMASK><![CDATA[750]]></AU_PERMISSIONMASK>
        <AU_MODIFIEDBY><![CDATA[IndigoUser:11525440749190]]></AU_MODIFIEDBY>
        <AU_VERSION><![CDATA[1]]></AU_VERSION>
        <AU_GROUPOWNER><![CDATA[IndigoGroup:127000000001107055548721600002]]></AU_GROUPOWNER>
        <AU_DBOPERATION><![CDATA[Update/Insert]]></AU_DBOPERATION>
    </AU_ADVDBTarget>
    <AU_ADVDBTarget>
        <AU_SYNCHRONIZED><![CDATA[0]]></AU_SYNCHRONIZED>
        <AU_DESCRIPTION><![CDATA[CDMH_ADT_CDMH_PROVIDER]]></AU_DESCRIPTION>
        <AU_DBCONNECTIONINFO><![CDATA[DatabaseConnectionInfo:172031051140152941823097700006]]></AU_DBCONNECTIONINFO>
        <AU_MODIFIEDDATE><![CDATA[2018-10-02 22:19:58.0]]></AU_MODIFIEDDATE>
        <AU_PERSISTDATAENABLED><![CDATA[0]]></AU_PERSISTDATAENABLED>
        <AU_SCHEMATYPEDID><![CDATA[AdvanceDbSchema:172031051140153504320828000413]]></AU_SCHEMATYPEDID>
        <AU_ENTITYNAME><![CDATA[CDMH_ADT_CDMH_PROVIDER]]></AU_ENTITYNAME>
        <AU_REVISION><![CDATA[null]]></AU_REVISION>
        <AU_PROJECTOWNER><![CDATA[Project:172031051140153235657616600048]]></AU_PROJECTOWNER>
        <AU_CREATIONDATE><![CDATA[2018-10-02 22:19:58.0]]></AU_CREATIONDATE>
        <AU_ID><![CDATA[172031051140153851879812400034]]></AU_ID>
        <AU_COMMENTS><![CDATA[null]]></AU_COMMENTS>
        <AU_PREVIOUSVERSION><![CDATA[null]]></AU_PREVIOUSVERSION>
        <AU_USEROWNER><![CDATA[IndigoUser:11525440749190]]></AU_USEROWNER>
        <AU_ACTIVEVERSION><![CDATA[1]]></AU_ACTIVEVERSION>
        <AU_PERMISSIONMASK><![CDATA[750]]></AU_PERMISSIONMASK>
        <AU_MODIFIEDBY><![CDATA[IndigoUser:11525440749190]]></AU_MODIFIEDBY>
        <AU_VERSION><![CDATA[1]]></AU_VERSION>
        <AU_GROUPOWNER><![CDATA[IndigoGroup:127000000001107055548721600002]]></AU_GROUPOWNER>
        <AU_DBOPERATION><![CDATA[Update/Insert]]></AU_DBOPERATION>
    </AU_ADVDBTarget>
    <AU_ADVDBTarget>
        <AU_SYNCHRONIZED><![CDATA[0]]></AU_SYNCHRONIZED>
        <AU_DESCRIPTION><![CDATA[CDMH_ADT_CDMH_PLACE]]></AU_DESCRIPTION>
        <AU_DBCONNECTIONINFO><![CDATA[DatabaseConnectionInfo:172031051140152941823097700006]]></AU_DBCONNECTIONINFO>
        <AU_MODIFIEDDATE><![CDATA[2018-10-03 04:18:18.0]]></AU_MODIFIEDDATE>
        <AU_PERSISTDATAENABLED><![CDATA[0]]></AU_PERSISTDATAENABLED>
        <AU_SCHEMATYPEDID><![CDATA[AdvanceDbSchema:172031051140153668323526200593]]></AU_SCHEMATYPEDID>
        <AU_ENTITYNAME><![CDATA[CDMH_ADT_CDMH_PLACE]]></AU_ENTITYNAME>
        <AU_REVISION><![CDATA[null]]></AU_REVISION>
        <AU_PROJECTOWNER><![CDATA[Project:172031051140153235657616600048]]></AU_PROJECTOWNER>
        <AU_CREATIONDATE><![CDATA[2018-10-02 22:40:29.0]]></AU_CREATIONDATE>
        <AU_ID><![CDATA[172031051140153852002980000042]]></AU_ID>
        <AU_COMMENTS><![CDATA[null]]></AU_COMMENTS>
        <AU_PREVIOUSVERSION><![CDATA[null]]></AU_PREVIOUSVERSION>
        <AU_USEROWNER><![CDATA[IndigoUser:11525440749190]]></AU_USEROWNER>
        <AU_ACTIVEVERSION><![CDATA[1]]></AU_ACTIVEVERSION>
        <AU_PERMISSIONMASK><![CDATA[750]]></AU_PERMISSIONMASK>
        <AU_MODIFIEDBY><![CDATA[IndigoUser:11525440749190]]></AU_MODIFIEDBY>
        <AU_VERSION><![CDATA[1]]></AU_VERSION>
        <AU_GROUPOWNER><![CDATA[IndigoGroup:127000000001107055548721600002]]></AU_GROUPOWNER>
        <AU_DBOPERATION><![CDATA[Update/Insert]]></AU_DBOPERATION>
    </AU_ADVDBTarget>
    <AU_ADVDBTarget>
        <AU_SYNCHRONIZED><![CDATA[0]]></AU_SYNCHRONIZED>
        <AU_DESCRIPTION><![CDATA[CDMH_ADT_CDMH_DIAGNOSIS]]></AU_DESCRIPTION>
        <AU_DBCONNECTIONINFO><![CDATA[DatabaseConnectionInfo:172031051140152941823097700006]]></AU_DBCONNECTIONINFO>
        <AU_MODIFIEDDATE><![CDATA[2018-10-03 18:07:40.0]]></AU_MODIFIEDDATE>
        <AU_PERSISTDATAENABLED><![CDATA[0]]></AU_PERSISTDATAENABLED>
        <AU_SCHEMATYPEDID><![CDATA[AdvanceDbSchema:172031051140153504259264500410]]></AU_SCHEMATYPEDID>
        <AU_ENTITYNAME><![CDATA[CDMH_ADT_CDMH_DIAGNOSIS]]></AU_ENTITYNAME>
        <AU_REVISION><![CDATA[null]]></AU_REVISION>
        <AU_PROJECTOWNER><![CDATA[Project:172031051140153235657616600048]]></AU_PROJECTOWNER>
        <AU_CREATIONDATE><![CDATA[2018-10-03 18:07:40.0]]></AU_CREATIONDATE>
        <AU_ID><![CDATA[172031051140153859006044100134]]></AU_ID>
        <AU_COMMENTS><![CDATA[null]]></AU_COMMENTS>
        <AU_PREVIOUSVERSION><![CDATA[null]]></AU_PREVIOUSVERSION>
        <AU_USEROWNER><![CDATA[IndigoUser:11525440749190]]></AU_USEROWNER>
        <AU_ACTIVEVERSION><![CDATA[1]]></AU_ACTIVEVERSION>
        <AU_PERMISSIONMASK><![CDATA[750]]></AU_PERMISSIONMASK>
        <AU_MODIFIEDBY><![CDATA[IndigoUser:11525440749190]]></AU_MODIFIEDBY>
        <AU_VERSION><![CDATA[1]]></AU_VERSION>
        <AU_GROUPOWNER><![CDATA[IndigoGroup:127000000001107055548721600002]]></AU_GROUPOWNER>
        <AU_DBOPERATION><![CDATA[Update/Insert]]></AU_DBOPERATION>
    </AU_ADVDBTarget>
    <AU_ADVDBTarget>
        <AU_SYNCHRONIZED><![CDATA[0]]></AU_SYNCHRONIZED>
        <AU_DESCRIPTION><![CDATA[CDMH_ADT_CDMH_CONDITION]]></AU_DESCRIPTION>
        <AU_DBCONNECTIONINFO><![CDATA[DatabaseConnectionInfo:172031051140152941823097700006]]></AU_DBCONNECTIONINFO>
        <AU_MODIFIEDDATE><![CDATA[2018-10-03 18:08:11.0]]></AU_MODIFIEDDATE>
        <AU_PERSISTDATAENABLED><![CDATA[0]]></AU_PERSISTDATAENABLED>
        <AU_SCHEMATYPEDID><![CDATA[AdvanceDbSchema:172031051140153503995742500406]]></AU_SCHEMATYPEDID>
        <AU_ENTITYNAME><![CDATA[CDMH_ADT_CDMH_CONDITION]]></AU_ENTITYNAME>
        <AU_REVISION><![CDATA[null]]></AU_REVISION>
        <AU_PROJECTOWNER><![CDATA[Project:172031051140153235657616600048]]></AU_PROJECTOWNER>
        <AU_CREATIONDATE><![CDATA[2018-10-03 18:08:11.0]]></AU_CREATIONDATE>
        <AU_ID><![CDATA[172031051140153859009153400136]]></AU_ID>
        <AU_COMMENTS><![CDATA[null]]></AU_COMMENTS>
        <AU_PREVIOUSVERSION><![CDATA[null]]></AU_PREVIOUSVERSION>
        <AU_USEROWNER><![CDATA[IndigoUser:11525440749190]]></AU_USEROWNER>
        <AU_ACTIVEVERSION><![CDATA[1]]></AU_ACTIVEVERSION>
        <AU_PERMISSIONMASK><![CDATA[750]]></AU_PERMISSIONMASK>
        <AU_MODIFIEDBY><![CDATA[IndigoUser:11525440749190]]></AU_MODIFIEDBY>
        <AU_VERSION><![CDATA[1]]></AU_VERSION>
        <AU_GROUPOWNER><![CDATA[IndigoGroup:127000000001107055548721600002]]></AU_GROUPOWNER>
        <AU_DBOPERATION><![CDATA[Update/Insert]]></AU_DBOPERATION>
    </AU_ADVDBTarget>
    <AU_ADVDBTarget>
        <AU_SYNCHRONIZED><![CDATA[0]]></AU_SYNCHRONIZED>
        <AU_DESCRIPTION><![CDATA[CDMH_ADT_CDMH_PRESCRIPTION]]></AU_DESCRIPTION>
        <AU_DBCONNECTIONINFO><![CDATA[DatabaseConnectionInfo:172031051140152941823097700006]]></AU_DBCONNECTIONINFO>
        <AU_MODIFIEDDATE><![CDATA[2018-10-03 18:08:45.0]]></AU_MODIFIEDDATE>
        <AU_PERSISTDATAENABLED><![CDATA[0]]></AU_PERSISTDATAENABLED>
        <AU_SCHEMATYPEDID><![CDATA[AdvanceDbSchema:172031051140153539940614000436]]></AU_SCHEMATYPEDID>
        <AU_ENTITYNAME><![CDATA[CDMH_ADT_CDMH_PRESCRIPTION]]></AU_ENTITYNAME>
        <AU_REVISION><![CDATA[null]]></AU_REVISION>
        <AU_PROJECTOWNER><![CDATA[Project:172031051140153235657616600048]]></AU_PROJECTOWNER>
        <AU_CREATIONDATE><![CDATA[2018-10-03 18:08:45.0]]></AU_CREATIONDATE>
        <AU_ID><![CDATA[172031051140153859012578300138]]></AU_ID>
        <AU_COMMENTS><![CDATA[null]]></AU_COMMENTS>
        <AU_PREVIOUSVERSION><![CDATA[null]]></AU_PREVIOUSVERSION>
        <AU_USEROWNER><![CDATA[IndigoUser:11525440749190]]></AU_USEROWNER>
        <AU_ACTIVEVERSION><![CDATA[1]]></AU_ACTIVEVERSION>
        <AU_PERMISSIONMASK><![CDATA[750]]></AU_PERMISSIONMASK>
        <AU_MODIFIEDBY><![CDATA[IndigoUser:11525440749190]]></AU_MODIFIEDBY>
        <AU_VERSION><![CDATA[1]]></AU_VERSION>
        <AU_GROUPOWNER><![CDATA[IndigoGroup:127000000001107055548721600002]]></AU_GROUPOWNER>
        <AU_DBOPERATION><![CDATA[Update/Insert]]></AU_DBOPERATION>
    </AU_ADVDBTarget>
    <AU_ADVDBTarget>
        <AU_SYNCHRONIZED><![CDATA[0]]></AU_SYNCHRONIZED>
        <AU_DESCRIPTION><![CDATA[CDMH_ADT_CDMH_DEATH_INFO]]></AU_DESCRIPTION>
        <AU_DBCONNECTIONINFO><![CDATA[DatabaseConnectionInfo:172031051140152941823097700006]]></AU_DBCONNECTIONINFO>
        <AU_MODIFIEDDATE><![CDATA[2018-10-03 18:09:25.0]]></AU_MODIFIEDDATE>
        <AU_PERSISTDATAENABLED><![CDATA[0]]></AU_PERSISTDATAENABLED>
        <AU_SCHEMATYPEDID><![CDATA[AdvanceDbSchema:172031051140153497294239600400]]></AU_SCHEMATYPEDID>
        <AU_ENTITYNAME><![CDATA[CDMH_ADT_CDMH_DEATH_INFO]]></AU_ENTITYNAME>
        <AU_REVISION><![CDATA[null]]></AU_REVISION>
        <AU_PROJECTOWNER><![CDATA[Project:172031051140153235657616600048]]></AU_PROJECTOWNER>
        <AU_CREATIONDATE><![CDATA[2018-10-03 18:09:25.0]]></AU_CREATIONDATE>
        <AU_ID><![CDATA[172031051140153859016592200140]]></AU_ID>
        <AU_COMMENTS><![CDATA[null]]></AU_COMMENTS>
        <AU_PREVIOUSVERSION><![CDATA[null]]></AU_PREVIOUSVERSION>
        <AU_USEROWNER><![CDATA[IndigoUser:11525440749190]]></AU_USEROWNER>
        <AU_ACTIVEVERSION><![CDATA[1]]></AU_ACTIVEVERSION>
        <AU_PERMISSIONMASK><![CDATA[750]]></AU_PERMISSIONMASK>
        <AU_MODIFIEDBY><![CDATA[IndigoUser:11525440749190]]></AU_MODIFIEDBY>
        <AU_VERSION><![CDATA[1]]></AU_VERSION>
        <AU_GROUPOWNER><![CDATA[IndigoGroup:127000000001107055548721600002]]></AU_GROUPOWNER>
        <AU_DBOPERATION><![CDATA[Update/Insert]]></AU_DBOPERATION>
    </AU_ADVDBTarget>
    <AU_ADVDBTarget>
        <AU_SYNCHRONIZED><![CDATA[0]]></AU_SYNCHRONIZED>
        <AU_DESCRIPTION><![CDATA[CDMH_ADT_CDMH_DEATH_CAUSE]]></AU_DESCRIPTION>
        <AU_DBCONNECTIONINFO><![CDATA[DatabaseConnectionInfo:172031051140152941823097700006]]></AU_DBCONNECTIONINFO>
        <AU_MODIFIEDDATE><![CDATA[2018-10-03 18:11:15.0]]></AU_MODIFIEDDATE>
        <AU_PERSISTDATAENABLED><![CDATA[0]]></AU_PERSISTDATAENABLED>
        <AU_SCHEMATYPEDID><![CDATA[AdvanceDbSchema:172031051140153497595399400403]]></AU_SCHEMATYPEDID>
        <AU_ENTITYNAME><![CDATA[CDMH_ADT_CDMH_DEATH_CAUSE]]></AU_ENTITYNAME>
        <AU_REVISION><![CDATA[null]]></AU_REVISION>
        <AU_PROJECTOWNER><![CDATA[Project:172031051140153235657616600048]]></AU_PROJECTOWNER>
        <AU_CREATIONDATE><![CDATA[2018-10-03 18:11:15.0]]></AU_CREATIONDATE>
        <AU_ID><![CDATA[172031051140153859027590200142]]></AU_ID>
        <AU_COMMENTS><![CDATA[null]]></AU_COMMENTS>
        <AU_PREVIOUSVERSION><![CDATA[null]]></AU_PREVIOUSVERSION>
        <AU_USEROWNER><![CDATA[IndigoUser:11525440749190]]></AU_USEROWNER>
        <AU_ACTIVEVERSION><![CDATA[1]]></AU_ACTIVEVERSION>
        <AU_PERMISSIONMASK><![CDATA[750]]></AU_PERMISSIONMASK>
        <AU_MODIFIEDBY><![CDATA[IndigoUser:11525440749190]]></AU_MODIFIEDBY>
        <AU_VERSION><![CDATA[1]]></AU_VERSION>
        <AU_GROUPOWNER><![CDATA[IndigoGroup:127000000001107055548721600002]]></AU_GROUPOWNER>
        <AU_DBOPERATION><![CDATA[Update/Insert]]></AU_DBOPERATION>
    </AU_ADVDBTarget>
    <AU_ADVDBTarget>
        <AU_SYNCHRONIZED><![CDATA[0]]></AU_SYNCHRONIZED>
        <AU_DESCRIPTION><![CDATA[CDMH_ADT_CDMH_DISPENSE]]></AU_DESCRIPTION>
        <AU_DBCONNECTIONINFO><![CDATA[DatabaseConnectionInfo:172031051140152941823097700006]]></AU_DBCONNECTIONINFO>
        <AU_MODIFIEDDATE><![CDATA[2018-10-03 18:12:00.0]]></AU_MODIFIEDDATE>
        <AU_PERSISTDATAENABLED><![CDATA[0]]></AU_PERSISTDATAENABLED>
        <AU_SCHEMATYPEDID><![CDATA[AdvanceDbSchema:172031051140153564033705200548]]></AU_SCHEMATYPEDID>
        <AU_ENTITYNAME><![CDATA[CDMH_ADT_CDMH_DISPENSE]]></AU_ENTITYNAME>
        <AU_REVISION><![CDATA[null]]></AU_REVISION>
        <AU_PROJECTOWNER><![CDATA[Project:172031051140153235657616600048]]></AU_PROJECTOWNER>
        <AU_CREATIONDATE><![CDATA[2018-10-03 18:12:00.0]]></AU_CREATIONDATE>
        <AU_ID><![CDATA[172031051140153859032040100144]]></AU_ID>
        <AU_COMMENTS><![CDATA[null]]></AU_COMMENTS>
        <AU_PREVIOUSVERSION><![CDATA[null]]></AU_PREVIOUSVERSION>
        <AU_USEROWNER><![CDATA[IndigoUser:11525440749190]]></AU_USEROWNER>
        <AU_ACTIVEVERSION><![CDATA[1]]></AU_ACTIVEVERSION>
        <AU_PERMISSIONMASK><![CDATA[750]]></AU_PERMISSIONMASK>
        <AU_MODIFIEDBY><![CDATA[IndigoUser:11525440749190]]></AU_MODIFIEDBY>
        <AU_VERSION><![CDATA[1]]></AU_VERSION>
        <AU_GROUPOWNER><![CDATA[IndigoGroup:127000000001107055548721600002]]></AU_GROUPOWNER>
        <AU_DBOPERATION><![CDATA[Update/Insert]]></AU_DBOPERATION>
    </AU_ADVDBTarget>
    <AU_ADVDBTarget>
        <AU_SYNCHRONIZED><![CDATA[0]]></AU_SYNCHRONIZED>
        <AU_DESCRIPTION><![CDATA[CDMH_ADT_CDMH_DRUG_ADMIN]]></AU_DESCRIPTION>
        <AU_DBCONNECTIONINFO><![CDATA[DatabaseConnectionInfo:172031051140152941823097700006]]></AU_DBCONNECTIONINFO>
        <AU_MODIFIEDDATE><![CDATA[2018-10-03 21:34:51.0]]></AU_MODIFIEDDATE>
        <AU_PERSISTDATAENABLED><![CDATA[0]]></AU_PERSISTDATAENABLED>
        <AU_SCHEMATYPEDID><![CDATA[AdvanceDbSchema:172031051140153556788787400513]]></AU_SCHEMATYPEDID>
        <AU_ENTITYNAME><![CDATA[CDMH_ADT_CDMH_DRUG_ADMIN]]></AU_ENTITYNAME>
        <AU_REVISION><![CDATA[null]]></AU_REVISION>
        <AU_PROJECTOWNER><![CDATA[Project:172031051140153235657616600048]]></AU_PROJECTOWNER>
        <AU_CREATIONDATE><![CDATA[2018-10-03 21:34:51.0]]></AU_CREATIONDATE>
        <AU_ID><![CDATA[172031051140153860249160800162]]></AU_ID>
        <AU_COMMENTS><![CDATA[null]]></AU_COMMENTS>
        <AU_PREVIOUSVERSION><![CDATA[null]]></AU_PREVIOUSVERSION>
        <AU_USEROWNER><![CDATA[IndigoUser:11525440749190]]></AU_USEROWNER>
        <AU_ACTIVEVERSION><![CDATA[1]]></AU_ACTIVEVERSION>
        <AU_PERMISSIONMASK><![CDATA[750]]></AU_PERMISSIONMASK>
        <AU_MODIFIEDBY><![CDATA[IndigoUser:11525440749190]]></AU_MODIFIEDBY>
        <AU_VERSION><![CDATA[1]]></AU_VERSION>
        <AU_GROUPOWNER><![CDATA[IndigoGroup:127000000001107055548721600002]]></AU_GROUPOWNER>
        <AU_DBOPERATION><![CDATA[Update/Insert]]></AU_DBOPERATION>
    </AU_ADVDBTarget>
    
    
    <AU_ADVDBTarget>
        <AU_SYNCHRONIZED><![CDATA[0]]></AU_SYNCHRONIZED>
        <AU_DESCRIPTION><![CDATA[target to insert to SelectCriteriaValue and update status in QueryRequest]]></AU_DESCRIPTION>
        <AU_DBCONNECTIONINFO><![CDATA[DatabaseConnectionInfo:172031051140152941823097700006]]></AU_DBCONNECTIONINFO>
        <AU_MODIFIEDDATE><![CDATA[2018-07-24 23:34:20.0]]></AU_MODIFIEDDATE>
        <AU_PERSISTDATAENABLED><![CDATA[0]]></AU_PERSISTDATAENABLED>
        <AU_SCHEMATYPEDID><![CDATA[AdvanceDbSchema:172031051140153244651610700172]]></AU_SCHEMATYPEDID>
        <AU_ENTITYNAME><![CDATA[CDMH_ADT_QueryRequestSelectCriteriaValue]]></AU_ENTITYNAME>
        <AU_REVISION><![CDATA[null]]></AU_REVISION>
        <AU_PROJECTOWNER><![CDATA[Project:172031051140153235657616600048]]></AU_PROJECTOWNER>
        <AU_CREATIONDATE><![CDATA[2018-07-24 23:34:20.0]]></AU_CREATIONDATE>
        <AU_ID><![CDATA[172031051140153247526017300228]]></AU_ID>
        <AU_COMMENTS><![CDATA[null]]></AU_COMMENTS>
        <AU_PREVIOUSVERSION><![CDATA[null]]></AU_PREVIOUSVERSION>
        <AU_USEROWNER><![CDATA[IndigoUser:11525440749190]]></AU_USEROWNER>
        <AU_ACTIVEVERSION><![CDATA[1]]></AU_ACTIVEVERSION>
        <AU_PERMISSIONMASK><![CDATA[750]]></AU_PERMISSIONMASK>
        <AU_MODIFIEDBY><![CDATA[IndigoUser:11525440749190]]></AU_MODIFIEDBY>
        <AU_VERSION><![CDATA[1]]></AU_VERSION>
        <AU_GROUPOWNER><![CDATA[IndigoGroup:127000000001107055548721600002]]></AU_GROUPOWNER>
        <AU_DBOPERATION><![CDATA[Update/Insert]]></AU_DBOPERATION>
    </AU_ADVDBTarget>
    <AU_ADVDBTarget>
        <AU_SYNCHRONIZED><![CDATA[0]]></AU_SYNCHRONIZED>
        <AU_DESCRIPTION><![CDATA[insert to querytranslate and updates queryrequest]]></AU_DESCRIPTION>
        <AU_DBCONNECTIONINFO><![CDATA[DatabaseConnectionInfo:172031051140152941823097700006]]></AU_DBCONNECTIONINFO>
        <AU_MODIFIEDDATE><![CDATA[2018-09-26 22:47:41.0]]></AU_MODIFIEDDATE>
        <AU_PERSISTDATAENABLED><![CDATA[0]]></AU_PERSISTDATAENABLED>
        <AU_SCHEMATYPEDID><![CDATA[AdvanceDbSchema:172031051140153244583838000167]]></AU_SCHEMATYPEDID>
        <AU_ENTITYNAME><![CDATA[CDMH_ADT_CDMHQueryTranslate_CDMHQueryRequest]]></AU_ENTITYNAME>
        <AU_REVISION><![CDATA[null]]></AU_REVISION>
        <AU_PROJECTOWNER><![CDATA[Project:172031051140153235657616600048]]></AU_PROJECTOWNER>
        <AU_CREATIONDATE><![CDATA[2018-07-25 00:06:07.0]]></AU_CREATIONDATE>
        <AU_ID><![CDATA[172031051140153247716755700233]]></AU_ID>
        <AU_COMMENTS><![CDATA[null]]></AU_COMMENTS>
        <AU_PREVIOUSVERSION><![CDATA[null]]></AU_PREVIOUSVERSION>
        <AU_USEROWNER><![CDATA[IndigoUser:11525440749190]]></AU_USEROWNER>
        <AU_ACTIVEVERSION><![CDATA[1]]></AU_ACTIVEVERSION>
        <AU_PERMISSIONMASK><![CDATA[750]]></AU_PERMISSIONMASK>
        <AU_MODIFIEDBY><![CDATA[IndigoUser:11525440749190]]></AU_MODIFIEDBY>
        <AU_VERSION><![CDATA[1]]></AU_VERSION>
        <AU_GROUPOWNER><![CDATA[IndigoGroup:127000000001107055548721600002]]></AU_GROUPOWNER>
        <AU_DBOPERATION><![CDATA[Update/Insert]]></AU_DBOPERATION>
    </AU_ADVDBTarget>
    <AU_ADVDBTarget>
        <AU_SYNCHRONIZED><![CDATA[0]]></AU_SYNCHRONIZED>
        <AU_DESCRIPTION><![CDATA[insert or update QueryTranslate]]></AU_DESCRIPTION>
        <AU_DBCONNECTIONINFO><![CDATA[DatabaseConnectionInfo:172031051140152941823097700006]]></AU_DBCONNECTIONINFO>
        <AU_MODIFIEDDATE><![CDATA[2018-09-28 20:33:20.0]]></AU_MODIFIEDDATE>
        <AU_PERSISTDATAENABLED><![CDATA[0]]></AU_PERSISTDATAENABLED>
        <AU_SCHEMATYPEDID><![CDATA[AdvanceDbSchema:172031051140153255177950700245]]></AU_SCHEMATYPEDID>
        <AU_ENTITYNAME><![CDATA[CDMH_ADT_CDMHQueryTranslate]]></AU_ENTITYNAME>
        <AU_REVISION><![CDATA[null]]></AU_REVISION>
        <AU_PROJECTOWNER><![CDATA[Project:172031051140153235657616600048]]></AU_PROJECTOWNER>
        <AU_CREATIONDATE><![CDATA[2018-07-25 20:54:04.0]]></AU_CREATIONDATE>
        <AU_ID><![CDATA[172031051140153255204474800248]]></AU_ID>
        <AU_COMMENTS><![CDATA[null]]></AU_COMMENTS>
        <AU_PREVIOUSVERSION><![CDATA[null]]></AU_PREVIOUSVERSION>
        <AU_USEROWNER><![CDATA[IndigoUser:11525440749190]]></AU_USEROWNER>
        <AU_ACTIVEVERSION><![CDATA[1]]></AU_ACTIVEVERSION>
        <AU_PERMISSIONMASK><![CDATA[750]]></AU_PERMISSIONMASK>
        <AU_MODIFIEDBY><![CDATA[IndigoUser:11525440749190]]></AU_MODIFIEDBY>
        <AU_VERSION><![CDATA[1]]></AU_VERSION>
        <AU_GROUPOWNER><![CDATA[IndigoGroup:127000000001107055548721600002]]></AU_GROUPOWNER>
        <AU_DBOPERATION><![CDATA[Update/Insert]]></AU_DBOPERATION>
    </AU_ADVDBTarget>
    
    <AU_ADVDBTarget>
        <AU_SYNCHRONIZED><![CDATA[0]]></AU_SYNCHRONIZED>
        <AU_DESCRIPTION><![CDATA[CDMH_ADT_ST_OMOP_Person]]></AU_DESCRIPTION>
        <AU_DBCONNECTIONINFO><![CDATA[DatabaseConnectionInfo:172031051140152941823097700006]]></AU_DBCONNECTIONINFO>
        <AU_MODIFIEDDATE><![CDATA[2018-11-21 15:39:42.0]]></AU_MODIFIEDDATE>
        <AU_PERSISTDATAENABLED><![CDATA[0]]></AU_PERSISTDATAENABLED>
        <AU_SCHEMATYPEDID><![CDATA[AdvanceDbSchema:172031051140154281466260100660]]></AU_SCHEMATYPEDID>
        <AU_ENTITYNAME><![CDATA[CDMH_ADT_ST_OMOP_Person]]></AU_ENTITYNAME>
        <AU_REVISION><![CDATA[null]]></AU_REVISION>
        <AU_PROJECTOWNER><![CDATA[Project:172031051140153235657616600048]]></AU_PROJECTOWNER>
        <AU_CREATIONDATE><![CDATA[2018-11-21 15:39:42.0]]></AU_CREATIONDATE>
        <AU_ID><![CDATA[172031051140154281478265900662]]></AU_ID>
        <AU_COMMENTS><![CDATA[null]]></AU_COMMENTS>
        <AU_PREVIOUSVERSION><![CDATA[null]]></AU_PREVIOUSVERSION>
        <AU_USEROWNER><![CDATA[IndigoUser:11533224673309]]></AU_USEROWNER>
        <AU_ACTIVEVERSION><![CDATA[1]]></AU_ACTIVEVERSION>
        <AU_PERMISSIONMASK><![CDATA[750]]></AU_PERMISSIONMASK>
        <AU_MODIFIEDBY><![CDATA[IndigoUser:11533224673309]]></AU_MODIFIEDBY>
        <AU_VERSION><![CDATA[1]]></AU_VERSION>
        <AU_GROUPOWNER><![CDATA[IndigoGroup:127000000001107055548721600002]]></AU_GROUPOWNER>
        <AU_DBOPERATION><![CDATA[Update/Insert]]></AU_DBOPERATION>
    </AU_ADVDBTarget>
    
    <AU_ADVDBTarget>
        <AU_SYNCHRONIZED><![CDATA[0]]></AU_SYNCHRONIZED>
        <AU_DESCRIPTION><![CDATA[CDMH_ADT_CDMHQueryRequest]]></AU_DESCRIPTION>
        <AU_DBCONNECTIONINFO><![CDATA[DatabaseConnectionInfo:172031051140152941823097700006]]></AU_DBCONNECTIONINFO>
        <AU_MODIFIEDDATE><![CDATA[2018-07-27 00:20:43.0]]></AU_MODIFIEDDATE>
        <AU_PERSISTDATAENABLED><![CDATA[0]]></AU_PERSISTDATAENABLED>
        <AU_SCHEMATYPEDID><![CDATA[AdvanceDbSchema:172031051140153244625645600170]]></AU_SCHEMATYPEDID>
        <AU_ENTITYNAME><![CDATA[CDMH_ADT_CDMHQueryRequest]]></AU_ENTITYNAME>
        <AU_REVISION><![CDATA[null]]></AU_REVISION>
        <AU_PROJECTOWNER><![CDATA[Project:172031051140153235657616600048]]></AU_PROJECTOWNER>
        <AU_CREATIONDATE><![CDATA[2018-07-27 00:20:43.0]]></AU_CREATIONDATE>
        <AU_ID><![CDATA[172031051140153265084374300311]]></AU_ID>
        <AU_COMMENTS><![CDATA[null]]></AU_COMMENTS>
        <AU_PREVIOUSVERSION><![CDATA[null]]></AU_PREVIOUSVERSION>
        <AU_USEROWNER><![CDATA[IndigoUser:11525440749190]]></AU_USEROWNER>
        <AU_ACTIVEVERSION><![CDATA[1]]></AU_ACTIVEVERSION>
        <AU_PERMISSIONMASK><![CDATA[750]]></AU_PERMISSIONMASK>
        <AU_MODIFIEDBY><![CDATA[IndigoUser:11525440749190]]></AU_MODIFIEDBY>
        <AU_VERSION><![CDATA[1]]></AU_VERSION>
        <AU_GROUPOWNER><![CDATA[IndigoGroup:127000000001107055548721600002]]></AU_GROUPOWNER>
        <AU_DBOPERATION><![CDATA[Update/Insert]]></AU_DBOPERATION>
    </AU_ADVDBTarget>
    <AU_ADVDBTarget>
        <AU_SYNCHRONIZED><![CDATA[0]]></AU_SYNCHRONIZED>
        <AU_DESCRIPTION><![CDATA[CDMH_ADT_CDMH_FACILITY]]></AU_DESCRIPTION>
        <AU_DBCONNECTIONINFO><![CDATA[DatabaseConnectionInfo:172031051140152941823097700006]]></AU_DBCONNECTIONINFO>
        <AU_MODIFIEDDATE><![CDATA[2018-10-03 04:44:58.0]]></AU_MODIFIEDDATE>
        <AU_PERSISTDATAENABLED><![CDATA[0]]></AU_PERSISTDATAENABLED>
        <AU_SCHEMATYPEDID><![CDATA[AdvanceDbSchema:172031051140153854104244300071]]></AU_SCHEMATYPEDID>
        <AU_ENTITYNAME><![CDATA[CDMH_ADT_CDMH_FACILITY]]></AU_ENTITYNAME>
        <AU_REVISION><![CDATA[null]]></AU_REVISION>
        <AU_PROJECTOWNER><![CDATA[Project:172031051140153235657616600048]]></AU_PROJECTOWNER>
        <AU_CREATIONDATE><![CDATA[2018-10-03 04:44:58.0]]></AU_CREATIONDATE>
        <AU_ID><![CDATA[172031051140153854189880300077]]></AU_ID>
        <AU_COMMENTS><![CDATA[null]]></AU_COMMENTS>
        <AU_PREVIOUSVERSION><![CDATA[null]]></AU_PREVIOUSVERSION>
        <AU_USEROWNER><![CDATA[IndigoUser:11525440749190]]></AU_USEROWNER>
        <AU_ACTIVEVERSION><![CDATA[1]]></AU_ACTIVEVERSION>
        <AU_PERMISSIONMASK><![CDATA[750]]></AU_PERMISSIONMASK>
        <AU_MODIFIEDBY><![CDATA[IndigoUser:11525440749190]]></AU_MODIFIEDBY>
        <AU_VERSION><![CDATA[1]]></AU_VERSION>
        <AU_GROUPOWNER><![CDATA[IndigoGroup:127000000001107055548721600002]]></AU_GROUPOWNER>
        <AU_DBOPERATION><![CDATA[Update/Insert]]></AU_DBOPERATION>
    </AU_ADVDBTarget>
    <AU_ADVDBTarget>
        <AU_SYNCHRONIZED><![CDATA[0]]></AU_SYNCHRONIZED>
        <AU_DESCRIPTION><![CDATA[CDMH_ADT_CriteriaTrans]]></AU_DESCRIPTION>
        <AU_DBCONNECTIONINFO><![CDATA[DatabaseConnectionInfo:172031051140152941823097700006]]></AU_DBCONNECTIONINFO>
        <AU_MODIFIEDDATE><![CDATA[2018-11-01 19:41:37.0]]></AU_MODIFIEDDATE>
        <AU_PERSISTDATAENABLED><![CDATA[0]]></AU_PERSISTDATAENABLED>
        <AU_SCHEMATYPEDID><![CDATA[AdvanceDbSchema:172031051140154109986225700158]]></AU_SCHEMATYPEDID>
        <AU_ENTITYNAME><![CDATA[CDMH_ADT_CriteriaTrans]]></AU_ENTITYNAME>
        <AU_REVISION><![CDATA[null]]></AU_REVISION>
        <AU_PROJECTOWNER><![CDATA[Project:172031051140153235657616600048]]></AU_PROJECTOWNER>
        <AU_CREATIONDATE><![CDATA[2018-11-01 19:41:37.0]]></AU_CREATIONDATE>
        <AU_ID><![CDATA[172031051140154110129765900168]]></AU_ID>
        <AU_COMMENTS><![CDATA[null]]></AU_COMMENTS>
        <AU_PREVIOUSVERSION><![CDATA[null]]></AU_PREVIOUSVERSION>
        <AU_USEROWNER><![CDATA[IndigoUser:11525440749190]]></AU_USEROWNER>
        <AU_ACTIVEVERSION><![CDATA[1]]></AU_ACTIVEVERSION>
        <AU_PERMISSIONMASK><![CDATA[750]]></AU_PERMISSIONMASK>
        <AU_MODIFIEDBY><![CDATA[IndigoUser:11525440749190]]></AU_MODIFIEDBY>
        <AU_VERSION><![CDATA[1]]></AU_VERSION>
        <AU_GROUPOWNER><![CDATA[IndigoGroup:127000000001107055548721600002]]></AU_GROUPOWNER>
        <AU_DBOPERATION><![CDATA[Update/Insert]]></AU_DBOPERATION>
    </AU_ADVDBTarget>
    
    <AU_ADVDBTarget>
        <AU_SYNCHRONIZED><![CDATA[0]]></AU_SYNCHRONIZED>
        <AU_DESCRIPTION><![CDATA[insert or update ResultsFile table]]></AU_DESCRIPTION>
        <AU_DBCONNECTIONINFO><![CDATA[DatabaseConnectionInfo:172031051140152941823097700006]]></AU_DBCONNECTIONINFO>
        <AU_MODIFIEDDATE><![CDATA[2018-07-25 21:32:21.0]]></AU_MODIFIEDDATE>
        <AU_PERSISTDATAENABLED><![CDATA[0]]></AU_PERSISTDATAENABLED>
        <AU_SCHEMATYPEDID><![CDATA[AdvanceDbSchema:172031051140153238400196500108]]></AU_SCHEMATYPEDID>
        <AU_ENTITYNAME><![CDATA[CDMH_ADT_ResultsFile]]></AU_ENTITYNAME>
        <AU_REVISION><![CDATA[null]]></AU_REVISION>
        <AU_PROJECTOWNER><![CDATA[Project:172031051140153235657616600048]]></AU_PROJECTOWNER>
        <AU_CREATIONDATE><![CDATA[2018-07-25 21:32:21.0]]></AU_CREATIONDATE>
        <AU_ID><![CDATA[172031051140153255434151100253]]></AU_ID>
        <AU_COMMENTS><![CDATA[null]]></AU_COMMENTS>
        <AU_PREVIOUSVERSION><![CDATA[null]]></AU_PREVIOUSVERSION>
        <AU_USEROWNER><![CDATA[IndigoUser:11525440749190]]></AU_USEROWNER>
        <AU_ACTIVEVERSION><![CDATA[1]]></AU_ACTIVEVERSION>
        <AU_PERMISSIONMASK><![CDATA[750]]></AU_PERMISSIONMASK>
        <AU_MODIFIEDBY><![CDATA[IndigoUser:11525440749190]]></AU_MODIFIEDBY>
        <AU_VERSION><![CDATA[1]]></AU_VERSION>
        <AU_GROUPOWNER><![CDATA[IndigoGroup:127000000001107055548721600002]]></AU_GROUPOWNER>
        <AU_DBOPERATION><![CDATA[Update/Insert]]></AU_DBOPERATION>
    </AU_ADVDBTarget>
    <AU_ADVDBTarget>
        <AU_SYNCHRONIZED><![CDATA[0]]></AU_SYNCHRONIZED>
        <AU_DESCRIPTION><![CDATA[CDMH_ADT_CDMH_ENCOUNTER]]></AU_DESCRIPTION>
        <AU_DBCONNECTIONINFO><![CDATA[DatabaseConnectionInfo:172031051140152941823097700006]]></AU_DBCONNECTIONINFO>
        <AU_MODIFIEDDATE><![CDATA[2018-10-03 15:51:42.0]]></AU_MODIFIEDDATE>
        <AU_PERSISTDATAENABLED><![CDATA[0]]></AU_PERSISTDATAENABLED>
        <AU_SCHEMATYPEDID><![CDATA[AdvanceDbSchema:172031051140153505857484800418]]></AU_SCHEMATYPEDID>
        <AU_ENTITYNAME><![CDATA[CDMH_ADT_CDMH_ENCOUNTER]]></AU_ENTITYNAME>
        <AU_REVISION><![CDATA[null]]></AU_REVISION>
        <AU_PROJECTOWNER><![CDATA[Project:172031051140153235657616600048]]></AU_PROJECTOWNER>
        <AU_CREATIONDATE><![CDATA[2018-10-03 15:51:42.0]]></AU_CREATIONDATE>
        <AU_ID><![CDATA[172031051140153858190258000101]]></AU_ID>
        <AU_COMMENTS><![CDATA[null]]></AU_COMMENTS>
        <AU_PREVIOUSVERSION><![CDATA[null]]></AU_PREVIOUSVERSION>
        <AU_USEROWNER><![CDATA[IndigoUser:11525440749190]]></AU_USEROWNER>
        <AU_ACTIVEVERSION><![CDATA[1]]></AU_ACTIVEVERSION>
        <AU_PERMISSIONMASK><![CDATA[750]]></AU_PERMISSIONMASK>
        <AU_MODIFIEDBY><![CDATA[IndigoUser:11525440749190]]></AU_MODIFIEDBY>
        <AU_VERSION><![CDATA[1]]></AU_VERSION>
        <AU_GROUPOWNER><![CDATA[IndigoGroup:127000000001107055548721600002]]></AU_GROUPOWNER>
        <AU_DBOPERATION><![CDATA[Update/Insert]]></AU_DBOPERATION>
    </AU_ADVDBTarget>
    <AU_ADVDBTarget>
        <AU_SYNCHRONIZED><![CDATA[0]]></AU_SYNCHRONIZED>
        <AU_DESCRIPTION><![CDATA[CDMH_ADT_ST_OMOP_VisitOccurrence]]></AU_DESCRIPTION>
        <AU_DBCONNECTIONINFO><![CDATA[DatabaseConnectionInfo:172031051140152941823097700006]]></AU_DBCONNECTIONINFO>
        <AU_MODIFIEDDATE><![CDATA[2018-11-21 19:00:41.0]]></AU_MODIFIEDDATE>
        <AU_PERSISTDATAENABLED><![CDATA[0]]></AU_PERSISTDATAENABLED>
        <AU_SCHEMATYPEDID><![CDATA[AdvanceDbSchema:172031051140154282649978000674]]></AU_SCHEMATYPEDID>
        <AU_ENTITYNAME><![CDATA[CDMH_ADT_ST_OMOP_VisitOccurrence]]></AU_ENTITYNAME>
        <AU_REVISION><![CDATA[null]]></AU_REVISION>
        <AU_PROJECTOWNER><![CDATA[Project:172031051140153235657616600048]]></AU_PROJECTOWNER>
        <AU_CREATIONDATE><![CDATA[2018-11-21 19:00:41.0]]></AU_CREATIONDATE>
        <AU_ID><![CDATA[172031051140154282684115900682]]></AU_ID>
        <AU_COMMENTS><![CDATA[null]]></AU_COMMENTS>
        <AU_PREVIOUSVERSION><![CDATA[null]]></AU_PREVIOUSVERSION>
        <AU_USEROWNER><![CDATA[IndigoUser:11533224673309]]></AU_USEROWNER>
        <AU_ACTIVEVERSION><![CDATA[1]]></AU_ACTIVEVERSION>
        <AU_PERMISSIONMASK><![CDATA[750]]></AU_PERMISSIONMASK>
        <AU_MODIFIEDBY><![CDATA[IndigoUser:11533224673309]]></AU_MODIFIEDBY>
        <AU_VERSION><![CDATA[1]]></AU_VERSION>
        <AU_GROUPOWNER><![CDATA[IndigoGroup:127000000001107055548721600002]]></AU_GROUPOWNER>
        <AU_DBOPERATION><![CDATA[Update/Insert]]></AU_DBOPERATION>
    </AU_ADVDBTarget>
    <AU_ADVDBTarget>
        <AU_SYNCHRONIZED><![CDATA[0]]></AU_SYNCHRONIZED>
        <AU_DESCRIPTION><![CDATA[CDMH_ADT_ST_OMOP_Death]]></AU_DESCRIPTION>
        <AU_DBCONNECTIONINFO><![CDATA[DatabaseConnectionInfo:172031051140152941823097700006]]></AU_DBCONNECTIONINFO>
        <AU_MODIFIEDDATE><![CDATA[2018-11-21 19:01:38.0]]></AU_MODIFIEDDATE>
        <AU_PERSISTDATAENABLED><![CDATA[0]]></AU_PERSISTDATAENABLED>
        <AU_SCHEMATYPEDID><![CDATA[AdvanceDbSchema:172031051140154282657504300676]]></AU_SCHEMATYPEDID>
        <AU_ENTITYNAME><![CDATA[CDMH_ADT_ST_OMOP_Death]]></AU_ENTITYNAME>
        <AU_REVISION><![CDATA[null]]></AU_REVISION>
        <AU_PROJECTOWNER><![CDATA[Project:172031051140153235657616600048]]></AU_PROJECTOWNER>
        <AU_CREATIONDATE><![CDATA[2018-11-21 19:01:38.0]]></AU_CREATIONDATE>
        <AU_ID><![CDATA[172031051140154282689882800684]]></AU_ID>
        <AU_COMMENTS><![CDATA[null]]></AU_COMMENTS>
        <AU_PREVIOUSVERSION><![CDATA[null]]></AU_PREVIOUSVERSION>
        <AU_USEROWNER><![CDATA[IndigoUser:11533224673309]]></AU_USEROWNER>
        <AU_ACTIVEVERSION><![CDATA[1]]></AU_ACTIVEVERSION>
        <AU_PERMISSIONMASK><![CDATA[750]]></AU_PERMISSIONMASK>
        <AU_MODIFIEDBY><![CDATA[IndigoUser:11533224673309]]></AU_MODIFIEDBY>
        <AU_VERSION><![CDATA[1]]></AU_VERSION>
        <AU_GROUPOWNER><![CDATA[IndigoGroup:127000000001107055548721600002]]></AU_GROUPOWNER>
        <AU_DBOPERATION><![CDATA[Update/Insert]]></AU_DBOPERATION>
    </AU_ADVDBTarget>
    <AU_ADVDBTarget>
        <AU_SYNCHRONIZED><![CDATA[0]]></AU_SYNCHRONIZED>
        <AU_DESCRIPTION><![CDATA[CDMH_ADT_ST_OMOP_DrugExposure]]></AU_DESCRIPTION>
        <AU_DBCONNECTIONINFO><![CDATA[DatabaseConnectionInfo:172031051140152941823097700006]]></AU_DBCONNECTIONINFO>
        <AU_MODIFIEDDATE><![CDATA[2018-11-21 19:02:52.0]]></AU_MODIFIEDDATE>
        <AU_PERSISTDATAENABLED><![CDATA[0]]></AU_PERSISTDATAENABLED>
        <AU_SCHEMATYPEDID><![CDATA[AdvanceDbSchema:172031051140154282665933700678]]></AU_SCHEMATYPEDID>
        <AU_ENTITYNAME><![CDATA[CDMH_ADT_ST_OMOP_DrugExposure]]></AU_ENTITYNAME>
        <AU_REVISION><![CDATA[null]]></AU_REVISION>
        <AU_PROJECTOWNER><![CDATA[Project:172031051140153235657616600048]]></AU_PROJECTOWNER>
        <AU_CREATIONDATE><![CDATA[2018-11-21 19:02:52.0]]></AU_CREATIONDATE>
        <AU_ID><![CDATA[172031051140154282697268500686]]></AU_ID>
        <AU_COMMENTS><![CDATA[null]]></AU_COMMENTS>
        <AU_PREVIOUSVERSION><![CDATA[null]]></AU_PREVIOUSVERSION>
        <AU_USEROWNER><![CDATA[IndigoUser:11533224673309]]></AU_USEROWNER>
        <AU_ACTIVEVERSION><![CDATA[1]]></AU_ACTIVEVERSION>
        <AU_PERMISSIONMASK><![CDATA[750]]></AU_PERMISSIONMASK>
        <AU_MODIFIEDBY><![CDATA[IndigoUser:11533224673309]]></AU_MODIFIEDBY>
        <AU_VERSION><![CDATA[1]]></AU_VERSION>
        <AU_GROUPOWNER><![CDATA[IndigoGroup:127000000001107055548721600002]]></AU_GROUPOWNER>
        <AU_DBOPERATION><![CDATA[Update/Insert]]></AU_DBOPERATION>
    </AU_ADVDBTarget>
    <AU_ADVDBTarget>
        <AU_SYNCHRONIZED><![CDATA[0]]></AU_SYNCHRONIZED>
        <AU_DESCRIPTION><![CDATA[CDMH_ADT_ST_OMOP_ConditionOccurrence]]></AU_DESCRIPTION>
        <AU_DBCONNECTIONINFO><![CDATA[DatabaseConnectionInfo:172031051140152941823097700006]]></AU_DBCONNECTIONINFO>
        <AU_MODIFIEDDATE><![CDATA[2018-11-21 19:03:56.0]]></AU_MODIFIEDDATE>
        <AU_PERSISTDATAENABLED><![CDATA[0]]></AU_PERSISTDATAENABLED>
        <AU_SCHEMATYPEDID><![CDATA[AdvanceDbSchema:172031051140154282674066200680]]></AU_SCHEMATYPEDID>
        <AU_ENTITYNAME><![CDATA[CDMH_ADT_ST_OMOP_ConditionOccurrence]]></AU_ENTITYNAME>
        <AU_REVISION><![CDATA[null]]></AU_REVISION>
        <AU_PROJECTOWNER><![CDATA[Project:172031051140153235657616600048]]></AU_PROJECTOWNER>
        <AU_CREATIONDATE><![CDATA[2018-11-21 19:03:56.0]]></AU_CREATIONDATE>
        <AU_ID><![CDATA[172031051140154282703616700688]]></AU_ID>
        <AU_COMMENTS><![CDATA[null]]></AU_COMMENTS>
        <AU_PREVIOUSVERSION><![CDATA[null]]></AU_PREVIOUSVERSION>
        <AU_USEROWNER><![CDATA[IndigoUser:11533224673309]]></AU_USEROWNER>
        <AU_ACTIVEVERSION><![CDATA[1]]></AU_ACTIVEVERSION>
        <AU_PERMISSIONMASK><![CDATA[750]]></AU_PERMISSIONMASK>
        <AU_MODIFIEDBY><![CDATA[IndigoUser:11533224673309]]></AU_MODIFIEDBY>
        <AU_VERSION><![CDATA[1]]></AU_VERSION>
        <AU_GROUPOWNER><![CDATA[IndigoGroup:127000000001107055548721600002]]></AU_GROUPOWNER>
        <AU_DBOPERATION><![CDATA[Update/Insert]]></AU_DBOPERATION>
    </AU_ADVDBTarget>
    <AU_ADVDBTarget>
        <AU_SYNCHRONIZED><![CDATA[0]]></AU_SYNCHRONIZED>
        <AU_DESCRIPTION><![CDATA[CDMH_ADT_ST_OMOP_Provider]]></AU_DESCRIPTION>
        <AU_DBCONNECTIONINFO><![CDATA[DatabaseConnectionInfo:172031051140152941823097700006]]></AU_DBCONNECTIONINFO>
        <AU_MODIFIEDDATE><![CDATA[2018-11-30 20:54:32.0]]></AU_MODIFIEDDATE>
        <AU_PERSISTDATAENABLED><![CDATA[0]]></AU_PERSISTDATAENABLED>
        <AU_SCHEMATYPEDID><![CDATA[AdvanceDbSchema:172031051140154343786540900760]]></AU_SCHEMATYPEDID>
        <AU_ENTITYNAME><![CDATA[CDMH_ADT_ST_OMOP_Provider]]></AU_ENTITYNAME>
        <AU_REVISION><![CDATA[null]]></AU_REVISION>
        <AU_PROJECTOWNER><![CDATA[Project:172031051140153235657616600048]]></AU_PROJECTOWNER>
        <AU_CREATIONDATE><![CDATA[2018-11-30 20:54:32.0]]></AU_CREATIONDATE>
        <AU_ID><![CDATA[172031051140154361127259600775]]></AU_ID>
        <AU_COMMENTS><![CDATA[null]]></AU_COMMENTS>
        <AU_PREVIOUSVERSION><![CDATA[null]]></AU_PREVIOUSVERSION>
        <AU_USEROWNER><![CDATA[IndigoUser:11533224673309]]></AU_USEROWNER>
        <AU_ACTIVEVERSION><![CDATA[1]]></AU_ACTIVEVERSION>
        <AU_PERMISSIONMASK><![CDATA[750]]></AU_PERMISSIONMASK>
        <AU_MODIFIEDBY><![CDATA[IndigoUser:11533224673309]]></AU_MODIFIEDBY>
        <AU_VERSION><![CDATA[1]]></AU_VERSION>
        <AU_GROUPOWNER><![CDATA[IndigoGroup:127000000001107055548721600002]]></AU_GROUPOWNER>
        <AU_DBOPERATION><![CDATA[Update/Insert]]></AU_DBOPERATION>
    </AU_ADVDBTarget>
    
    
    <AU_ADVDBTarget>
        <AU_SYNCHRONIZED><![CDATA[0]]></AU_SYNCHRONIZED>
        <AU_DESCRIPTION><![CDATA[Staging Aggregate Results from CSV]]></AU_DESCRIPTION>
        <AU_DBCONNECTIONINFO><![CDATA[DatabaseConnectionInfo:172031051140152941823097700006]]></AU_DBCONNECTIONINFO>
        <AU_MODIFIEDDATE><![CDATA[2018-07-26 22:01:24.0]]></AU_MODIFIEDDATE>
        <AU_PERSISTDATAENABLED><![CDATA[0]]></AU_PERSISTDATAENABLED>
        <AU_SCHEMATYPEDID><![CDATA[AdvanceDbSchema:172031051140153238343479700104]]></AU_SCHEMATYPEDID>
        <AU_ENTITYNAME><![CDATA[CDMH_ADT_AggregateResults_Staging]]></AU_ENTITYNAME>
        <AU_REVISION><![CDATA[null]]></AU_REVISION>
        <AU_PROJECTOWNER><![CDATA[Project:172031051140153235657616600048]]></AU_PROJECTOWNER>
        <AU_CREATIONDATE><![CDATA[2018-07-26 22:01:24.0]]></AU_CREATIONDATE>
        <AU_ID><![CDATA[172031051140153264248444000263]]></AU_ID>
        <AU_COMMENTS><![CDATA[null]]></AU_COMMENTS>
        <AU_PREVIOUSVERSION><![CDATA[null]]></AU_PREVIOUSVERSION>
        <AU_USEROWNER><![CDATA[IndigoUser:11525440749190]]></AU_USEROWNER>
        <AU_ACTIVEVERSION><![CDATA[1]]></AU_ACTIVEVERSION>
        <AU_PERMISSIONMASK><![CDATA[750]]></AU_PERMISSIONMASK>
        <AU_MODIFIEDBY><![CDATA[IndigoUser:11525440749190]]></AU_MODIFIEDBY>
        <AU_VERSION><![CDATA[1]]></AU_VERSION>
        <AU_GROUPOWNER><![CDATA[IndigoGroup:127000000001107055548721600002]]></AU_GROUPOWNER>
        <AU_DBOPERATION><![CDATA[Update/Insert]]></AU_DBOPERATION>
    </AU_ADVDBTarget>
    <AU_ADVDBTarget>
        <AU_SYNCHRONIZED><![CDATA[0]]></AU_SYNCHRONIZED>
        <AU_DESCRIPTION><![CDATA[CDMH_ADT_ST_PCOR_Diagnosis]]></AU_DESCRIPTION>
        <AU_DBCONNECTIONINFO><![CDATA[DatabaseConnectionInfo:172031051140152941823097700006]]></AU_DBCONNECTIONINFO>
        <AU_MODIFIEDDATE><![CDATA[2018-08-21 15:18:33.0]]></AU_MODIFIEDDATE>
        <AU_PERSISTDATAENABLED><![CDATA[0]]></AU_PERSISTDATAENABLED>
        <AU_SCHEMATYPEDID><![CDATA[AdvanceDbSchema:172031051140153486356105800229]]></AU_SCHEMATYPEDID>
        <AU_ENTITYNAME><![CDATA[CDMH_ADT_ST_PCOR_Diagnosis]]></AU_ENTITYNAME>
        <AU_REVISION><![CDATA[null]]></AU_REVISION>
        <AU_PROJECTOWNER><![CDATA[Project:172031051140153235657616600048]]></AU_PROJECTOWNER>
        <AU_CREATIONDATE><![CDATA[2018-08-21 15:18:33.0]]></AU_CREATIONDATE>
        <AU_ID><![CDATA[172031051140153486471331400232]]></AU_ID>
        <AU_COMMENTS><![CDATA[null]]></AU_COMMENTS>
        <AU_PREVIOUSVERSION><![CDATA[null]]></AU_PREVIOUSVERSION>
        <AU_USEROWNER><![CDATA[IndigoUser:11525440749190]]></AU_USEROWNER>
        <AU_ACTIVEVERSION><![CDATA[1]]></AU_ACTIVEVERSION>
        <AU_PERMISSIONMASK><![CDATA[750]]></AU_PERMISSIONMASK>
        <AU_MODIFIEDBY><![CDATA[IndigoUser:11525440749190]]></AU_MODIFIEDBY>
        <AU_VERSION><![CDATA[1]]></AU_VERSION>
        <AU_GROUPOWNER><![CDATA[IndigoGroup:127000000001107055548721600002]]></AU_GROUPOWNER>
        <AU_DBOPERATION><![CDATA[Update/Insert]]></AU_DBOPERATION>
    </AU_ADVDBTarget>
    <AU_ADVDBTarget>
        <AU_SYNCHRONIZED><![CDATA[0]]></AU_SYNCHRONIZED>
        <AU_DESCRIPTION><![CDATA[CDMH_ADT_ST_PCOR_Encounter]]></AU_DESCRIPTION>
        <AU_DBCONNECTIONINFO><![CDATA[DatabaseConnectionInfo:172031051140152941823097700006]]></AU_DBCONNECTIONINFO>
        <AU_MODIFIEDDATE><![CDATA[2018-08-21 17:09:56.0]]></AU_MODIFIEDDATE>
        <AU_PERSISTDATAENABLED><![CDATA[0]]></AU_PERSISTDATAENABLED>
        <AU_SCHEMATYPEDID><![CDATA[AdvanceDbSchema:172031051140153487089719400261]]></AU_SCHEMATYPEDID>
        <AU_ENTITYNAME><![CDATA[CDMH_ADT_ST_PCOR_Encounter]]></AU_ENTITYNAME>
        <AU_REVISION><![CDATA[null]]></AU_REVISION>
        <AU_PROJECTOWNER><![CDATA[Project:172031051140153235657616600048]]></AU_PROJECTOWNER>
        <AU_CREATIONDATE><![CDATA[2018-08-21 17:09:56.0]]></AU_CREATIONDATE>
        <AU_ID><![CDATA[172031051140153487139691100264]]></AU_ID>
        <AU_COMMENTS><![CDATA[null]]></AU_COMMENTS>
        <AU_PREVIOUSVERSION><![CDATA[null]]></AU_PREVIOUSVERSION>
        <AU_USEROWNER><![CDATA[IndigoUser:11525440749190]]></AU_USEROWNER>
        <AU_ACTIVEVERSION><![CDATA[1]]></AU_ACTIVEVERSION>
        <AU_PERMISSIONMASK><![CDATA[750]]></AU_PERMISSIONMASK>
        <AU_MODIFIEDBY><![CDATA[IndigoUser:11525440749190]]></AU_MODIFIEDBY>
        <AU_VERSION><![CDATA[1]]></AU_VERSION>
        <AU_GROUPOWNER><![CDATA[IndigoGroup:127000000001107055548721600002]]></AU_GROUPOWNER>
        <AU_DBOPERATION><![CDATA[Update/Insert]]></AU_DBOPERATION>
    </AU_ADVDBTarget>
    <AU_ADVDBTarget>
        <AU_SYNCHRONIZED><![CDATA[0]]></AU_SYNCHRONIZED>
        <AU_DESCRIPTION><![CDATA[CDMH_ADT_ST_PCOR_Condition]]></AU_DESCRIPTION>
        <AU_DBCONNECTIONINFO><![CDATA[DatabaseConnectionInfo:172031051140152941823097700006]]></AU_DBCONNECTIONINFO>
        <AU_MODIFIEDDATE><![CDATA[2018-08-21 23:52:02.0]]></AU_MODIFIEDDATE>
        <AU_PERSISTDATAENABLED><![CDATA[0]]></AU_PERSISTDATAENABLED>
        <AU_SCHEMATYPEDID><![CDATA[AdvanceDbSchema:172031051140153489081644500316]]></AU_SCHEMATYPEDID>
        <AU_ENTITYNAME><![CDATA[CDMH_ADT_ST_PCOR_Condition]]></AU_ENTITYNAME>
        <AU_REVISION><![CDATA[null]]></AU_REVISION>
        <AU_PROJECTOWNER><![CDATA[Project:172031051140153235657616600048]]></AU_PROJECTOWNER>
        <AU_CREATIONDATE><![CDATA[2018-08-21 23:52:02.0]]></AU_CREATIONDATE>
        <AU_ID><![CDATA[172031051140153489552205100335]]></AU_ID>
        <AU_COMMENTS><![CDATA[null]]></AU_COMMENTS>
        <AU_PREVIOUSVERSION><![CDATA[null]]></AU_PREVIOUSVERSION>
        <AU_USEROWNER><![CDATA[IndigoUser:11525440749190]]></AU_USEROWNER>
        <AU_ACTIVEVERSION><![CDATA[1]]></AU_ACTIVEVERSION>
        <AU_PERMISSIONMASK><![CDATA[750]]></AU_PERMISSIONMASK>
        <AU_MODIFIEDBY><![CDATA[IndigoUser:11525440749190]]></AU_MODIFIEDBY>
        <AU_VERSION><![CDATA[1]]></AU_VERSION>
        <AU_GROUPOWNER><![CDATA[IndigoGroup:127000000001107055548721600002]]></AU_GROUPOWNER>
        <AU_DBOPERATION><![CDATA[Update/Insert]]></AU_DBOPERATION>
    </AU_ADVDBTarget>
    <AU_ADVDBTarget>
        <AU_SYNCHRONIZED><![CDATA[0]]></AU_SYNCHRONIZED>
        <AU_DESCRIPTION><![CDATA[CDMH_ADT_ST_PCOR_Death]]></AU_DESCRIPTION>
        <AU_DBCONNECTIONINFO><![CDATA[DatabaseConnectionInfo:172031051140152941823097700006]]></AU_DBCONNECTIONINFO>
        <AU_MODIFIEDDATE><![CDATA[2018-08-21 23:52:52.0]]></AU_MODIFIEDDATE>
        <AU_PERSISTDATAENABLED><![CDATA[0]]></AU_PERSISTDATAENABLED>
        <AU_SCHEMATYPEDID><![CDATA[AdvanceDbSchema:172031051140153489092427000318]]></AU_SCHEMATYPEDID>
        <AU_ENTITYNAME><![CDATA[CDMH_ADT_ST_PCOR_Death]]></AU_ENTITYNAME>
        <AU_REVISION><![CDATA[null]]></AU_REVISION>
        <AU_PROJECTOWNER><![CDATA[Project:172031051140153235657616600048]]></AU_PROJECTOWNER>
        <AU_CREATIONDATE><![CDATA[2018-08-21 23:52:52.0]]></AU_CREATIONDATE>
        <AU_ID><![CDATA[172031051140153489557220500337]]></AU_ID>
        <AU_COMMENTS><![CDATA[null]]></AU_COMMENTS>
        <AU_PREVIOUSVERSION><![CDATA[null]]></AU_PREVIOUSVERSION>
        <AU_USEROWNER><![CDATA[IndigoUser:11525440749190]]></AU_USEROWNER>
        <AU_ACTIVEVERSION><![CDATA[1]]></AU_ACTIVEVERSION>
        <AU_PERMISSIONMASK><![CDATA[750]]></AU_PERMISSIONMASK>
        <AU_MODIFIEDBY><![CDATA[IndigoUser:11525440749190]]></AU_MODIFIEDBY>
        <AU_VERSION><![CDATA[1]]></AU_VERSION>
        <AU_GROUPOWNER><![CDATA[IndigoGroup:127000000001107055548721600002]]></AU_GROUPOWNER>
        <AU_DBOPERATION><![CDATA[Update/Insert]]></AU_DBOPERATION>
    </AU_ADVDBTarget>
    <AU_ADVDBTarget>
        <AU_SYNCHRONIZED><![CDATA[0]]></AU_SYNCHRONIZED>
        <AU_DESCRIPTION><![CDATA[CDMH_ADT_ST_PCOR_DeathCause]]></AU_DESCRIPTION>
        <AU_DBCONNECTIONINFO><![CDATA[DatabaseConnectionInfo:172031051140152941823097700006]]></AU_DBCONNECTIONINFO>
        <AU_MODIFIEDDATE><![CDATA[2018-08-21 23:53:24.0]]></AU_MODIFIEDDATE>
        <AU_PERSISTDATAENABLED><![CDATA[0]]></AU_PERSISTDATAENABLED>
        <AU_SCHEMATYPEDID><![CDATA[AdvanceDbSchema:172031051140153489101861200320]]></AU_SCHEMATYPEDID>
        <AU_ENTITYNAME><![CDATA[CDMH_ADT_ST_PCOR_DeathCause]]></AU_ENTITYNAME>
        <AU_REVISION><![CDATA[null]]></AU_REVISION>
        <AU_PROJECTOWNER><![CDATA[Project:172031051140153235657616600048]]></AU_PROJECTOWNER>
        <AU_CREATIONDATE><![CDATA[2018-08-21 23:53:24.0]]></AU_CREATIONDATE>
        <AU_ID><![CDATA[172031051140153489560408000339]]></AU_ID>
        <AU_COMMENTS><![CDATA[null]]></AU_COMMENTS>
        <AU_PREVIOUSVERSION><![CDATA[null]]></AU_PREVIOUSVERSION>
        <AU_USEROWNER><![CDATA[IndigoUser:11525440749190]]></AU_USEROWNER>
        <AU_ACTIVEVERSION><![CDATA[1]]></AU_ACTIVEVERSION>
        <AU_PERMISSIONMASK><![CDATA[750]]></AU_PERMISSIONMASK>
        <AU_MODIFIEDBY><![CDATA[IndigoUser:11525440749190]]></AU_MODIFIEDBY>
        <AU_VERSION><![CDATA[1]]></AU_VERSION>
        <AU_GROUPOWNER><![CDATA[IndigoGroup:127000000001107055548721600002]]></AU_GROUPOWNER>
        <AU_DBOPERATION><![CDATA[Update/Insert]]></AU_DBOPERATION>
    </AU_ADVDBTarget>
    <AU_ADVDBTarget>
        <AU_SYNCHRONIZED><![CDATA[0]]></AU_SYNCHRONIZED>
        <AU_DESCRIPTION><![CDATA[CDMH_ADT_ST_PCOR_Demographic]]></AU_DESCRIPTION>
        <AU_DBCONNECTIONINFO><![CDATA[DatabaseConnectionInfo:172031051140152941823097700006]]></AU_DBCONNECTIONINFO>
        <AU_MODIFIEDDATE><![CDATA[2018-08-21 23:54:06.0]]></AU_MODIFIEDDATE>
        <AU_PERSISTDATAENABLED><![CDATA[0]]></AU_PERSISTDATAENABLED>
        <AU_SCHEMATYPEDID><![CDATA[AdvanceDbSchema:172031051140153489119949500324]]></AU_SCHEMATYPEDID>
        <AU_ENTITYNAME><![CDATA[CDMH_ADT_ST_PCOR_Demographic]]></AU_ENTITYNAME>
        <AU_REVISION><![CDATA[null]]></AU_REVISION>
        <AU_PROJECTOWNER><![CDATA[Project:172031051140153235657616600048]]></AU_PROJECTOWNER>
        <AU_CREATIONDATE><![CDATA[2018-08-21 23:54:06.0]]></AU_CREATIONDATE>
        <AU_ID><![CDATA[172031051140153489564615700341]]></AU_ID>
        <AU_COMMENTS><![CDATA[null]]></AU_COMMENTS>
        <AU_PREVIOUSVERSION><![CDATA[null]]></AU_PREVIOUSVERSION>
        <AU_USEROWNER><![CDATA[IndigoUser:11525440749190]]></AU_USEROWNER>
        <AU_ACTIVEVERSION><![CDATA[1]]></AU_ACTIVEVERSION>
        <AU_PERMISSIONMASK><![CDATA[750]]></AU_PERMISSIONMASK>
        <AU_MODIFIEDBY><![CDATA[IndigoUser:11525440749190]]></AU_MODIFIEDBY>
        <AU_VERSION><![CDATA[1]]></AU_VERSION>
        <AU_GROUPOWNER><![CDATA[IndigoGroup:127000000001107055548721600002]]></AU_GROUPOWNER>
        <AU_DBOPERATION><![CDATA[Update/Insert]]></AU_DBOPERATION>
    </AU_ADVDBTarget>
    <AU_ADVDBTarget>
        <AU_SYNCHRONIZED><![CDATA[0]]></AU_SYNCHRONIZED>
        <AU_DESCRIPTION><![CDATA[CDMH_ADT_ST_PCOR_Dispensing]]></AU_DESCRIPTION>
        <AU_DBCONNECTIONINFO><![CDATA[DatabaseConnectionInfo:172031051140152941823097700006]]></AU_DBCONNECTIONINFO>
        <AU_MODIFIEDDATE><![CDATA[2018-08-21 23:55:01.0]]></AU_MODIFIEDDATE>
        <AU_PERSISTDATAENABLED><![CDATA[0]]></AU_PERSISTDATAENABLED>
        <AU_SCHEMATYPEDID><![CDATA[AdvanceDbSchema:172031051140153489133045900326]]></AU_SCHEMATYPEDID>
        <AU_ENTITYNAME><![CDATA[CDMH_ADT_ST_PCOR_Dispensing]]></AU_ENTITYNAME>
        <AU_REVISION><![CDATA[null]]></AU_REVISION>
        <AU_PROJECTOWNER><![CDATA[Project:172031051140153235657616600048]]></AU_PROJECTOWNER>
        <AU_CREATIONDATE><![CDATA[2018-08-21 23:55:01.0]]></AU_CREATIONDATE>
        <AU_ID><![CDATA[172031051140153489570149900343]]></AU_ID>
        <AU_COMMENTS><![CDATA[null]]></AU_COMMENTS>
        <AU_PREVIOUSVERSION><![CDATA[null]]></AU_PREVIOUSVERSION>
        <AU_USEROWNER><![CDATA[IndigoUser:11525440749190]]></AU_USEROWNER>
        <AU_ACTIVEVERSION><![CDATA[1]]></AU_ACTIVEVERSION>
        <AU_PERMISSIONMASK><![CDATA[750]]></AU_PERMISSIONMASK>
        <AU_MODIFIEDBY><![CDATA[IndigoUser:11525440749190]]></AU_MODIFIEDBY>
        <AU_VERSION><![CDATA[1]]></AU_VERSION>
        <AU_GROUPOWNER><![CDATA[IndigoGroup:127000000001107055548721600002]]></AU_GROUPOWNER>
        <AU_DBOPERATION><![CDATA[Update/Insert]]></AU_DBOPERATION>
    </AU_ADVDBTarget>
    <AU_ADVDBTarget>
        <AU_SYNCHRONIZED><![CDATA[0]]></AU_SYNCHRONIZED>
        <AU_DESCRIPTION><![CDATA[CDMH_ADT_ST_PCOR_MedAdmin]]></AU_DESCRIPTION>
        <AU_DBCONNECTIONINFO><![CDATA[DatabaseConnectionInfo:172031051140152941823097700006]]></AU_DBCONNECTIONINFO>
        <AU_MODIFIEDDATE><![CDATA[2018-08-21 23:56:10.0]]></AU_MODIFIEDDATE>
        <AU_PERSISTDATAENABLED><![CDATA[0]]></AU_PERSISTDATAENABLED>
        <AU_SCHEMATYPEDID><![CDATA[AdvanceDbSchema:172031051140153489110770100322]]></AU_SCHEMATYPEDID>
        <AU_ENTITYNAME><![CDATA[CDMH_ADT_ST_PCOR_MedAdmin]]></AU_ENTITYNAME>
        <AU_REVISION><![CDATA[null]]></AU_REVISION>
        <AU_PROJECTOWNER><![CDATA[Project:172031051140153235657616600048]]></AU_PROJECTOWNER>
        <AU_CREATIONDATE><![CDATA[2018-08-21 23:56:10.0]]></AU_CREATIONDATE>
        <AU_ID><![CDATA[172031051140153489577096400345]]></AU_ID>
        <AU_COMMENTS><![CDATA[null]]></AU_COMMENTS>
        <AU_PREVIOUSVERSION><![CDATA[null]]></AU_PREVIOUSVERSION>
        <AU_USEROWNER><![CDATA[IndigoUser:11525440749190]]></AU_USEROWNER>
        <AU_ACTIVEVERSION><![CDATA[1]]></AU_ACTIVEVERSION>
        <AU_PERMISSIONMASK><![CDATA[750]]></AU_PERMISSIONMASK>
        <AU_MODIFIEDBY><![CDATA[IndigoUser:11525440749190]]></AU_MODIFIEDBY>
        <AU_VERSION><![CDATA[1]]></AU_VERSION>
        <AU_GROUPOWNER><![CDATA[IndigoGroup:127000000001107055548721600002]]></AU_GROUPOWNER>
        <AU_DBOPERATION><![CDATA[Update/Insert]]></AU_DBOPERATION>
    </AU_ADVDBTarget>
    <AU_ADVDBTarget>
        <AU_SYNCHRONIZED><![CDATA[0]]></AU_SYNCHRONIZED>
        <AU_DESCRIPTION><![CDATA[CDMH_ADT_ST_PCOR_Prescribing]]></AU_DESCRIPTION>
        <AU_DBCONNECTIONINFO><![CDATA[DatabaseConnectionInfo:172031051140152941823097700006]]></AU_DBCONNECTIONINFO>
        <AU_MODIFIEDDATE><![CDATA[2018-11-20 00:36:57.0]]></AU_MODIFIEDDATE>
        <AU_PERSISTDATAENABLED><![CDATA[0]]></AU_PERSISTDATAENABLED>
        <AU_SCHEMATYPEDID><![CDATA[AdvanceDbSchema:172031051140153489074043200314]]></AU_SCHEMATYPEDID>
        <AU_ENTITYNAME><![CDATA[CDMH_ADT_ST_PCOR_Prescribing]]></AU_ENTITYNAME>
        <AU_REVISION><![CDATA[null]]></AU_REVISION>
        <AU_PROJECTOWNER><![CDATA[Project:172031051140153235657616600048]]></AU_PROJECTOWNER>
        <AU_CREATIONDATE><![CDATA[2018-08-21 23:58:02.0]]></AU_CREATIONDATE>
        <AU_ID><![CDATA[172031051140153489588275700347]]></AU_ID>
        <AU_COMMENTS><![CDATA[null]]></AU_COMMENTS>
        <AU_PREVIOUSVERSION><![CDATA[null]]></AU_PREVIOUSVERSION>
        <AU_USEROWNER><![CDATA[IndigoUser:11525440749190]]></AU_USEROWNER>
        <AU_ACTIVEVERSION><![CDATA[1]]></AU_ACTIVEVERSION>
        <AU_PERMISSIONMASK><![CDATA[750]]></AU_PERMISSIONMASK>
        <AU_MODIFIEDBY><![CDATA[IndigoUser:11525440749190]]></AU_MODIFIEDBY>
        <AU_VERSION><![CDATA[1]]></AU_VERSION>
        <AU_GROUPOWNER><![CDATA[IndigoGroup:127000000001107055548721600002]]></AU_GROUPOWNER>
        <AU_DBOPERATION><![CDATA[Update/Insert]]></AU_DBOPERATION>
    </AU_ADVDBTarget>
    <AU_ADVDBTarget>
        <AU_SYNCHRONIZED><![CDATA[0]]></AU_SYNCHRONIZED>
        <AU_DESCRIPTION><![CDATA[CDMH_ADT_CDMH_PATIENT]]></AU_DESCRIPTION>
        <AU_DBCONNECTIONINFO><![CDATA[DatabaseConnectionInfo:172031051140152941823097700006]]></AU_DBCONNECTIONINFO>
        <AU_MODIFIEDDATE><![CDATA[2018-08-28 16:17:48.0]]></AU_MODIFIEDDATE>
        <AU_PERSISTDATAENABLED><![CDATA[0]]></AU_PERSISTDATAENABLED>
        <AU_SCHEMATYPEDID><![CDATA[AdvanceDbSchema:172031051140153496003505000356]]></AU_SCHEMATYPEDID>
        <AU_ENTITYNAME><![CDATA[CDMH_ADT_CDMH_PATIENT]]></AU_ENTITYNAME>
        <AU_REVISION><![CDATA[null]]></AU_REVISION>
        <AU_PROJECTOWNER><![CDATA[Project:172031051140153235657616600048]]></AU_PROJECTOWNER>
        <AU_CREATIONDATE><![CDATA[2018-08-28 16:17:48.0]]></AU_CREATIONDATE>
        <AU_ID><![CDATA[172031051140153547306874900452]]></AU_ID>
        <AU_COMMENTS><![CDATA[null]]></AU_COMMENTS>
        <AU_PREVIOUSVERSION><![CDATA[null]]></AU_PREVIOUSVERSION>
        <AU_USEROWNER><![CDATA[IndigoUser:11525440749190]]></AU_USEROWNER>
        <AU_ACTIVEVERSION><![CDATA[1]]></AU_ACTIVEVERSION>
        <AU_PERMISSIONMASK><![CDATA[750]]></AU_PERMISSIONMASK>
        <AU_MODIFIEDBY><![CDATA[IndigoUser:11525440749190]]></AU_MODIFIEDBY>
        <AU_VERSION><![CDATA[1]]></AU_VERSION>
        <AU_GROUPOWNER><![CDATA[IndigoGroup:127000000001107055548721600002]]></AU_GROUPOWNER>
        <AU_DBOPERATION><![CDATA[Update/Insert]]></AU_DBOPERATION>
    </AU_ADVDBTarget>
    <AU_ADVDBTarget>
        <AU_SYNCHRONIZED><![CDATA[0]]></AU_SYNCHRONIZED>
        <AU_DESCRIPTION><![CDATA[CDMH_ADT_ST_PCOR3_Condition]]></AU_DESCRIPTION>
        <AU_DBCONNECTIONINFO><![CDATA[DatabaseConnectionInfo:172031051140152941823097700006]]></AU_DBCONNECTIONINFO>
        <AU_MODIFIEDDATE><![CDATA[2018-11-20 00:36:01.0]]></AU_MODIFIEDDATE>
        <AU_PERSISTDATAENABLED><![CDATA[0]]></AU_PERSISTDATAENABLED>
        <AU_SCHEMATYPEDID><![CDATA[AdvanceDbSchema:172031051140154266924645800507]]></AU_SCHEMATYPEDID>
        <AU_ENTITYNAME><![CDATA[CDMH_ADT_ST_PCOR3_Condition]]></AU_ENTITYNAME>
        <AU_REVISION><![CDATA[null]]></AU_REVISION>
        <AU_PROJECTOWNER><![CDATA[Project:172031051140153235657616600048]]></AU_PROJECTOWNER>
        <AU_CREATIONDATE><![CDATA[2018-11-19 22:37:54.0]]></AU_CREATIONDATE>
        <AU_ID><![CDATA[172031051140154266707424200505]]></AU_ID>
        <AU_COMMENTS><![CDATA[null]]></AU_COMMENTS>
        <AU_PREVIOUSVERSION><![CDATA[null]]></AU_PREVIOUSVERSION>
        <AU_USEROWNER><![CDATA[IndigoUser:11525440749190]]></AU_USEROWNER>
        <AU_ACTIVEVERSION><![CDATA[1]]></AU_ACTIVEVERSION>
        <AU_PERMISSIONMASK><![CDATA[750]]></AU_PERMISSIONMASK>
        <AU_MODIFIEDBY><![CDATA[IndigoUser:11525440749190]]></AU_MODIFIEDBY>
        <AU_VERSION><![CDATA[1]]></AU_VERSION>
        <AU_GROUPOWNER><![CDATA[IndigoGroup:127000000001107055548721600002]]></AU_GROUPOWNER>
        <AU_DBOPERATION><![CDATA[Update/Insert]]></AU_DBOPERATION>
    </AU_ADVDBTarget>
    <AU_ADVDBTarget>
        <AU_SYNCHRONIZED><![CDATA[0]]></AU_SYNCHRONIZED>
        <AU_DESCRIPTION><![CDATA[CDMH_ADT_ST_PCOR3_Prescribing]]></AU_DESCRIPTION>
        <AU_DBCONNECTIONINFO><![CDATA[DatabaseConnectionInfo:172031051140152941823097700006]]></AU_DBCONNECTIONINFO>
        <AU_MODIFIEDDATE><![CDATA[2018-11-20 00:36:48.0]]></AU_MODIFIEDDATE>
        <AU_PERSISTDATAENABLED><![CDATA[0]]></AU_PERSISTDATAENABLED>
        <AU_SCHEMATYPEDID><![CDATA[AdvanceDbSchema:172031051140154267405538700545]]></AU_SCHEMATYPEDID>
        <AU_ENTITYNAME><![CDATA[CDMH_ADT_ST_PCOR3_Prescribing]]></AU_ENTITYNAME>
        <AU_REVISION><![CDATA[null]]></AU_REVISION>
        <AU_PROJECTOWNER><![CDATA[Project:172031051140153235657616600048]]></AU_PROJECTOWNER>
        <AU_CREATIONDATE><![CDATA[2018-11-20 00:36:48.0]]></AU_CREATIONDATE>
        <AU_ID><![CDATA[172031051140154267420817800552]]></AU_ID>
        <AU_COMMENTS><![CDATA[null]]></AU_COMMENTS>
        <AU_PREVIOUSVERSION><![CDATA[null]]></AU_PREVIOUSVERSION>
        <AU_USEROWNER><![CDATA[IndigoUser:11525440749190]]></AU_USEROWNER>
        <AU_ACTIVEVERSION><![CDATA[1]]></AU_ACTIVEVERSION>
        <AU_PERMISSIONMASK><![CDATA[750]]></AU_PERMISSIONMASK>
        <AU_MODIFIEDBY><![CDATA[IndigoUser:11525440749190]]></AU_MODIFIEDBY>
        <AU_VERSION><![CDATA[1]]></AU_VERSION>
        <AU_GROUPOWNER><![CDATA[IndigoGroup:127000000001107055548721600002]]></AU_GROUPOWNER>
        <AU_DBOPERATION><![CDATA[Update/Insert]]></AU_DBOPERATION>
    </AU_ADVDBTarget>
    <AU_ADVDBTarget>
        <AU_SYNCHRONIZED><![CDATA[0]]></AU_SYNCHRONIZED>
        <AU_DESCRIPTION><![CDATA[CDMH_ADT_ST_PCOR3_Dispensing]]></AU_DESCRIPTION>
        <AU_DBCONNECTIONINFO><![CDATA[DatabaseConnectionInfo:172031051140152941823097700006]]></AU_DBCONNECTIONINFO>
        <AU_MODIFIEDDATE><![CDATA[2018-11-20 00:37:19.0]]></AU_MODIFIEDDATE>
        <AU_PERSISTDATAENABLED><![CDATA[0]]></AU_PERSISTDATAENABLED>
        <AU_SCHEMATYPEDID><![CDATA[AdvanceDbSchema:172031051140154267377977200531]]></AU_SCHEMATYPEDID>
        <AU_ENTITYNAME><![CDATA[CDMH_ADT_ST_PCOR3_Dispensing]]></AU_ENTITYNAME>
        <AU_REVISION><![CDATA[null]]></AU_REVISION>
        <AU_PROJECTOWNER><![CDATA[Project:172031051140153235657616600048]]></AU_PROJECTOWNER>
        <AU_CREATIONDATE><![CDATA[2018-11-20 00:37:19.0]]></AU_CREATIONDATE>
        <AU_ID><![CDATA[172031051140154267423913000555]]></AU_ID>
        <AU_COMMENTS><![CDATA[null]]></AU_COMMENTS>
        <AU_PREVIOUSVERSION><![CDATA[null]]></AU_PREVIOUSVERSION>
        <AU_USEROWNER><![CDATA[IndigoUser:11525440749190]]></AU_USEROWNER>
        <AU_ACTIVEVERSION><![CDATA[1]]></AU_ACTIVEVERSION>
        <AU_PERMISSIONMASK><![CDATA[750]]></AU_PERMISSIONMASK>
        <AU_MODIFIEDBY><![CDATA[IndigoUser:11525440749190]]></AU_MODIFIEDBY>
        <AU_VERSION><![CDATA[1]]></AU_VERSION>
        <AU_GROUPOWNER><![CDATA[IndigoGroup:127000000001107055548721600002]]></AU_GROUPOWNER>
        <AU_DBOPERATION><![CDATA[Update/Insert]]></AU_DBOPERATION>
    </AU_ADVDBTarget>
    <AU_ADVDBTarget>
        <AU_SYNCHRONIZED><![CDATA[0]]></AU_SYNCHRONIZED>
        <AU_DESCRIPTION><![CDATA[CDMH_ADT_ST_PCOR3_Demographic]]></AU_DESCRIPTION>
        <AU_DBCONNECTIONINFO><![CDATA[DatabaseConnectionInfo:172031051140152941823097700006]]></AU_DBCONNECTIONINFO>
        <AU_MODIFIEDDATE><![CDATA[2018-11-20 00:37:37.0]]></AU_MODIFIEDDATE>
        <AU_PERSISTDATAENABLED><![CDATA[0]]></AU_PERSISTDATAENABLED>
        <AU_SCHEMATYPEDID><![CDATA[AdvanceDbSchema:172031051140154267381553600534]]></AU_SCHEMATYPEDID>
        <AU_ENTITYNAME><![CDATA[CDMH_ADT_ST_PCOR3_Demographic]]></AU_ENTITYNAME>
        <AU_REVISION><![CDATA[null]]></AU_REVISION>
        <AU_PROJECTOWNER><![CDATA[Project:172031051140153235657616600048]]></AU_PROJECTOWNER>
        <AU_CREATIONDATE><![CDATA[2018-11-20 00:37:37.0]]></AU_CREATIONDATE>
        <AU_ID><![CDATA[172031051140154267425792600557]]></AU_ID>
        <AU_COMMENTS><![CDATA[null]]></AU_COMMENTS>
        <AU_PREVIOUSVERSION><![CDATA[null]]></AU_PREVIOUSVERSION>
        <AU_USEROWNER><![CDATA[IndigoUser:11525440749190]]></AU_USEROWNER>
        <AU_ACTIVEVERSION><![CDATA[1]]></AU_ACTIVEVERSION>
        <AU_PERMISSIONMASK><![CDATA[750]]></AU_PERMISSIONMASK>
        <AU_MODIFIEDBY><![CDATA[IndigoUser:11525440749190]]></AU_MODIFIEDBY>
        <AU_VERSION><![CDATA[1]]></AU_VERSION>
        <AU_GROUPOWNER><![CDATA[IndigoGroup:127000000001107055548721600002]]></AU_GROUPOWNER>
        <AU_DBOPERATION><![CDATA[Update/Insert]]></AU_DBOPERATION>
    </AU_ADVDBTarget>
    <AU_ADVDBTarget>
        <AU_SYNCHRONIZED><![CDATA[0]]></AU_SYNCHRONIZED>
        <AU_DESCRIPTION><![CDATA[CDMH_ADT_ST_PCOR3_DeathCause]]></AU_DESCRIPTION>
        <AU_DBCONNECTIONINFO><![CDATA[DatabaseConnectionInfo:172031051140152941823097700006]]></AU_DBCONNECTIONINFO>
        <AU_MODIFIEDDATE><![CDATA[2018-11-20 00:37:53.0]]></AU_MODIFIEDDATE>
        <AU_PERSISTDATAENABLED><![CDATA[0]]></AU_PERSISTDATAENABLED>
        <AU_SCHEMATYPEDID><![CDATA[AdvanceDbSchema:172031051140153489101861200320]]></AU_SCHEMATYPEDID>
        <AU_ENTITYNAME><![CDATA[CDMH_ADT_ST_PCOR3_DeathCause]]></AU_ENTITYNAME>
        <AU_REVISION><![CDATA[null]]></AU_REVISION>
        <AU_PROJECTOWNER><![CDATA[Project:172031051140153235657616600048]]></AU_PROJECTOWNER>
        <AU_CREATIONDATE><![CDATA[2018-11-20 00:37:53.0]]></AU_CREATIONDATE>
        <AU_ID><![CDATA[172031051140154267427394100559]]></AU_ID>
        <AU_COMMENTS><![CDATA[null]]></AU_COMMENTS>
        <AU_PREVIOUSVERSION><![CDATA[null]]></AU_PREVIOUSVERSION>
        <AU_USEROWNER><![CDATA[IndigoUser:11525440749190]]></AU_USEROWNER>
        <AU_ACTIVEVERSION><![CDATA[1]]></AU_ACTIVEVERSION>
        <AU_PERMISSIONMASK><![CDATA[750]]></AU_PERMISSIONMASK>
        <AU_MODIFIEDBY><![CDATA[IndigoUser:11525440749190]]></AU_MODIFIEDBY>
        <AU_VERSION><![CDATA[1]]></AU_VERSION>
        <AU_GROUPOWNER><![CDATA[IndigoGroup:127000000001107055548721600002]]></AU_GROUPOWNER>
        <AU_DBOPERATION><![CDATA[Update/Insert]]></AU_DBOPERATION>
    </AU_ADVDBTarget>
    <AU_ADVDBTarget>
        <AU_SYNCHRONIZED><![CDATA[0]]></AU_SYNCHRONIZED>
        <AU_DESCRIPTION><![CDATA[CDMH_ADT_ST_PCOR3_Death]]></AU_DESCRIPTION>
        <AU_DBCONNECTIONINFO><![CDATA[DatabaseConnectionInfo:172031051140152941823097700006]]></AU_DBCONNECTIONINFO>
        <AU_MODIFIEDDATE><![CDATA[2018-11-20 00:38:10.0]]></AU_MODIFIEDDATE>
        <AU_PERSISTDATAENABLED><![CDATA[0]]></AU_PERSISTDATAENABLED>
        <AU_SCHEMATYPEDID><![CDATA[AdvanceDbSchema:172031051140154267402223200542]]></AU_SCHEMATYPEDID>
        <AU_ENTITYNAME><![CDATA[CDMH_ADT_ST_PCOR3_Death]]></AU_ENTITYNAME>
        <AU_REVISION><![CDATA[null]]></AU_REVISION>
        <AU_PROJECTOWNER><![CDATA[Project:172031051140153235657616600048]]></AU_PROJECTOWNER>
        <AU_CREATIONDATE><![CDATA[2018-11-20 00:38:10.0]]></AU_CREATIONDATE>
        <AU_ID><![CDATA[172031051140154267429076900561]]></AU_ID>
        <AU_COMMENTS><![CDATA[null]]></AU_COMMENTS>
        <AU_PREVIOUSVERSION><![CDATA[null]]></AU_PREVIOUSVERSION>
        <AU_USEROWNER><![CDATA[IndigoUser:11525440749190]]></AU_USEROWNER>
        <AU_ACTIVEVERSION><![CDATA[1]]></AU_ACTIVEVERSION>
        <AU_PERMISSIONMASK><![CDATA[750]]></AU_PERMISSIONMASK>
        <AU_MODIFIEDBY><![CDATA[IndigoUser:11525440749190]]></AU_MODIFIEDBY>
        <AU_VERSION><![CDATA[1]]></AU_VERSION>
        <AU_GROUPOWNER><![CDATA[IndigoGroup:127000000001107055548721600002]]></AU_GROUPOWNER>
        <AU_DBOPERATION><![CDATA[Update/Insert]]></AU_DBOPERATION>
    </AU_ADVDBTarget>
    <AU_ADVDBTarget>
        <AU_SYNCHRONIZED><![CDATA[0]]></AU_SYNCHRONIZED>
        <AU_DESCRIPTION><![CDATA[CDMH_ADT_ST_PCOR3_Encounter]]></AU_DESCRIPTION>
        <AU_DBCONNECTIONINFO><![CDATA[DatabaseConnectionInfo:172031051140152941823097700006]]></AU_DBCONNECTIONINFO>
        <AU_MODIFIEDDATE><![CDATA[2018-11-20 00:38:34.0]]></AU_MODIFIEDDATE>
        <AU_PERSISTDATAENABLED><![CDATA[0]]></AU_PERSISTDATAENABLED>
        <AU_SCHEMATYPEDID><![CDATA[AdvanceDbSchema:172031051140154267408561600548]]></AU_SCHEMATYPEDID>
        <AU_ENTITYNAME><![CDATA[CDMH_ADT_ST_PCOR3_Encounter]]></AU_ENTITYNAME>
        <AU_REVISION><![CDATA[null]]></AU_REVISION>
        <AU_PROJECTOWNER><![CDATA[Project:172031051140153235657616600048]]></AU_PROJECTOWNER>
        <AU_CREATIONDATE><![CDATA[2018-11-20 00:38:34.0]]></AU_CREATIONDATE>
        <AU_ID><![CDATA[172031051140154267431434600563]]></AU_ID>
        <AU_COMMENTS><![CDATA[null]]></AU_COMMENTS>
        <AU_PREVIOUSVERSION><![CDATA[null]]></AU_PREVIOUSVERSION>
        <AU_USEROWNER><![CDATA[IndigoUser:11525440749190]]></AU_USEROWNER>
        <AU_ACTIVEVERSION><![CDATA[1]]></AU_ACTIVEVERSION>
        <AU_PERMISSIONMASK><![CDATA[750]]></AU_PERMISSIONMASK>
        <AU_MODIFIEDBY><![CDATA[IndigoUser:11525440749190]]></AU_MODIFIEDBY>
        <AU_VERSION><![CDATA[1]]></AU_VERSION>
        <AU_GROUPOWNER><![CDATA[IndigoGroup:127000000001107055548721600002]]></AU_GROUPOWNER>
        <AU_DBOPERATION><![CDATA[Update/Insert]]></AU_DBOPERATION>
    </AU_ADVDBTarget>
    <AU_ADVDBTarget>
        <AU_SYNCHRONIZED><![CDATA[0]]></AU_SYNCHRONIZED>
        <AU_DESCRIPTION><![CDATA[CDMH_ADT_ST_PCOR3_Diagnosis]]></AU_DESCRIPTION>
        <AU_DBCONNECTIONINFO><![CDATA[DatabaseConnectionInfo:172031051140152941823097700006]]></AU_DBCONNECTIONINFO>
        <AU_MODIFIEDDATE><![CDATA[2018-11-20 00:40:25.0]]></AU_MODIFIEDDATE>
        <AU_PERSISTDATAENABLED><![CDATA[0]]></AU_PERSISTDATAENABLED>
        <AU_SCHEMATYPEDID><![CDATA[AdvanceDbSchema:172031051140154267440165600567]]></AU_SCHEMATYPEDID>
        <AU_ENTITYNAME><![CDATA[CDMH_ADT_ST_PCOR3_Diagnosis]]></AU_ENTITYNAME>
        <AU_REVISION><![CDATA[null]]></AU_REVISION>
        <AU_PROJECTOWNER><![CDATA[Project:172031051140153235657616600048]]></AU_PROJECTOWNER>
        <AU_CREATIONDATE><![CDATA[2018-11-20 00:39:08.0]]></AU_CREATIONDATE>
        <AU_ID><![CDATA[172031051140154267434847000565]]></AU_ID>
        <AU_COMMENTS><![CDATA[null]]></AU_COMMENTS>
        <AU_PREVIOUSVERSION><![CDATA[null]]></AU_PREVIOUSVERSION>
        <AU_USEROWNER><![CDATA[IndigoUser:11525440749190]]></AU_USEROWNER>
        <AU_ACTIVEVERSION><![CDATA[1]]></AU_ACTIVEVERSION>
        <AU_PERMISSIONMASK><![CDATA[750]]></AU_PERMISSIONMASK>
        <AU_MODIFIEDBY><![CDATA[IndigoUser:11525440749190]]></AU_MODIFIEDBY>
        <AU_VERSION><![CDATA[1]]></AU_VERSION>
        <AU_GROUPOWNER><![CDATA[IndigoGroup:127000000001107055548721600002]]></AU_GROUPOWNER>
        <AU_DBOPERATION><![CDATA[Update/Insert]]></AU_DBOPERATION>
    </AU_ADVDBTarget>
    <columnInfo dbtype="2">
        <column name="AU_ID" type="12" />
        <column name="AU_VERSION" type="12" />
        <column name="AU_PREVIOUSVERSION" type="12" />
        <column name="AU_ACTIVEVERSION" type="2" />
        <column name="AU_ENTITYNAME" type="12" />
        <column name="AU_USEROWNER" type="12" />
        <column name="AU_GROUPOWNER" type="12" />
        <column name="AU_PERMISSIONMASK" type="12" />
        <column name="AU_DESCRIPTION" type="12" />
        <column name="AU_COMMENTS" type="12" />
        <column name="AU_MODIFIEDBY" type="12" />
        <column name="AU_CREATIONDATE" type="93" />
        <column name="AU_MODIFIEDDATE" type="93" />
        <column name="AU_REVISION" type="12" />
        <column name="AU_SYNCHRONIZED" type="2" />
        <column name="AU_PROJECTOWNER" type="12" />
        <column name="AU_PERSISTDATAENABLED" type="2" />
        <column name="AU_DBCONNECTIONINFO" type="12" />
        <column name="AU_SCHEMATYPEDID" type="12" />
        <column name="AU_DBOPERATION" type="12" />
    </columnInfo>
</data>
