<?xml version="1.0" encoding="UTF-8"?>
<data>
    <AU_CONTEXTUPLOAD>
        <AU_CREATIONDATE><![CDATA[2018-07-24 20:50:14.0]]></AU_CREATIONDATE>
        <AU_REVISION><![CDATA[null]]></AU_REVISION>
        <AU_ACTIVEVERSION><![CDATA[1]]></AU_ACTIVEVERSION>
        <AU_SCHEMAID><![CDATA[AdvanceDbSchema:172031051140153244625645600170]]></AU_SCHEMAID>
        <AU_PROJECTOWNER><![CDATA[Project:172031051140153235657616600048]]></AU_PROJECTOWNER>
        <AU_COMMENTS><![CDATA[null]]></AU_COMMENTS>
        <AU_MODIFIEDDATE><![CDATA[2018-08-20 18:29:31.0]]></AU_MODIFIEDDATE>
        <AU_GROUPOWNER><![CDATA[IndigoGroup:127000000001107055548721600002]]></AU_GROUPOWNER>
        <AU_ID><![CDATA[172031051140153246541448500211]]></AU_ID>
        <AU_PREVIOUSVERSION><![CDATA[null]]></AU_PREVIOUSVERSION>
        <AU_VERSION><![CDATA[1]]></AU_VERSION>
        <AU_USEROWNER><![CDATA[IndigoUser:11525440749190]]></AU_USEROWNER>
        <AU_MODIFIEDBY><![CDATA[IndigoUser:11533224673317]]></AU_MODIFIEDBY>
        <AU_ENTITYNAME><![CDATA[CDMH_CU_ToSetJson]]></AU_ENTITYNAME>
        <AU_SYNCHRONIZED><![CDATA[0]]></AU_SYNCHRONIZED>
        <AU_PERMISSIONMASK><![CDATA[750]]></AU_PERMISSIONMASK>
        <AU_DESCRIPTION><![CDATA[To set json from database source]]></AU_DESCRIPTION>
        <AU_CONTEXTMAP><![CDATA[<?xml version="1.0" encoding="UTF-8"?><contextMap><map><name>ActualJson</name><value>/DB/QUERY_REQUEST/INPUT_QUERY</value></map></contextMap>]]></AU_CONTEXTMAP>
    </AU_CONTEXTUPLOAD>
    <AU_CONTEXTUPLOAD>
        <AU_CREATIONDATE><![CDATA[2018-07-24 20:55:12.0]]></AU_CREATIONDATE>
        <AU_REVISION><![CDATA[null]]></AU_REVISION>
        <AU_ACTIVEVERSION><![CDATA[1]]></AU_ACTIVEVERSION>
        <AU_SCHEMAID><![CDATA[AdvanceDbSchema:172031051140153238270788500101]]></AU_SCHEMAID>
        <AU_PROJECTOWNER><![CDATA[Project:172031051140153235657616600048]]></AU_PROJECTOWNER>
        <AU_COMMENTS><![CDATA[null]]></AU_COMMENTS>
        <AU_MODIFIEDDATE><![CDATA[2018-09-21 15:56:27.0]]></AU_MODIFIEDDATE>
        <AU_GROUPOWNER><![CDATA[IndigoGroup:127000000001107055548721600002]]></AU_GROUPOWNER>
        <AU_ID><![CDATA[172031051140153246571283400214]]></AU_ID>
        <AU_PREVIOUSVERSION><![CDATA[null]]></AU_PREVIOUSVERSION>
        <AU_VERSION><![CDATA[1]]></AU_VERSION>
        <AU_USEROWNER><![CDATA[IndigoUser:11525440749190]]></AU_USEROWNER>
        <AU_MODIFIEDBY><![CDATA[IndigoUser:11525440749190]]></AU_MODIFIEDBY>
        <AU_ENTITYNAME><![CDATA[CDMH_CU_getJson]]></AU_ENTITYNAME>
        <AU_SYNCHRONIZED><![CDATA[0]]></AU_SYNCHRONIZED>
        <AU_PERMISSIONMASK><![CDATA[750]]></AU_PERMISSIONMASK>
        <AU_DESCRIPTION><![CDATA[To get Json from CDMHQuerySelectionCriteriaValue table]]></AU_DESCRIPTION>
        <AU_CONTEXTMAP><![CDATA[<?xml version="1.0" encoding="UTF-8"?><contextMap><map><name>UserInfoJson</name><value>/DB/DATA_PARTNER/CRITERIA_TRANS/TRANSLATED_VALUE</value></map><map><name>PartnerID</name><value>/DB/DATA_PARTNER/DATA_PARTNER_ID</value></map><map><name>PartnerName</name><value>/DB/DATA_PARTNER/SOURCE_NAME</value></map><map><name>PartnerVersion</name><value>/DB/DATA_PARTNER/SOURCE_VERSION</value></map><map><name>CriteriavalueID</name><value>/DB/DATA_PARTNER/CRITERIA_TRANS/CRITERIA_TRANS_ID</value></map><map><name>QueryTemplate</name><value>/DB/DATA_PARTNER/QUERY_TEMPLATE</value></map></contextMap>]]></AU_CONTEXTMAP>
    </AU_CONTEXTUPLOAD>
    <AU_CONTEXTUPLOAD>
        <AU_CREATIONDATE><![CDATA[2018-07-24 21:00:35.0]]></AU_CREATIONDATE>
        <AU_REVISION><![CDATA[null]]></AU_REVISION>
        <AU_ACTIVEVERSION><![CDATA[1]]></AU_ACTIVEVERSION>
        <AU_SCHEMAID><![CDATA[AdvanceDbSchema:172031051140153245588082800208]]></AU_SCHEMAID>
        <AU_PROJECTOWNER><![CDATA[Project:172031051140153235657616600048]]></AU_PROJECTOWNER>
        <AU_COMMENTS><![CDATA[null]]></AU_COMMENTS>
        <AU_MODIFIEDDATE><![CDATA[2018-10-29 23:47:25.0]]></AU_MODIFIEDDATE>
        <AU_GROUPOWNER><![CDATA[IndigoGroup:127000000001107055548721600002]]></AU_GROUPOWNER>
        <AU_ID><![CDATA[172031051140153246603543200216]]></AU_ID>
        <AU_PREVIOUSVERSION><![CDATA[null]]></AU_PREVIOUSVERSION>
        <AU_VERSION><![CDATA[1]]></AU_VERSION>
        <AU_USEROWNER><![CDATA[IndigoUser:11525440749190]]></AU_USEROWNER>
        <AU_MODIFIEDBY><![CDATA[IndigoUser:11525440749190]]></AU_MODIFIEDBY>
        <AU_ENTITYNAME><![CDATA[CDMH_CU_TranslatedQuery]]></AU_ENTITYNAME>
        <AU_SYNCHRONIZED><![CDATA[0]]></AU_SYNCHRONIZED>
        <AU_PERMISSIONMASK><![CDATA[750]]></AU_PERMISSIONMASK>
        <AU_DESCRIPTION><![CDATA[CDMH_CU_TranslatedQuery]]></AU_DESCRIPTION>
        <AU_CONTEXTMAP><![CDATA[<?xml version="1.0" encoding="UTF-8"?><contextMap><map><name>Query</name><value>/DB/QUERY_REPR/QUERY_SYNTAX</value></map><map><name>QUERYTRANSLATEID</name><value>/DB/QUERY_REPR/QUERY_REPR_ID</value></map><map><name>PARTNERSYSTEMID</name><value>/DB/QUERY_REPR/DATA_PARTNER_ID</value></map><map><name>SOURCENAME</name><value>/DB/QUERY_REPR/DATA_PARTNER/SOURCE_NAME</value></map><map><name>SOURCEVERSION</name><value>/DB/QUERY_REPR/DATA_PARTNER/SOURCE_VERSION</value></map><map><name>QUERYREQUESTID</name><value>/DB/QUERY_REPR/QUERY_REQUEST_ID</value></map><map><name>OUTBOUNDLOC</name><value>/DB/QUERY_REPR/DATA_PARTNER/OUTBOUND_LOC</value></map><map><name>SFTPUSERID</name><value>/DB/QUERY_REPR/DATA_PARTNER/SFTP_USER_ID</value></map><map><name>SFTPPASSWORD</name><value>/DB/QUERY_REPR/DATA_PARTNER/SFTP_PASSWORD</value></map><map><name>SFTPKEY</name><value>/DB/QUERY_REPR/DATA_PARTNER/SFTP_KEY</value></map><map><name>FileName_Prefix</name><value>/DB/QUERY_REPR/QUERY_ID</value></map><map><name>SFTPHOSTNAME</name><value>/DB/QUERY_REPR/DATA_PARTNER/SFTP_HOST_NAME</value></map><map><name>INBOUNDLOC</name><value>/DB/QUERY_REPR/DATA_PARTNER/INBOUND_LOC</value></map></contextMap>]]></AU_CONTEXTMAP>
    </AU_CONTEXTUPLOAD>
    <AU_CONTEXTUPLOAD>
        <AU_CREATIONDATE><![CDATA[2019-02-06 19:28:29.0]]></AU_CREATIONDATE>
        <AU_REVISION><![CDATA[null]]></AU_REVISION>
        <AU_ACTIVEVERSION><![CDATA[1]]></AU_ACTIVEVERSION>
        <AU_SCHEMAID><![CDATA[TextSchema:172031051140154948093619200026]]></AU_SCHEMAID>
        <AU_PROJECTOWNER><![CDATA[Project:172031051140153235657616600048]]></AU_PROJECTOWNER>
        <AU_COMMENTS><![CDATA[null]]></AU_COMMENTS>
        <AU_MODIFIEDDATE><![CDATA[2019-02-06 19:28:29.0]]></AU_MODIFIEDDATE>
        <AU_GROUPOWNER><![CDATA[IndigoGroup:127000000001107055548721600002]]></AU_GROUPOWNER>
        <AU_ID><![CDATA[172031051140154948130952400029]]></AU_ID>
        <AU_PREVIOUSVERSION><![CDATA[null]]></AU_PREVIOUSVERSION>
        <AU_VERSION><![CDATA[1]]></AU_VERSION>
        <AU_USEROWNER><![CDATA[IndigoUser:11525440749190]]></AU_USEROWNER>
        <AU_MODIFIEDBY><![CDATA[IndigoUser:11525440749190]]></AU_MODIFIEDBY>
        <AU_ENTITYNAME><![CDATA[CMDH_CU_FromBulkJSON]]></AU_ENTITYNAME>
        <AU_SYNCHRONIZED><![CDATA[0]]></AU_SYNCHRONIZED>
        <AU_PERMISSIONMASK><![CDATA[750]]></AU_PERMISSIONMASK>
        <AU_DESCRIPTION><![CDATA[CMDH_CU_FromBulkJSON]]></AU_DESCRIPTION>
        <AU_CONTEXTMAP><![CDATA[<?xml version="1.0" encoding="UTF-8"?><contextMap><map><name>JsonInput</name><value>/Root/Record/Data</value></map></contextMap>]]></AU_CONTEXTMAP>
    </AU_CONTEXTUPLOAD>
    <AU_CONTEXTUPLOAD>
        <AU_CREATIONDATE><![CDATA[2018-07-24 21:03:10.0]]></AU_CREATIONDATE>
        <AU_REVISION><![CDATA[null]]></AU_REVISION>
        <AU_ACTIVEVERSION><![CDATA[1]]></AU_ACTIVEVERSION>
        <AU_SCHEMAID><![CDATA[AdvanceDbSchema:172031051140153244583838000167]]></AU_SCHEMAID>
        <AU_PROJECTOWNER><![CDATA[Project:172031051140153235657616600048]]></AU_PROJECTOWNER>
        <AU_COMMENTS><![CDATA[null]]></AU_COMMENTS>
        <AU_MODIFIEDDATE><![CDATA[2018-08-02 18:30:51.0]]></AU_MODIFIEDDATE>
        <AU_GROUPOWNER><![CDATA[IndigoGroup:127000000001107055548721600002]]></AU_GROUPOWNER>
        <AU_ID><![CDATA[172031051140153246619038000218]]></AU_ID>
        <AU_PREVIOUSVERSION><![CDATA[null]]></AU_PREVIOUSVERSION>
        <AU_VERSION><![CDATA[1]]></AU_VERSION>
        <AU_USEROWNER><![CDATA[IndigoUser:11525440749190]]></AU_USEROWNER>
        <AU_MODIFIEDBY><![CDATA[IndigoUser:11525440749190]]></AU_MODIFIEDBY>
        <AU_ENTITYNAME><![CDATA[CDMH_CU_getIntialJsonUsingQueryTranslateID]]></AU_ENTITYNAME>
        <AU_SYNCHRONIZED><![CDATA[0]]></AU_SYNCHRONIZED>
        <AU_PERMISSIONMASK><![CDATA[750]]></AU_PERMISSIONMASK>
        <AU_DESCRIPTION><![CDATA[get Initial Json Using QueryTranslateID]]></AU_DESCRIPTION>
        <AU_CONTEXTMAP><![CDATA[<?xml version="1.0" encoding="UTF-8"?><contextMap><map><name>Json</name><value>/DB/QUERY_REQUEST/INPUT_QUERY</value></map></contextMap>]]></AU_CONTEXTMAP>
    </AU_CONTEXTUPLOAD>
    <AU_CONTEXTUPLOAD>
        <AU_CREATIONDATE><![CDATA[2018-08-28 22:35:43.0]]></AU_CREATIONDATE>
        <AU_REVISION><![CDATA[null]]></AU_REVISION>
        <AU_ACTIVEVERSION><![CDATA[1]]></AU_ACTIVEVERSION>
        <AU_SCHEMAID><![CDATA[TextSchema:172031051140153549568064300479]]></AU_SCHEMAID>
        <AU_PROJECTOWNER><![CDATA[Project:172031051140153235657616600048]]></AU_PROJECTOWNER>
        <AU_COMMENTS><![CDATA[null]]></AU_COMMENTS>
        <AU_MODIFIEDDATE><![CDATA[2018-08-29 02:07:58.0]]></AU_MODIFIEDDATE>
        <AU_GROUPOWNER><![CDATA[IndigoGroup:127000000001107055548721600002]]></AU_GROUPOWNER>
        <AU_ID><![CDATA[172031051140153549574368700481]]></AU_ID>
        <AU_PREVIOUSVERSION><![CDATA[null]]></AU_PREVIOUSVERSION>
        <AU_VERSION><![CDATA[1]]></AU_VERSION>
        <AU_USEROWNER><![CDATA[IndigoUser:11525440749190]]></AU_USEROWNER>
        <AU_MODIFIEDBY><![CDATA[IndigoUser:11525440749190]]></AU_MODIFIEDBY>
        <AU_ENTITYNAME><![CDATA[CDMH_CU_setTableName]]></AU_ENTITYNAME>
        <AU_SYNCHRONIZED><![CDATA[0]]></AU_SYNCHRONIZED>
        <AU_PERMISSIONMASK><![CDATA[750]]></AU_PERMISSIONMASK>
        <AU_DESCRIPTION><![CDATA[CDMH_CU_setTableName]]></AU_DESCRIPTION>
        <AU_CONTEXTMAP><![CDATA[<?xml version="1.0" encoding="UTF-8"?><contextMap><map><name>QUERYID</name><value>/Root/Record/tableList</value></map></contextMap>]]></AU_CONTEXTMAP>
    </AU_CONTEXTUPLOAD>
    <AU_CONTEXTUPLOAD>
        <AU_CREATIONDATE><![CDATA[2018-10-24 21:53:11.0]]></AU_CREATIONDATE>
        <AU_REVISION><![CDATA[null]]></AU_REVISION>
        <AU_ACTIVEVERSION><![CDATA[1]]></AU_ACTIVEVERSION>
        <AU_SCHEMAID><![CDATA[AdvanceDbSchema:172031051140154041778945200081]]></AU_SCHEMAID>
        <AU_PROJECTOWNER><![CDATA[Project:172031051140153235657616600048]]></AU_PROJECTOWNER>
        <AU_COMMENTS><![CDATA[null]]></AU_COMMENTS>
        <AU_MODIFIEDDATE><![CDATA[2018-10-25 14:35:54.0]]></AU_MODIFIEDDATE>
        <AU_GROUPOWNER><![CDATA[IndigoGroup:127000000001107055548721600002]]></AU_GROUPOWNER>
        <AU_ID><![CDATA[172031051140154041799166700085]]></AU_ID>
        <AU_PREVIOUSVERSION><![CDATA[null]]></AU_PREVIOUSVERSION>
        <AU_VERSION><![CDATA[1]]></AU_VERSION>
        <AU_USEROWNER><![CDATA[IndigoUser:11525440749190]]></AU_USEROWNER>
        <AU_MODIFIEDBY><![CDATA[IndigoUser:11525440749190]]></AU_MODIFIEDBY>
        <AU_ENTITYNAME><![CDATA[CDMH_CU_setDynamicEntities]]></AU_ENTITYNAME>
        <AU_SYNCHRONIZED><![CDATA[0]]></AU_SYNCHRONIZED>
        <AU_PERMISSIONMASK><![CDATA[750]]></AU_PERMISSIONMASK>
        <AU_DESCRIPTION><![CDATA[CDMH_CU_setDynamicEntities]]></AU_DESCRIPTION>
        <AU_CONTEXTMAP><![CDATA[<?xml version="1.0" encoding="UTF-8"?><contextMap><map><name>SOURCE_ENTITY</name><value>/DB/DYNAMIC_PROCESS/SOURCE_ENTITY</value></map><map><name>MAPPING_ENTITY</name><value>/DB/DYNAMIC_PROCESS/MAPPING_ENTITY</value></map><map><name>TARGET_ENTITY</name><value>/DB/DYNAMIC_PROCESS/TARGET_ENTITY</value></map><map><name>FILE_ID</name><value>/DB/DYNAMIC_PROCESS/QUERY_ID</value></map></contextMap>]]></AU_CONTEXTMAP>
    </AU_CONTEXTUPLOAD>
    <AU_CONTEXTUPLOAD>
        <AU_CREATIONDATE><![CDATA[2018-11-01 17:57:28.0]]></AU_CREATIONDATE>
        <AU_REVISION><![CDATA[null]]></AU_REVISION>
        <AU_ACTIVEVERSION><![CDATA[1]]></AU_ACTIVEVERSION>
        <AU_SCHEMAID><![CDATA[AdvanceDbSchema:172031051140153238227068100099]]></AU_SCHEMAID>
        <AU_PROJECTOWNER><![CDATA[Project:172031051140153235657616600048]]></AU_PROJECTOWNER>
        <AU_COMMENTS><![CDATA[null]]></AU_COMMENTS>
        <AU_MODIFIEDDATE><![CDATA[2018-11-01 19:58:34.0]]></AU_MODIFIEDDATE>
        <AU_GROUPOWNER><![CDATA[IndigoGroup:127000000001107055548721600002]]></AU_GROUPOWNER>
        <AU_ID><![CDATA[172031051140154109504824500127]]></AU_ID>
        <AU_PREVIOUSVERSION><![CDATA[null]]></AU_PREVIOUSVERSION>
        <AU_VERSION><![CDATA[1]]></AU_VERSION>
        <AU_USEROWNER><![CDATA[IndigoUser:11525440749190]]></AU_USEROWNER>
        <AU_MODIFIEDBY><![CDATA[IndigoUser:11525440749190]]></AU_MODIFIEDBY>
        <AU_ENTITYNAME><![CDATA[CDMH_CU_PartnerInfo]]></AU_ENTITYNAME>
        <AU_SYNCHRONIZED><![CDATA[0]]></AU_SYNCHRONIZED>
        <AU_PERMISSIONMASK><![CDATA[750]]></AU_PERMISSIONMASK>
        <AU_DESCRIPTION><![CDATA[partner info]]></AU_DESCRIPTION>
        <AU_CONTEXTMAP><![CDATA[<?xml version="1.0" encoding="UTF-8"?><contextMap><map><name>PartnerId</name><value>/DB/DATA_PARTNER/DATA_PARTNER_ID</value></map><map><name>SourceName</name><value>/DB/DATA_PARTNER/SOURCE_NAME</value></map></contextMap>]]></AU_CONTEXTMAP>
    </AU_CONTEXTUPLOAD>
    <columnInfo dbtype="2">
        <column name="AU_ID" type="12"/>
        <column name="AU_VERSION" type="12"/>
        <column name="AU_PREVIOUSVERSION" type="12"/>
        <column name="AU_ACTIVEVERSION" type="2"/>
        <column name="AU_ENTITYNAME" type="12"/>
        <column name="AU_USEROWNER" type="12"/>
        <column name="AU_GROUPOWNER" type="12"/>
        <column name="AU_PERMISSIONMASK" type="12"/>
        <column name="AU_DESCRIPTION" type="12"/>
        <column name="AU_COMMENTS" type="12"/>
        <column name="AU_MODIFIEDBY" type="12"/>
        <column name="AU_CREATIONDATE" type="93"/>
        <column name="AU_MODIFIEDDATE" type="93"/>
        <column name="AU_REVISION" type="12"/>
        <column name="AU_SYNCHRONIZED" type="2"/>
        <column name="AU_PROJECTOWNER" type="12"/>
        <column name="AU_SCHEMAID" type="12"/>
        <column name="AU_CONTEXTMAP" type="2005"/>
    </columnInfo>
</data>
