<?xml version="1.0" encoding="UTF-8"?>
<data>
    
    
    
    <columnInfo dbtype="2">
        <column name="AU_ID" type="12" />
        <column name="AU_VERSION" type="12" />
        <column name="AU_PREVIOUSVERSION" type="12" />
        <column name="AU_ACTIVEVERSION" type="2" />
        <column name="AU_ENTITYNAME" type="12" />
        <column name="AU_USEROWNER" type="12" />
        <column name="AU_GROUPOWNER" type="12" />
        <column name="AU_PERMISSIONMASK" type="12" />
        <column name="AU_DESCRIPTION" type="12" />
        <column name="AU_COMMENTS" type="12" />
        <column name="AU_MODIFIEDBY" type="12" />
        <column name="AU_CREATIONDATE" type="93" />
        <column name="AU_MODIFIEDDATE" type="93" />
        <column name="AU_REVISION" type="12" />
        <column name="AU_SYNCHRONIZED" type="2" />
        <column name="AU_PROJECTOWNER" type="12" />
        <column name="AU_APPTYPE" type="12" />
        <column name="AU_DRIVER" type="12" />
        <column name="AU_URL" type="12" />
        <column name="AU_DBUSER" type="12" />
        <column name="AU_DBPASSWORD" type="12" />
        <column name="AU_ENABLEPOOLING" type="2" />
        <column name="AU_MAXPOOLSIZE" type="12" />
        <column name="AU_MINPOOLSIZE" type="12" />
        <column name="AU_INITIALPOOLSIZE" type="12" />
        <column name="AU_MAXIDLETIME" type="12" />
        <column name="AU_CHECKOUTTIMEOUT" type="12" />
        <column name="AU_DBSCHEMANAME" type="12" />
    </columnInfo>
    <AU_DBCONNECTIONINFO>
        <AU_MAXIDLETIME><![CDATA[10]]></AU_MAXIDLETIME>
        <AU_DBPASSWORD><![CDATA[H6JVkLxvqRZV6wtonJDotg==]]></AU_DBPASSWORD>
        <AU_REVISION><![CDATA[3]]></AU_REVISION>
        <AU_ENABLEPOOLING><![CDATA[0]]></AU_ENABLEPOOLING>
        <AU_URL><![CDATA[jdbc:oracle:thin:@//aspedb.cdxub9wuqznr.us-east-1.rds.amazonaws.com:1522/aspedb]]></AU_URL>
        <AU_SYNCHRONIZED><![CDATA[0]]></AU_SYNCHRONIZED>
        <AU_PERMISSIONMASK><![CDATA[757]]></AU_PERMISSIONMASK>
        <AU_MAXPOOLSIZE><![CDATA[10]]></AU_MAXPOOLSIZE>
        <AU_ACTIVEVERSION><![CDATA[1]]></AU_ACTIVEVERSION>
        <AU_DBSCHEMANAME><![CDATA[null]]></AU_DBSCHEMANAME>
        <AU_PROJECTOWNER><![CDATA[Default]]></AU_PROJECTOWNER>
        <AU_DRIVER><![CDATA[172031051140152941794495600004]]></AU_DRIVER>
        <AU_MINPOOLSIZE><![CDATA[3]]></AU_MINPOOLSIZE>
        <AU_COMMENTS><![CDATA[null]]></AU_COMMENTS>
        <AU_USEROWNER><![CDATA[IndigoUser:127000000001107055536473900001]]></AU_USEROWNER>
        <AU_CHECKOUTTIMEOUT><![CDATA[1000]]></AU_CHECKOUTTIMEOUT>
        <AU_MODIFIEDBY><![CDATA[IndigoUser:11525440749190]]></AU_MODIFIEDBY>
        <AU_ENTITYNAME><![CDATA[CDMH_Oracle_DBinfo]]></AU_ENTITYNAME>
        <AU_INITIALPOOLSIZE><![CDATA[3]]></AU_INITIALPOOLSIZE>
        <AU_GROUPOWNER><![CDATA[IndigoGroup:127000000001107055548721600002]]></AU_GROUPOWNER>
        <AU_ID><![CDATA[172031051140152941823097700006]]></AU_ID>
        <AU_CREATIONDATE><![CDATA[2018-06-19 14:23:50.0]]></AU_CREATIONDATE>
        <AU_APPTYPE><![CDATA[DB_Driver_OracleDB]]></AU_APPTYPE>
        <AU_MODIFIEDDATE><![CDATA[2018-10-08 18:19:28.0]]></AU_MODIFIEDDATE>
        <AU_DESCRIPTION><![CDATA[Db info for aws]]></AU_DESCRIPTION>
        <AU_VERSION><![CDATA[1]]></AU_VERSION>
        <AU_PREVIOUSVERSION><![CDATA[null]]></AU_PREVIOUSVERSION>
        <AU_DBUSER><![CDATA[ASPEDBADMIN]]></AU_DBUSER>
    </AU_DBCONNECTIONINFO>
    
    
</data>
