<?xml version="1.0" encoding="UTF-8"?>
<data>
    <AU_DBDRIVER>
        <AU_ACTIVEVERSION><![CDATA[1]]></AU_ACTIVEVERSION>
        <AU_USEROWNER><![CDATA[IndigoUser:11525440749190]]></AU_USEROWNER>
        <AU_PREVIOUSVERSION><![CDATA[null]]></AU_PREVIOUSVERSION>
        <AU_COMMENTS><![CDATA[null]]></AU_COMMENTS>
        <AU_PROJECTOWNER><![CDATA[Default]]></AU_PROJECTOWNER>
        <AU_VERSION><![CDATA[1]]></AU_VERSION>
        <AU_REVISION><![CDATA[null]]></AU_REVISION>
        <AU_DRIVERCLASSNAME><![CDATA[oracle.jdbc.OracleDriver]]></AU_DRIVERCLASSNAME>
        <AU_ENTITYNAME><![CDATA[DB_Driver_OracleDB]]></AU_ENTITYNAME>
        <AU_PERMISSIONMASK><![CDATA[757]]></AU_PERMISSIONMASK>
        <AU_CREATIONDATE><![CDATA[2018-06-19 14:19:04.0]]></AU_CREATIONDATE>
        <AU_DESCRIPTION><![CDATA[Db]]></AU_DESCRIPTION>
        <AU_SYNCHRONIZED><![CDATA[0]]></AU_SYNCHRONIZED>
        <DRIVERJARFILES><![CDATA[ojdbc14.jar]]></DRIVERJARFILES>
        <AU_GROUPOWNER><![CDATA[IndigoGroup:127000000001107055548721600002]]></AU_GROUPOWNER>
        <AU_ID><![CDATA[172031051140152941794495600004]]></AU_ID>
        <AU_MODIFIEDDATE><![CDATA[2018-10-08 18:19:08.0]]></AU_MODIFIEDDATE>
        <AU_MODIFIEDBY><![CDATA[IndigoUser:11525440749190]]></AU_MODIFIEDBY>
    </AU_DBDRIVER>
    <columnInfo dbtype="2">
        <column name="AU_ID" type="12"/>
        <column name="AU_VERSION" type="12"/>
        <column name="AU_PREVIOUSVERSION" type="12"/>
        <column name="AU_ACTIVEVERSION" type="2"/>
        <column name="AU_ENTITYNAME" type="12"/>
        <column name="AU_USEROWNER" type="12"/>
        <column name="AU_GROUPOWNER" type="12"/>
        <column name="AU_PERMISSIONMASK" type="12"/>
        <column name="AU_DESCRIPTION" type="12"/>
        <column name="AU_COMMENTS" type="12"/>
        <column name="AU_MODIFIEDBY" type="12"/>
        <column name="AU_CREATIONDATE" type="93"/>
        <column name="AU_MODIFIEDDATE" type="93"/>
        <column name="AU_REVISION" type="12"/>
        <column name="AU_SYNCHRONIZED" type="2"/>
        <column name="AU_PROJECTOWNER" type="12"/>
        <column name="DRIVERJARFILES" type="12"/>
        <column name="AU_DRIVERCLASSNAME" type="12"/>
    </columnInfo>
</data>
