<?xml version="1.0" encoding="UTF-8"?>
<data>
    <AU_DBEVENT>
        <AU_SYNCHRONIZED><![CDATA[0]]></AU_SYNCHRONIZED>
        <AU_EVENTSTARTDATETIME><![CDATA[null]]></AU_EVENTSTARTDATETIME>
        <AU_BUSINESSINTERVAL><![CDATA[null]]></AU_BUSINESSINTERVAL>
        <AU_ACTIVATEFLAG><![CDATA[0]]></AU_ACTIVATEFLAG>
        <AU_EXECUTEUPDATEQUERY><![CDATA[1]]></AU_EXECUTEUPDATEQUERY>
        <AU_COMMENTS><![CDATA[null]]></AU_COMMENTS>
        <AU_ACTIVEVERSION><![CDATA[1]]></AU_ACTIVEVERSION>
        <AU_UPDATEWHERECONDITION><![CDATA[Where QUERY_REQUEST_ID= %%QUERYREQUESTID%% AND QUERY_STATUS_ID = 10 AND DATA_PARTNER_ID=%%DATAPARTNERID%%]]></AU_UPDATEWHERECONDITION>
        <AU_CALENDARTYPE><![CDATA[AllDays]]></AU_CALENDARTYPE>
        <AU_VERSION><![CDATA[1]]></AU_VERSION>
        <CHECKCONDITION><![CDATA[0]]></CHECKCONDITION>
        <CONDITIONVALUE><![CDATA[null]]></CONDITIONVALUE>
        <SQLQUERY><![CDATA[SELECT DISTINCT a.QUERY_REQUEST_ID AS QUERYREQUESTID, a.DATA_PARTNER_ID AS DATAPARTNERID 
FROM CDMH_BRIDG_INFORMED.QUERY_REPR a JOIN CDMH_BRIDG_INFORMED.DATA_PARTNER c on a.DATA_PARTNER_ID=c.DATA_PARTNER_ID 
JOIN CDMH_BRIDG_INFORMED.QUERY_REQUEST d on a.QUERY_REQUEST_ID=d.QUERY_REQUEST_ID
LEFT JOIN CDMH_BRIDG_INFORMED.QUERY_REPR b ON a.QUERY_REQUEST_ID=b.QUERY_REQUEST_ID  AND a.DATA_PARTNER_ID = b.DATA_PARTNER_ID 
AND a.QUERY_STATUS_ID != b.QUERY_STATUS_ID WHERE  a.QUERY_STATUS_ID=10 AND b.QUERY_REPR_ID IS NULL 
AND c.SOURCE_NAME='PCORNET' AND c.SOURCE_VERSION='v4.0' AND UPPER(d.QUERY_TYPE)='PATIENTLEVEL']]></SQLQUERY>
        <AU_ENTITYNAME><![CDATA[CDMH_DBE_PCORNET4_PatientResults]]></AU_ENTITYNAME>
        <AU_PREVIOUSVERSION><![CDATA[null]]></AU_PREVIOUSVERSION>
        <AU_EVENTEXPIRYDATETIME><![CDATA[null]]></AU_EVENTEXPIRYDATETIME>
        <AU_PROCESSPERPOLL><![CDATA[-1]]></AU_PROCESSPERPOLL>
        <AU_PERMISSIONMASK><![CDATA[750]]></AU_PERMISSIONMASK>
        <AU_ID><![CDATA[172031051140153807098369400168]]></AU_ID>
        <AU_MODIFIEDDATE><![CDATA[2019-02-19 16:59:09.0]]></AU_MODIFIEDDATE>
        <TRIGGERNAME><![CDATA[null]]></TRIGGERNAME>
        <AU_RECEIVEREMAILIDS><![CDATA[null]]></AU_RECEIVEREMAILIDS>
        <AU_POLLINGFREQUENCY><![CDATA[5$m]]></AU_POLLINGFREQUENCY>
        <AU_CREATIONDATE><![CDATA[2018-09-27 17:56:23.0]]></AU_CREATIONDATE>
        <AU_CREATIONMODE><![CDATA[Simple]]></AU_CREATIONMODE>
        <AU_UPDATECOLUMNNAME><![CDATA[update CDMH_BRIDG_INFORMED.QUERY_REPR set QUERY_STATUS_ID= '11',MODIFY_DATE = SYSDATE]]></AU_UPDATECOLUMNNAME>
        <AU_USEROWNER><![CDATA[IndigoUser:11525440749190]]></AU_USEROWNER>
        <AU_MODIFIEDBY><![CDATA[IndigoUser:11525440749190]]></AU_MODIFIEDBY>
        <TABLENAME><![CDATA[null]]></TABLENAME>
        <DBTRIGGER><![CDATA[null]]></DBTRIGGER>
        <AU_MISFIREINSTRUCTIONS><![CDATA[ignoreMisfire]]></AU_MISFIREINSTRUCTIONS>
        <DBCONNECTIONINFOID><![CDATA[DatabaseConnectionInfo:172031051140152941823097700006]]></DBCONNECTIONINFOID>
        <OPERATORS><![CDATA[null]]></OPERATORS>
        <AU_GROUPOWNER><![CDATA[IndigoGroup:127000000001107055548721600002]]></AU_GROUPOWNER>
        <AU_PROJECTOWNER><![CDATA[Project:172031051140153235657616600048]]></AU_PROJECTOWNER>
        <AU_TRIGGERFORALLRECORDS><![CDATA[0]]></AU_TRIGGERFORALLRECORDS>
        <TEMPRARYTABLENAME><![CDATA[dbeventtriggertable]]></TEMPRARYTABLENAME>
        <AU_DESCRIPTION><![CDATA[Execution_Step: 11

event to trigger the Patient Results job  for PCORNET v4]]></AU_DESCRIPTION>
        <AU_REVISION><![CDATA[null]]></AU_REVISION>
        <AU_TRIGGERINSEQUENCE><![CDATA[0]]></AU_TRIGGERINSEQUENCE>
    </AU_DBEVENT>
    <AU_DBEVENT>
        <AU_SYNCHRONIZED><![CDATA[0]]></AU_SYNCHRONIZED>
        <AU_EVENTSTARTDATETIME><![CDATA[null]]></AU_EVENTSTARTDATETIME>
        <AU_BUSINESSINTERVAL><![CDATA[null]]></AU_BUSINESSINTERVAL>
        <AU_ACTIVATEFLAG><![CDATA[0]]></AU_ACTIVATEFLAG>
        <AU_EXECUTEUPDATEQUERY><![CDATA[1]]></AU_EXECUTEUPDATEQUERY>
        <AU_COMMENTS><![CDATA[null]]></AU_COMMENTS>
        <AU_ACTIVEVERSION><![CDATA[1]]></AU_ACTIVEVERSION>
        <AU_UPDATEWHERECONDITION><![CDATA[Where QUERY_REQUEST_ID= %%QUERYREQUESTID%%]]></AU_UPDATEWHERECONDITION>
        <AU_CALENDARTYPE><![CDATA[AllDays]]></AU_CALENDARTYPE>
        <AU_VERSION><![CDATA[1]]></AU_VERSION>
        <CHECKCONDITION><![CDATA[0]]></CHECKCONDITION>
        <CONDITIONVALUE><![CDATA[null]]></CONDITIONVALUE>
        <SQLQUERY><![CDATA[select a.query_request_id as QUERYREQUESTID
from cdmh_bridg_informed.query_request a
join cdmh_bridg_informed.query_repr b on a.query_request_id=b.query_request_id
left join cdmh_bridg_informed.query_repr c on b.query_request_id=c.query_request_id and c.query_status_id!=12
left join cdmh_bridg_informed.query_repr d on b.query_request_id=d.query_request_id and d.data_partner_id=b.data_partner_id and d.query_status_id!=b.query_status_id
where b.query_status_id =12 and c.query_repr_id is not null and d.query_repr_id is null and a.query_status_id not in ( 0,100)
group by b.data_partner_id,a.query_request_id
having count(distinct b.query_status_id)=1]]></SQLQUERY>
        <AU_ENTITYNAME><![CDATA[CDMH_DBE_SETQUERYREQUEST_PARTIAL_RESULTS]]></AU_ENTITYNAME>
        <AU_PREVIOUSVERSION><![CDATA[null]]></AU_PREVIOUSVERSION>
        <AU_EVENTEXPIRYDATETIME><![CDATA[null]]></AU_EVENTEXPIRYDATETIME>
        <AU_PROCESSPERPOLL><![CDATA[-1]]></AU_PROCESSPERPOLL>
        <AU_PERMISSIONMASK><![CDATA[750]]></AU_PERMISSIONMASK>
        <AU_ID><![CDATA[172031051140155018036272600081]]></AU_ID>
        <AU_MODIFIEDDATE><![CDATA[2019-02-14 22:33:10.0]]></AU_MODIFIEDDATE>
        <TRIGGERNAME><![CDATA[null]]></TRIGGERNAME>
        <AU_RECEIVEREMAILIDS><![CDATA[null]]></AU_RECEIVEREMAILIDS>
        <AU_POLLINGFREQUENCY><![CDATA[5$m]]></AU_POLLINGFREQUENCY>
        <AU_CREATIONDATE><![CDATA[2019-02-14 21:39:22.0]]></AU_CREATIONDATE>
        <AU_CREATIONMODE><![CDATA[Simple]]></AU_CREATIONMODE>
        <AU_UPDATECOLUMNNAME><![CDATA[update CDMH_BRIDG_INFORMED.QUERY_REQUEST set QUERY_STATUS_ID = '100', MODIFY_DATE = SYSDATE]]></AU_UPDATECOLUMNNAME>
        <AU_USEROWNER><![CDATA[IndigoUser:11525440749190]]></AU_USEROWNER>
        <AU_MODIFIEDBY><![CDATA[IndigoUser:11525440749190]]></AU_MODIFIEDBY>
        <TABLENAME><![CDATA[null]]></TABLENAME>
        <DBTRIGGER><![CDATA[null]]></DBTRIGGER>
        <AU_MISFIREINSTRUCTIONS><![CDATA[ignoreMisfire]]></AU_MISFIREINSTRUCTIONS>
        <DBCONNECTIONINFOID><![CDATA[DatabaseConnectionInfo:172031051140152941823097700006]]></DBCONNECTIONINFOID>
        <OPERATORS><![CDATA[null]]></OPERATORS>
        <AU_GROUPOWNER><![CDATA[IndigoGroup:127000000001107055548721600002]]></AU_GROUPOWNER>
        <AU_PROJECTOWNER><![CDATA[Project:172031051140153235657616600048]]></AU_PROJECTOWNER>
        <AU_TRIGGERFORALLRECORDS><![CDATA[0]]></AU_TRIGGERFORALLRECORDS>
        <TEMPRARYTABLENAME><![CDATA[dbeventtriggertable]]></TEMPRARYTABLENAME>
        <AU_DESCRIPTION><![CDATA[Execution_Step: X

set query request status to STAGING]]></AU_DESCRIPTION>
        <AU_REVISION><![CDATA[null]]></AU_REVISION>
        <AU_TRIGGERINSEQUENCE><![CDATA[0]]></AU_TRIGGERINSEQUENCE>
    </AU_DBEVENT>
    <AU_DBEVENT>
        <AU_SYNCHRONIZED><![CDATA[0]]></AU_SYNCHRONIZED>
        <AU_EVENTSTARTDATETIME><![CDATA[null]]></AU_EVENTSTARTDATETIME>
        <AU_BUSINESSINTERVAL><![CDATA[null]]></AU_BUSINESSINTERVAL>
        <AU_ACTIVATEFLAG><![CDATA[0]]></AU_ACTIVATEFLAG>
        <AU_EXECUTEUPDATEQUERY><![CDATA[0]]></AU_EXECUTEUPDATEQUERY>
        <AU_COMMENTS><![CDATA[null]]></AU_COMMENTS>
        <AU_ACTIVEVERSION><![CDATA[1]]></AU_ACTIVEVERSION>
        <AU_UPDATEWHERECONDITION><![CDATA[null]]></AU_UPDATEWHERECONDITION>
        <AU_CALENDARTYPE><![CDATA[AllDays]]></AU_CALENDARTYPE>
        <AU_VERSION><![CDATA[1]]></AU_VERSION>
        <CHECKCONDITION><![CDATA[0]]></CHECKCONDITION>
        <CONDITIONVALUE><![CDATA[null]]></CONDITIONVALUE>
        <SQLQUERY><![CDATA[SELECT QUERY_REQUEST_ID AS QUERYREQUESTID FROM CDMH_BRIDG_INFORMED.QUERY_REQUEST where  QUERY_STATUS_ID = 3 AND UPPER(QUERY_TYPE) = 'PATIENTLEVEL']]></SQLQUERY>
        <AU_ENTITYNAME><![CDATA[CDMH_DBE_PT_QueryTranslator]]></AU_ENTITYNAME>
        <AU_PREVIOUSVERSION><![CDATA[null]]></AU_PREVIOUSVERSION>
        <AU_EVENTEXPIRYDATETIME><![CDATA[null]]></AU_EVENTEXPIRYDATETIME>
        <AU_PROCESSPERPOLL><![CDATA[-1]]></AU_PROCESSPERPOLL>
        <AU_PERMISSIONMASK><![CDATA[750]]></AU_PERMISSIONMASK>
        <AU_ID><![CDATA[172031051140153480223265000213]]></AU_ID>
        <AU_MODIFIEDDATE><![CDATA[2018-08-20 21:57:12.0]]></AU_MODIFIEDDATE>
        <TRIGGERNAME><![CDATA[null]]></TRIGGERNAME>
        <AU_RECEIVEREMAILIDS><![CDATA[null]]></AU_RECEIVEREMAILIDS>
        <AU_POLLINGFREQUENCY><![CDATA[5$m]]></AU_POLLINGFREQUENCY>
        <AU_CREATIONDATE><![CDATA[2018-08-20 21:57:12.0]]></AU_CREATIONDATE>
        <AU_CREATIONMODE><![CDATA[Simple]]></AU_CREATIONMODE>
        <AU_UPDATECOLUMNNAME><![CDATA[null]]></AU_UPDATECOLUMNNAME>
        <AU_USEROWNER><![CDATA[IndigoUser:11525440749190]]></AU_USEROWNER>
        <AU_MODIFIEDBY><![CDATA[IndigoUser:11525440749190]]></AU_MODIFIEDBY>
        <TABLENAME><![CDATA[null]]></TABLENAME>
        <DBTRIGGER><![CDATA[null]]></DBTRIGGER>
        <AU_MISFIREINSTRUCTIONS><![CDATA[ignoreMisfire]]></AU_MISFIREINSTRUCTIONS>
        <DBCONNECTIONINFOID><![CDATA[DatabaseConnectionInfo:172031051140152941823097700006]]></DBCONNECTIONINFOID>
        <OPERATORS><![CDATA[null]]></OPERATORS>
        <AU_GROUPOWNER><![CDATA[IndigoGroup:127000000001107055548721600002]]></AU_GROUPOWNER>
        <AU_PROJECTOWNER><![CDATA[Project:172031051140153235657616600048]]></AU_PROJECTOWNER>
        <AU_TRIGGERFORALLRECORDS><![CDATA[0]]></AU_TRIGGERFORALLRECORDS>
        <TEMPRARYTABLENAME><![CDATA[dbeventtriggertable]]></TEMPRARYTABLENAME>
        <AU_DESCRIPTION><![CDATA[Execution_Step: 2 Patient Level

Event to Trigger the QueryTranslator PF]]></AU_DESCRIPTION>
        <AU_REVISION><![CDATA[null]]></AU_REVISION>
        <AU_TRIGGERINSEQUENCE><![CDATA[0]]></AU_TRIGGERINSEQUENCE>
    </AU_DBEVENT>
    <AU_DBEVENT>
        <AU_SYNCHRONIZED><![CDATA[0]]></AU_SYNCHRONIZED>
        <AU_EVENTSTARTDATETIME><![CDATA[null]]></AU_EVENTSTARTDATETIME>
        <AU_BUSINESSINTERVAL><![CDATA[null]]></AU_BUSINESSINTERVAL>
        <AU_ACTIVATEFLAG><![CDATA[0]]></AU_ACTIVATEFLAG>
        <AU_EXECUTEUPDATEQUERY><![CDATA[0]]></AU_EXECUTEUPDATEQUERY>
        <AU_COMMENTS><![CDATA[null]]></AU_COMMENTS>
        <AU_ACTIVEVERSION><![CDATA[1]]></AU_ACTIVEVERSION>
        <AU_UPDATEWHERECONDITION><![CDATA[null]]></AU_UPDATEWHERECONDITION>
        <AU_CALENDARTYPE><![CDATA[AllDays]]></AU_CALENDARTYPE>
        <AU_VERSION><![CDATA[1]]></AU_VERSION>
        <CHECKCONDITION><![CDATA[0]]></CHECKCONDITION>
        <CONDITIONVALUE><![CDATA[null]]></CONDITIONVALUE>
        <SQLQUERY><![CDATA[SELECT QUERY_REQUEST_ID AS QUERYREQUESTID FROM CDMH_BRIDG_INFORMED.QUERY_REQUEST where  QUERY_STATUS_ID = 1]]></SQLQUERY>
        <AU_ENTITYNAME><![CDATA[CDMH_DBE_CodeTranslator]]></AU_ENTITYNAME>
        <AU_PREVIOUSVERSION><![CDATA[null]]></AU_PREVIOUSVERSION>
        <AU_EVENTEXPIRYDATETIME><![CDATA[null]]></AU_EVENTEXPIRYDATETIME>
        <AU_PROCESSPERPOLL><![CDATA[-1]]></AU_PROCESSPERPOLL>
        <AU_PERMISSIONMASK><![CDATA[750]]></AU_PERMISSIONMASK>
        <AU_ID><![CDATA[172031051140153238562061100117]]></AU_ID>
        <AU_MODIFIEDDATE><![CDATA[2018-11-19 21:18:14.0]]></AU_MODIFIEDDATE>
        <TRIGGERNAME><![CDATA[null]]></TRIGGERNAME>
        <AU_RECEIVEREMAILIDS><![CDATA[null]]></AU_RECEIVEREMAILIDS>
        <AU_POLLINGFREQUENCY><![CDATA[5$m]]></AU_POLLINGFREQUENCY>
        <AU_CREATIONDATE><![CDATA[2018-07-23 22:40:20.0]]></AU_CREATIONDATE>
        <AU_CREATIONMODE><![CDATA[Simple]]></AU_CREATIONMODE>
        <AU_UPDATECOLUMNNAME><![CDATA[null]]></AU_UPDATECOLUMNNAME>
        <AU_USEROWNER><![CDATA[IndigoUser:11525440749190]]></AU_USEROWNER>
        <AU_MODIFIEDBY><![CDATA[IndigoUser:11525440749190]]></AU_MODIFIEDBY>
        <TABLENAME><![CDATA[null]]></TABLENAME>
        <DBTRIGGER><![CDATA[null]]></DBTRIGGER>
        <AU_MISFIREINSTRUCTIONS><![CDATA[ignoreMisfire]]></AU_MISFIREINSTRUCTIONS>
        <DBCONNECTIONINFOID><![CDATA[DatabaseConnectionInfo:172031051140152941823097700006]]></DBCONNECTIONINFOID>
        <OPERATORS><![CDATA[Select]]></OPERATORS>
        <AU_GROUPOWNER><![CDATA[IndigoGroup:127000000001107055548721600002]]></AU_GROUPOWNER>
        <AU_PROJECTOWNER><![CDATA[Project:172031051140153235657616600048]]></AU_PROJECTOWNER>
        <AU_TRIGGERFORALLRECORDS><![CDATA[0]]></AU_TRIGGERFORALLRECORDS>
        <TEMPRARYTABLENAME><![CDATA[dbeventtriggertable]]></TEMPRARYTABLENAME>
        <AU_DESCRIPTION><![CDATA[Execution_Step: 1

event to trigger the code translator flow which converts CDMH codes to DM specific]]></AU_DESCRIPTION>
        <AU_REVISION><![CDATA[null]]></AU_REVISION>
        <AU_TRIGGERINSEQUENCE><![CDATA[0]]></AU_TRIGGERINSEQUENCE>
    </AU_DBEVENT>
    <AU_DBEVENT>
        <AU_SYNCHRONIZED><![CDATA[0]]></AU_SYNCHRONIZED>
        <AU_EVENTSTARTDATETIME><![CDATA[null]]></AU_EVENTSTARTDATETIME>
        <AU_BUSINESSINTERVAL><![CDATA[null]]></AU_BUSINESSINTERVAL>
        <AU_ACTIVATEFLAG><![CDATA[0]]></AU_ACTIVATEFLAG>
        <AU_EXECUTEUPDATEQUERY><![CDATA[0]]></AU_EXECUTEUPDATEQUERY>
        <AU_COMMENTS><![CDATA[null]]></AU_COMMENTS>
        <AU_ACTIVEVERSION><![CDATA[1]]></AU_ACTIVEVERSION>
        <AU_UPDATEWHERECONDITION><![CDATA[null]]></AU_UPDATEWHERECONDITION>
        <AU_CALENDARTYPE><![CDATA[AllDays]]></AU_CALENDARTYPE>
        <AU_VERSION><![CDATA[1]]></AU_VERSION>
        <CHECKCONDITION><![CDATA[0]]></CHECKCONDITION>
        <CONDITIONVALUE><![CDATA[null]]></CONDITIONVALUE>
        <SQLQUERY><![CDATA[SELECT QUERY_REQUEST_ID AS QUERYREQUESTID FROM CDMH_BRIDG_INFORMED.QUERY_REQUEST where  QUERY_STATUS_ID = 3 AND UPPER(QUERY_TYPE) = 'AGGREGATE']]></SQLQUERY>
        <AU_ENTITYNAME><![CDATA[CDMH_DBE_AG_QueryTranslator]]></AU_ENTITYNAME>
        <AU_PREVIOUSVERSION><![CDATA[null]]></AU_PREVIOUSVERSION>
        <AU_EVENTEXPIRYDATETIME><![CDATA[null]]></AU_EVENTEXPIRYDATETIME>
        <AU_PROCESSPERPOLL><![CDATA[-1]]></AU_PROCESSPERPOLL>
        <AU_PERMISSIONMASK><![CDATA[750]]></AU_PERMISSIONMASK>
        <AU_ID><![CDATA[172031051140153238578487100119]]></AU_ID>
        <AU_MODIFIEDDATE><![CDATA[2018-11-19 19:21:15.0]]></AU_MODIFIEDDATE>
        <TRIGGERNAME><![CDATA[null]]></TRIGGERNAME>
        <AU_RECEIVEREMAILIDS><![CDATA[null]]></AU_RECEIVEREMAILIDS>
        <AU_POLLINGFREQUENCY><![CDATA[5$m]]></AU_POLLINGFREQUENCY>
        <AU_CREATIONDATE><![CDATA[2018-07-23 22:43:04.0]]></AU_CREATIONDATE>
        <AU_CREATIONMODE><![CDATA[Simple]]></AU_CREATIONMODE>
        <AU_UPDATECOLUMNNAME><![CDATA[null]]></AU_UPDATECOLUMNNAME>
        <AU_USEROWNER><![CDATA[IndigoUser:11525440749190]]></AU_USEROWNER>
        <AU_MODIFIEDBY><![CDATA[IndigoUser:11525440749190]]></AU_MODIFIEDBY>
        <TABLENAME><![CDATA[null]]></TABLENAME>
        <DBTRIGGER><![CDATA[null]]></DBTRIGGER>
        <AU_MISFIREINSTRUCTIONS><![CDATA[ignoreMisfire]]></AU_MISFIREINSTRUCTIONS>
        <DBCONNECTIONINFOID><![CDATA[DatabaseConnectionInfo:172031051140152941823097700006]]></DBCONNECTIONINFOID>
        <OPERATORS><![CDATA[Select]]></OPERATORS>
        <AU_GROUPOWNER><![CDATA[IndigoGroup:127000000001107055548721600002]]></AU_GROUPOWNER>
        <AU_PROJECTOWNER><![CDATA[Project:172031051140153235657616600048]]></AU_PROJECTOWNER>
        <AU_TRIGGERFORALLRECORDS><![CDATA[0]]></AU_TRIGGERFORALLRECORDS>
        <TEMPRARYTABLENAME><![CDATA[dbeventtriggertable]]></TEMPRARYTABLENAME>
        <AU_DESCRIPTION><![CDATA[Execution_Step: 2

Event to Trigger the QueryTranslator PF]]></AU_DESCRIPTION>
        <AU_REVISION><![CDATA[null]]></AU_REVISION>
        <AU_TRIGGERINSEQUENCE><![CDATA[0]]></AU_TRIGGERINSEQUENCE>
    </AU_DBEVENT>
    <AU_DBEVENT>
        <AU_SYNCHRONIZED><![CDATA[0]]></AU_SYNCHRONIZED>
        <AU_EVENTSTARTDATETIME><![CDATA[null]]></AU_EVENTSTARTDATETIME>
        <AU_BUSINESSINTERVAL><![CDATA[null]]></AU_BUSINESSINTERVAL>
        <AU_ACTIVATEFLAG><![CDATA[0]]></AU_ACTIVATEFLAG>
        <AU_EXECUTEUPDATEQUERY><![CDATA[0]]></AU_EXECUTEUPDATEQUERY>
        <AU_COMMENTS><![CDATA[null]]></AU_COMMENTS>
        <AU_ACTIVEVERSION><![CDATA[1]]></AU_ACTIVEVERSION>
        <AU_UPDATEWHERECONDITION><![CDATA[null]]></AU_UPDATEWHERECONDITION>
        <AU_CALENDARTYPE><![CDATA[AllDays]]></AU_CALENDARTYPE>
        <AU_VERSION><![CDATA[1]]></AU_VERSION>
        <CHECKCONDITION><![CDATA[0]]></CHECKCONDITION>
        <CONDITIONVALUE><![CDATA[null]]></CONDITIONVALUE>
        <SQLQUERY><![CDATA[SELECT QUERY_REQUEST_ID AS QUERYREQUESTID FROM CDMH_BRIDG_INFORMED.QUERY_REQUEST where  QUERY_STATUS_ID = 5 AND QUERY_REQUEST_ID IN (SELECT QUERY_REQUEST_ID FROM CDMH_BRIDG_INFORMED.QUERY_REPR WHERE QUERY_STATUS_ID = 5)]]></SQLQUERY>
        <AU_ENTITYNAME><![CDATA[CDMH_DBE_QuerySubmitToPartner]]></AU_ENTITYNAME>
        <AU_PREVIOUSVERSION><![CDATA[null]]></AU_PREVIOUSVERSION>
        <AU_EVENTEXPIRYDATETIME><![CDATA[null]]></AU_EVENTEXPIRYDATETIME>
        <AU_PROCESSPERPOLL><![CDATA[-1]]></AU_PROCESSPERPOLL>
        <AU_PERMISSIONMASK><![CDATA[750]]></AU_PERMISSIONMASK>
        <AU_ID><![CDATA[172031051140153238638383500121]]></AU_ID>
        <AU_MODIFIEDDATE><![CDATA[2018-11-08 02:16:33.0]]></AU_MODIFIEDDATE>
        <TRIGGERNAME><![CDATA[null]]></TRIGGERNAME>
        <AU_RECEIVEREMAILIDS><![CDATA[null]]></AU_RECEIVEREMAILIDS>
        <AU_POLLINGFREQUENCY><![CDATA[5$m]]></AU_POLLINGFREQUENCY>
        <AU_CREATIONDATE><![CDATA[2018-07-23 22:53:03.0]]></AU_CREATIONDATE>
        <AU_CREATIONMODE><![CDATA[Simple]]></AU_CREATIONMODE>
        <AU_UPDATECOLUMNNAME><![CDATA[null]]></AU_UPDATECOLUMNNAME>
        <AU_USEROWNER><![CDATA[IndigoUser:11525440749190]]></AU_USEROWNER>
        <AU_MODIFIEDBY><![CDATA[IndigoUser:11525440749190]]></AU_MODIFIEDBY>
        <TABLENAME><![CDATA[null]]></TABLENAME>
        <DBTRIGGER><![CDATA[null]]></DBTRIGGER>
        <AU_MISFIREINSTRUCTIONS><![CDATA[ignoreMisfire]]></AU_MISFIREINSTRUCTIONS>
        <DBCONNECTIONINFOID><![CDATA[DatabaseConnectionInfo:172031051140152941823097700006]]></DBCONNECTIONINFOID>
        <OPERATORS><![CDATA[Select]]></OPERATORS>
        <AU_GROUPOWNER><![CDATA[IndigoGroup:127000000001107055548721600002]]></AU_GROUPOWNER>
        <AU_PROJECTOWNER><![CDATA[Project:172031051140153235657616600048]]></AU_PROJECTOWNER>
        <AU_TRIGGERFORALLRECORDS><![CDATA[0]]></AU_TRIGGERFORALLRECORDS>
        <TEMPRARYTABLENAME><![CDATA[dbeventtriggertable]]></TEMPRARYTABLENAME>
        <AU_DESCRIPTION><![CDATA[Execution_Step: 3

Trigger to move the queries to partner location]]></AU_DESCRIPTION>
        <AU_REVISION><![CDATA[null]]></AU_REVISION>
        <AU_TRIGGERINSEQUENCE><![CDATA[0]]></AU_TRIGGERINSEQUENCE>
    </AU_DBEVENT>
    <AU_DBEVENT>
        <AU_SYNCHRONIZED><![CDATA[0]]></AU_SYNCHRONIZED>
        <AU_EVENTSTARTDATETIME><![CDATA[null]]></AU_EVENTSTARTDATETIME>
        <AU_BUSINESSINTERVAL><![CDATA[null]]></AU_BUSINESSINTERVAL>
        <AU_ACTIVATEFLAG><![CDATA[0]]></AU_ACTIVATEFLAG>
        <AU_EXECUTEUPDATEQUERY><![CDATA[1]]></AU_EXECUTEUPDATEQUERY>
        <AU_COMMENTS><![CDATA[null]]></AU_COMMENTS>
        <AU_ACTIVEVERSION><![CDATA[1]]></AU_ACTIVEVERSION>
        <AU_UPDATEWHERECONDITION><![CDATA[Where QUERY_REQUEST_ID = %%QUERYREQUESTID%%]]></AU_UPDATEWHERECONDITION>
        <AU_CALENDARTYPE><![CDATA[AllDays]]></AU_CALENDARTYPE>
        <AU_VERSION><![CDATA[1]]></AU_VERSION>
        <CHECKCONDITION><![CDATA[0]]></CHECKCONDITION>
        <CONDITIONVALUE><![CDATA[null]]></CONDITIONVALUE>
        <SQLQUERY><![CDATA[SELECT  QR.QUERY_REQUEST_ID QUERYREQUESTID FROM CDMH_BRIDG_INFORMED.QUERY_REQUEST QR 
WHERE EXISTS (SELECT * FROM CDMH_BRIDG_INFORMED.QUERY_REPR QT 
LEFT JOIN CDMH_BRIDG_INFORMED.QUERY_REPR QT1 ON QR.QUERY_REQUEST_ID = QT1.QUERY_REQUEST_ID 
AND QT1.QUERY_STATUS_ID != 7
WHERE QR.QUERY_REQUEST_ID = QT.QUERY_REQUEST_ID AND QT.QUERY_STATUS_ID = 7
AND QT1.QUERY_REQUEST_ID IS NULL
AND QR.QUERY_STATUS_ID = 5)]]></SQLQUERY>
        <AU_ENTITYNAME><![CDATA[CDMH_DBE_SETQUERYREQUEST_SUBMT2PARTNER]]></AU_ENTITYNAME>
        <AU_PREVIOUSVERSION><![CDATA[null]]></AU_PREVIOUSVERSION>
        <AU_EVENTEXPIRYDATETIME><![CDATA[null]]></AU_EVENTEXPIRYDATETIME>
        <AU_PROCESSPERPOLL><![CDATA[-1]]></AU_PROCESSPERPOLL>
        <AU_PERMISSIONMASK><![CDATA[750]]></AU_PERMISSIONMASK>
        <AU_ID><![CDATA[172031051140153238650326800123]]></AU_ID>
        <AU_MODIFIEDDATE><![CDATA[2018-08-07 23:08:20.0]]></AU_MODIFIEDDATE>
        <TRIGGERNAME><![CDATA[null]]></TRIGGERNAME>
        <AU_RECEIVEREMAILIDS><![CDATA[null]]></AU_RECEIVEREMAILIDS>
        <AU_POLLINGFREQUENCY><![CDATA[5$m]]></AU_POLLINGFREQUENCY>
        <AU_CREATIONDATE><![CDATA[2018-07-23 22:55:03.0]]></AU_CREATIONDATE>
        <AU_CREATIONMODE><![CDATA[Simple]]></AU_CREATIONMODE>
        <AU_UPDATECOLUMNNAME><![CDATA[UPDATE CDMH_BRIDG_INFORMED.QUERY_REQUEST set QUERY_STATUS_ID = '7', MODIFY_DATE = SYSDATE]]></AU_UPDATECOLUMNNAME>
        <AU_USEROWNER><![CDATA[IndigoUser:11525440749190]]></AU_USEROWNER>
        <AU_MODIFIEDBY><![CDATA[IndigoUser:11525440749190]]></AU_MODIFIEDBY>
        <TABLENAME><![CDATA[null]]></TABLENAME>
        <DBTRIGGER><![CDATA[null]]></DBTRIGGER>
        <AU_MISFIREINSTRUCTIONS><![CDATA[ignoreMisfire]]></AU_MISFIREINSTRUCTIONS>
        <DBCONNECTIONINFOID><![CDATA[DatabaseConnectionInfo:172031051140152941823097700006]]></DBCONNECTIONINFOID>
        <OPERATORS><![CDATA[Select]]></OPERATORS>
        <AU_GROUPOWNER><![CDATA[IndigoGroup:127000000001107055548721600002]]></AU_GROUPOWNER>
        <AU_PROJECTOWNER><![CDATA[Project:172031051140153235657616600048]]></AU_PROJECTOWNER>
        <AU_TRIGGERFORALLRECORDS><![CDATA[0]]></AU_TRIGGERFORALLRECORDS>
        <TEMPRARYTABLENAME><![CDATA[dbeventtriggertable]]></TEMPRARYTABLENAME>
        <AU_DESCRIPTION><![CDATA[Execution_Step: 4

set query request status to submit to partner]]></AU_DESCRIPTION>
        <AU_REVISION><![CDATA[null]]></AU_REVISION>
        <AU_TRIGGERINSEQUENCE><![CDATA[0]]></AU_TRIGGERINSEQUENCE>
    </AU_DBEVENT>
    
    <AU_DBEVENT>
        <AU_SYNCHRONIZED><![CDATA[0]]></AU_SYNCHRONIZED>
        <AU_EVENTSTARTDATETIME><![CDATA[null]]></AU_EVENTSTARTDATETIME>
        <AU_BUSINESSINTERVAL><![CDATA[null]]></AU_BUSINESSINTERVAL>
        <AU_ACTIVATEFLAG><![CDATA[0]]></AU_ACTIVATEFLAG>
        <AU_EXECUTEUPDATEQUERY><![CDATA[1]]></AU_EXECUTEUPDATEQUERY>
        <AU_COMMENTS><![CDATA[null]]></AU_COMMENTS>
        <AU_ACTIVEVERSION><![CDATA[1]]></AU_ACTIVEVERSION>
        <AU_UPDATEWHERECONDITION><![CDATA[Where QUERY_REPR_ID = %%QUERYTRANSLATEID%%]]></AU_UPDATEWHERECONDITION>
        <AU_CALENDARTYPE><![CDATA[AllDays]]></AU_CALENDARTYPE>
        <AU_VERSION><![CDATA[1]]></AU_VERSION>
        <CHECKCONDITION><![CDATA[0]]></CHECKCONDITION>
        <CONDITIONVALUE><![CDATA[null]]></CONDITIONVALUE>
        <SQLQUERY><![CDATA[SELECT QUERY_REPR_ID AS QUERYTRANSLATEID, QUERY_ID FROM CDMH_BRIDG_INFORMED.QUERY_REPR
WHERE QUERY_REQUEST_ID IN (SELECT QUERY_REQUEST_ID FROM CDMH_BRIDG_INFORMED.QUERY_REQUEST WHERE UPPER(QUERY_TYPE)='AGGREGATE')
AND QUERY_STATUS_ID=8
AND QUERY_REPR_ID IN (SELECT QUERY_REPR_ID FROM CDMH_BRIDG_INFORMED.RESULTS_FILE)]]></SQLQUERY>
        <AU_ENTITYNAME><![CDATA[CDMH_DBE_AggregateResult_Staging]]></AU_ENTITYNAME>
        <AU_PREVIOUSVERSION><![CDATA[null]]></AU_PREVIOUSVERSION>
        <AU_EVENTEXPIRYDATETIME><![CDATA[null]]></AU_EVENTEXPIRYDATETIME>
        <AU_PROCESSPERPOLL><![CDATA[-1]]></AU_PROCESSPERPOLL>
        <AU_PERMISSIONMASK><![CDATA[750]]></AU_PERMISSIONMASK>
        <AU_ID><![CDATA[172031051140153238715294900128]]></AU_ID>
        <AU_MODIFIEDDATE><![CDATA[2018-11-05 22:21:24.0]]></AU_MODIFIEDDATE>
        <TRIGGERNAME><![CDATA[null]]></TRIGGERNAME>
        <AU_RECEIVEREMAILIDS><![CDATA[null]]></AU_RECEIVEREMAILIDS>
        <AU_POLLINGFREQUENCY><![CDATA[5$m]]></AU_POLLINGFREQUENCY>
        <AU_CREATIONDATE><![CDATA[2018-07-23 23:05:52.0]]></AU_CREATIONDATE>
        <AU_CREATIONMODE><![CDATA[Simple]]></AU_CREATIONMODE>
        <AU_UPDATECOLUMNNAME><![CDATA[UPDATE CDMH_BRIDG_INFORMED.QUERY_REPR SET QUERY_STATUS_ID='9',MODIFY_DATE=SYSDATE]]></AU_UPDATECOLUMNNAME>
        <AU_USEROWNER><![CDATA[IndigoUser:11525440749190]]></AU_USEROWNER>
        <AU_MODIFIEDBY><![CDATA[IndigoUser:11525440749190]]></AU_MODIFIEDBY>
        <TABLENAME><![CDATA[null]]></TABLENAME>
        <DBTRIGGER><![CDATA[null]]></DBTRIGGER>
        <AU_MISFIREINSTRUCTIONS><![CDATA[ignoreMisfire]]></AU_MISFIREINSTRUCTIONS>
        <DBCONNECTIONINFOID><![CDATA[DatabaseConnectionInfo:172031051140152941823097700006]]></DBCONNECTIONINFOID>
        <OPERATORS><![CDATA[Select]]></OPERATORS>
        <AU_GROUPOWNER><![CDATA[IndigoGroup:127000000001107055548721600002]]></AU_GROUPOWNER>
        <AU_PROJECTOWNER><![CDATA[Project:172031051140153235657616600048]]></AU_PROJECTOWNER>
        <AU_TRIGGERFORALLRECORDS><![CDATA[0]]></AU_TRIGGERFORALLRECORDS>
        <TEMPRARYTABLENAME><![CDATA[dbeventtriggertable]]></TEMPRARYTABLENAME>
        <AU_DESCRIPTION><![CDATA[Execution_Step: 9

event to trigger the AggregateResults Staging job]]></AU_DESCRIPTION>
        <AU_REVISION><![CDATA[null]]></AU_REVISION>
        <AU_TRIGGERINSEQUENCE><![CDATA[0]]></AU_TRIGGERINSEQUENCE>
    </AU_DBEVENT>
    <AU_DBEVENT>
        <AU_SYNCHRONIZED><![CDATA[0]]></AU_SYNCHRONIZED>
        <AU_EVENTSTARTDATETIME><![CDATA[null]]></AU_EVENTSTARTDATETIME>
        <AU_BUSINESSINTERVAL><![CDATA[null]]></AU_BUSINESSINTERVAL>
        <AU_ACTIVATEFLAG><![CDATA[0]]></AU_ACTIVATEFLAG>
        <AU_EXECUTEUPDATEQUERY><![CDATA[1]]></AU_EXECUTEUPDATEQUERY>
        <AU_COMMENTS><![CDATA[null]]></AU_COMMENTS>
        <AU_ACTIVEVERSION><![CDATA[1]]></AU_ACTIVEVERSION>
        <AU_UPDATEWHERECONDITION><![CDATA[Where QUERY_REPR_ID= %%QUERYTRANSLATEID%%]]></AU_UPDATEWHERECONDITION>
        <AU_CALENDARTYPE><![CDATA[AllDays]]></AU_CALENDARTYPE>
        <AU_VERSION><![CDATA[1]]></AU_VERSION>
        <CHECKCONDITION><![CDATA[0]]></CHECKCONDITION>
        <CONDITIONVALUE><![CDATA[null]]></CONDITIONVALUE>
        <SQLQUERY><![CDATA[SELECT QUERY_REPR_ID AS QUERYTRANSLATEID,QUERY_ID FROM CDMH_BRIDG_INFORMED.QUERY_REPR
WHERE QUERY_REQUEST_ID IN (SELECT QUERY_REQUEST_ID FROM CDMH_BRIDG_INFORMED.QUERY_REQUEST WHERE UPPER(QUERY_TYPE)='AGGREGATE')
AND QUERY_STATUS_ID=10]]></SQLQUERY>
        <AU_ENTITYNAME><![CDATA[CDMH_DBE_AggregateResult]]></AU_ENTITYNAME>
        <AU_PREVIOUSVERSION><![CDATA[null]]></AU_PREVIOUSVERSION>
        <AU_EVENTEXPIRYDATETIME><![CDATA[null]]></AU_EVENTEXPIRYDATETIME>
        <AU_PROCESSPERPOLL><![CDATA[-1]]></AU_PROCESSPERPOLL>
        <AU_PERMISSIONMASK><![CDATA[750]]></AU_PERMISSIONMASK>
        <AU_ID><![CDATA[172031051140153238741651800133]]></AU_ID>
        <AU_MODIFIEDDATE><![CDATA[2018-11-05 22:26:43.0]]></AU_MODIFIEDDATE>
        <TRIGGERNAME><![CDATA[null]]></TRIGGERNAME>
        <AU_RECEIVEREMAILIDS><![CDATA[null]]></AU_RECEIVEREMAILIDS>
        <AU_POLLINGFREQUENCY><![CDATA[5$m]]></AU_POLLINGFREQUENCY>
        <AU_CREATIONDATE><![CDATA[2018-07-23 23:10:16.0]]></AU_CREATIONDATE>
        <AU_CREATIONMODE><![CDATA[Simple]]></AU_CREATIONMODE>
        <AU_UPDATECOLUMNNAME><![CDATA[update CDMH_BRIDG_INFORMED.QUERY_REPR set QUERY_STATUS_ID= '11',MODIFY_DATE = SYSDATE]]></AU_UPDATECOLUMNNAME>
        <AU_USEROWNER><![CDATA[IndigoUser:11525440749190]]></AU_USEROWNER>
        <AU_MODIFIEDBY><![CDATA[IndigoUser:11525440749190]]></AU_MODIFIEDBY>
        <TABLENAME><![CDATA[null]]></TABLENAME>
        <DBTRIGGER><![CDATA[null]]></DBTRIGGER>
        <AU_MISFIREINSTRUCTIONS><![CDATA[ignoreMisfire]]></AU_MISFIREINSTRUCTIONS>
        <DBCONNECTIONINFOID><![CDATA[DatabaseConnectionInfo:172031051140152941823097700006]]></DBCONNECTIONINFOID>
        <OPERATORS><![CDATA[Select]]></OPERATORS>
        <AU_GROUPOWNER><![CDATA[IndigoGroup:127000000001107055548721600002]]></AU_GROUPOWNER>
        <AU_PROJECTOWNER><![CDATA[Project:172031051140153235657616600048]]></AU_PROJECTOWNER>
        <AU_TRIGGERFORALLRECORDS><![CDATA[0]]></AU_TRIGGERFORALLRECORDS>
        <TEMPRARYTABLENAME><![CDATA[dbeventtriggertable]]></TEMPRARYTABLENAME>
        <AU_DESCRIPTION><![CDATA[Execution_Step: 11

event to trigger the AggregateResults job]]></AU_DESCRIPTION>
        <AU_REVISION><![CDATA[null]]></AU_REVISION>
        <AU_TRIGGERINSEQUENCE><![CDATA[0]]></AU_TRIGGERINSEQUENCE>
    </AU_DBEVENT>
    <AU_DBEVENT>
        <AU_SYNCHRONIZED><![CDATA[0]]></AU_SYNCHRONIZED>
        <AU_EVENTSTARTDATETIME><![CDATA[null]]></AU_EVENTSTARTDATETIME>
        <AU_BUSINESSINTERVAL><![CDATA[null]]></AU_BUSINESSINTERVAL>
        <AU_ACTIVATEFLAG><![CDATA[0]]></AU_ACTIVATEFLAG>
        <AU_EXECUTEUPDATEQUERY><![CDATA[1]]></AU_EXECUTEUPDATEQUERY>
        <AU_COMMENTS><![CDATA[null]]></AU_COMMENTS>
        <AU_ACTIVEVERSION><![CDATA[1]]></AU_ACTIVEVERSION>
        <AU_UPDATEWHERECONDITION><![CDATA[Where QUERY_REQUEST_ID= %%QUERYREQUESTID%%]]></AU_UPDATEWHERECONDITION>
        <AU_CALENDARTYPE><![CDATA[AllDays]]></AU_CALENDARTYPE>
        <AU_VERSION><![CDATA[1]]></AU_VERSION>
        <CHECKCONDITION><![CDATA[0]]></CHECKCONDITION>
        <CONDITIONVALUE><![CDATA[null]]></CONDITIONVALUE>
        <SQLQUERY><![CDATA[SELECT  QR.QUERY_REQUEST_ID AS QUERYREQUESTID  FROM CDMH_BRIDG_INFORMED.QUERY_REQUEST QR 
WHERE EXISTS (SELECT * FROM CDMH_BRIDG_INFORMED.QUERY_REPR QT 
LEFT JOIN CDMH_BRIDG_INFORMED.QUERY_REPR QT1 ON QR.QUERY_REQUEST_ID = QT1.QUERY_REQUEST_ID 
AND QT1.QUERY_STATUS_ID != 12
WHERE QR.QUERY_REQUEST_ID = QT.QUERY_REQUEST_ID AND QT.QUERY_STATUS_ID = 12
AND QT1.QUERY_REQUEST_ID IS NULL
AND QR.QUERY_STATUS_ID != 12
)]]></SQLQUERY>
        <AU_ENTITYNAME><![CDATA[CDMH_DBE_SETQUERYREQUEST_COMPLETE]]></AU_ENTITYNAME>
        <AU_PREVIOUSVERSION><![CDATA[null]]></AU_PREVIOUSVERSION>
        <AU_EVENTEXPIRYDATETIME><![CDATA[null]]></AU_EVENTEXPIRYDATETIME>
        <AU_PROCESSPERPOLL><![CDATA[-1]]></AU_PROCESSPERPOLL>
        <AU_PERMISSIONMASK><![CDATA[750]]></AU_PERMISSIONMASK>
        <AU_ID><![CDATA[172031051140153238753173300135]]></AU_ID>
        <AU_MODIFIEDDATE><![CDATA[2019-02-14 23:20:11.0]]></AU_MODIFIEDDATE>
        <TRIGGERNAME><![CDATA[null]]></TRIGGERNAME>
        <AU_RECEIVEREMAILIDS><![CDATA[null]]></AU_RECEIVEREMAILIDS>
        <AU_POLLINGFREQUENCY><![CDATA[5$m]]></AU_POLLINGFREQUENCY>
        <AU_CREATIONDATE><![CDATA[2018-07-23 23:12:11.0]]></AU_CREATIONDATE>
        <AU_CREATIONMODE><![CDATA[Simple]]></AU_CREATIONMODE>
        <AU_UPDATECOLUMNNAME><![CDATA[update CDMH_BRIDG_INFORMED.QUERY_REQUEST  set QUERY_STATUS_ID= '12',MODIFY_DATE = SYSDATE]]></AU_UPDATECOLUMNNAME>
        <AU_USEROWNER><![CDATA[IndigoUser:11525440749190]]></AU_USEROWNER>
        <AU_MODIFIEDBY><![CDATA[IndigoUser:11525440749190]]></AU_MODIFIEDBY>
        <TABLENAME><![CDATA[null]]></TABLENAME>
        <DBTRIGGER><![CDATA[null]]></DBTRIGGER>
        <AU_MISFIREINSTRUCTIONS><![CDATA[ignoreMisfire]]></AU_MISFIREINSTRUCTIONS>
        <DBCONNECTIONINFOID><![CDATA[DatabaseConnectionInfo:172031051140152941823097700006]]></DBCONNECTIONINFOID>
        <OPERATORS><![CDATA[Select]]></OPERATORS>
        <AU_GROUPOWNER><![CDATA[IndigoGroup:127000000001107055548721600002]]></AU_GROUPOWNER>
        <AU_PROJECTOWNER><![CDATA[Project:172031051140153235657616600048]]></AU_PROJECTOWNER>
        <AU_TRIGGERFORALLRECORDS><![CDATA[0]]></AU_TRIGGERFORALLRECORDS>
        <TEMPRARYTABLENAME><![CDATA[dbeventtriggertable]]></TEMPRARYTABLENAME>
        <AU_DESCRIPTION><![CDATA[Execution_Step: 12

set query request to complete]]></AU_DESCRIPTION>
        <AU_REVISION><![CDATA[null]]></AU_REVISION>
        <AU_TRIGGERINSEQUENCE><![CDATA[0]]></AU_TRIGGERINSEQUENCE>
    </AU_DBEVENT>
    <AU_DBEVENT>
        <AU_SYNCHRONIZED><![CDATA[0]]></AU_SYNCHRONIZED>
        <AU_EVENTSTARTDATETIME><![CDATA[null]]></AU_EVENTSTARTDATETIME>
        <AU_BUSINESSINTERVAL><![CDATA[null]]></AU_BUSINESSINTERVAL>
        <AU_ACTIVATEFLAG><![CDATA[0]]></AU_ACTIVATEFLAG>
        <AU_EXECUTEUPDATEQUERY><![CDATA[1]]></AU_EXECUTEUPDATEQUERY>
        <AU_COMMENTS><![CDATA[null]]></AU_COMMENTS>
        <AU_ACTIVEVERSION><![CDATA[1]]></AU_ACTIVEVERSION>
        <AU_UPDATEWHERECONDITION><![CDATA[Where QUERY_REQUEST_ID= %%QUERYREQUESTID%% AND QUERY_STATUS_ID = 10 AND DATA_PARTNER_ID=%%DATAPARTNERID%%]]></AU_UPDATEWHERECONDITION>
        <AU_CALENDARTYPE><![CDATA[AllDays]]></AU_CALENDARTYPE>
        <AU_VERSION><![CDATA[1]]></AU_VERSION>
        <CHECKCONDITION><![CDATA[0]]></CHECKCONDITION>
        <CONDITIONVALUE><![CDATA[null]]></CONDITIONVALUE>
        <SQLQUERY><![CDATA[SELECT DISTINCT a.QUERY_REQUEST_ID AS QUERYREQUESTID, a.DATA_PARTNER_ID AS DATAPARTNERID FROM CDMH_BRIDG_INFORMED.QUERY_REPR a
JOIN CDMH_BRIDG_INFORMED.DATA_PARTNER c on a.DATA_PARTNER_ID=c.DATA_PARTNER_ID
JOIN CDMH_BRIDG_INFORMED.QUERY_REQUEST d on a.QUERY_REQUEST_ID=d.QUERY_REQUEST_ID
LEFT JOIN CDMH_BRIDG_INFORMED.QUERY_REPR b ON a.QUERY_REQUEST_ID=b.QUERY_REQUEST_ID 
AND a.DATA_PARTNER_ID = b.DATA_PARTNER_ID AND a.QUERY_STATUS_ID != b.QUERY_STATUS_ID
WHERE  a.QUERY_STATUS_ID=10 AND b.QUERY_REPR_ID IS NULL
AND c.SOURCE_NAME='OMOP'
AND UPPER(d.QUERY_TYPE)='PATIENTLEVEL']]></SQLQUERY>
        <AU_ENTITYNAME><![CDATA[CDMH_DBE_OMOP_PatientResults]]></AU_ENTITYNAME>
        <AU_PREVIOUSVERSION><![CDATA[null]]></AU_PREVIOUSVERSION>
        <AU_EVENTEXPIRYDATETIME><![CDATA[null]]></AU_EVENTEXPIRYDATETIME>
        <AU_PROCESSPERPOLL><![CDATA[-1]]></AU_PROCESSPERPOLL>
        <AU_PERMISSIONMASK><![CDATA[750]]></AU_PERMISSIONMASK>
        <AU_ID><![CDATA[172031051140154394744077000805]]></AU_ID>
        <AU_MODIFIEDDATE><![CDATA[2019-02-19 16:58:04.0]]></AU_MODIFIEDDATE>
        <TRIGGERNAME><![CDATA[null]]></TRIGGERNAME>
        <AU_RECEIVEREMAILIDS><![CDATA[null]]></AU_RECEIVEREMAILIDS>
        <AU_POLLINGFREQUENCY><![CDATA[5$m]]></AU_POLLINGFREQUENCY>
        <AU_CREATIONDATE><![CDATA[2018-12-04 18:17:20.0]]></AU_CREATIONDATE>
        <AU_CREATIONMODE><![CDATA[Simple]]></AU_CREATIONMODE>
        <AU_UPDATECOLUMNNAME><![CDATA[update CDMH_BRIDG_INFORMED.QUERY_REPR set QUERY_STATUS_ID= '11',MODIFY_DATE = SYSDATE]]></AU_UPDATECOLUMNNAME>
        <AU_USEROWNER><![CDATA[IndigoUser:11525440749190]]></AU_USEROWNER>
        <AU_MODIFIEDBY><![CDATA[IndigoUser:11525440749190]]></AU_MODIFIEDBY>
        <TABLENAME><![CDATA[null]]></TABLENAME>
        <DBTRIGGER><![CDATA[null]]></DBTRIGGER>
        <AU_MISFIREINSTRUCTIONS><![CDATA[ignoreMisfire]]></AU_MISFIREINSTRUCTIONS>
        <DBCONNECTIONINFOID><![CDATA[DatabaseConnectionInfo:172031051140152941823097700006]]></DBCONNECTIONINFOID>
        <OPERATORS><![CDATA[null]]></OPERATORS>
        <AU_GROUPOWNER><![CDATA[IndigoGroup:127000000001107055548721600002]]></AU_GROUPOWNER>
        <AU_PROJECTOWNER><![CDATA[Project:172031051140153235657616600048]]></AU_PROJECTOWNER>
        <AU_TRIGGERFORALLRECORDS><![CDATA[0]]></AU_TRIGGERFORALLRECORDS>
        <TEMPRARYTABLENAME><![CDATA[dbeventtriggertable]]></TEMPRARYTABLENAME>
        <AU_DESCRIPTION><![CDATA[Execution_Step: 11

event to trigger the Patient Results job for OMOP]]></AU_DESCRIPTION>
        <AU_REVISION><![CDATA[null]]></AU_REVISION>
        <AU_TRIGGERINSEQUENCE><![CDATA[0]]></AU_TRIGGERINSEQUENCE>
    </AU_DBEVENT>
    <AU_DBEVENT>
        <AU_SYNCHRONIZED><![CDATA[0]]></AU_SYNCHRONIZED>
        <AU_EVENTSTARTDATETIME><![CDATA[null]]></AU_EVENTSTARTDATETIME>
        <AU_BUSINESSINTERVAL><![CDATA[null]]></AU_BUSINESSINTERVAL>
        <AU_ACTIVATEFLAG><![CDATA[0]]></AU_ACTIVATEFLAG>
        <AU_EXECUTEUPDATEQUERY><![CDATA[1]]></AU_EXECUTEUPDATEQUERY>
        <AU_COMMENTS><![CDATA[null]]></AU_COMMENTS>
        <AU_ACTIVEVERSION><![CDATA[1]]></AU_ACTIVEVERSION>
        <AU_UPDATEWHERECONDITION><![CDATA[Where QUERY_REQUEST_ID= %%QUERYREQUESTID%% AND QUERY_STATUS_ID = 10 AND DATA_PARTNER_ID=%%DATAPARTNERID%%]]></AU_UPDATEWHERECONDITION>
        <AU_CALENDARTYPE><![CDATA[AllDays]]></AU_CALENDARTYPE>
        <AU_VERSION><![CDATA[1]]></AU_VERSION>
        <CHECKCONDITION><![CDATA[0]]></CHECKCONDITION>
        <CONDITIONVALUE><![CDATA[null]]></CONDITIONVALUE>
        <SQLQUERY><![CDATA[SELECT DISTINCT a.QUERY_REQUEST_ID AS QUERYREQUESTID, a.DATA_PARTNER_ID AS DATAPARTNERID FROM CDMH_BRIDG_INFORMED.QUERY_REPR a
JOIN CDMH_BRIDG_INFORMED.DATA_PARTNER c on a.DATA_PARTNER_ID=c.DATA_PARTNER_ID
JOIN CDMH_BRIDG_INFORMED.QUERY_REQUEST d on a.QUERY_REQUEST_ID=d.QUERY_REQUEST_ID
LEFT JOIN CDMH_BRIDG_INFORMED.QUERY_REPR b ON a.QUERY_REQUEST_ID=b.QUERY_REQUEST_ID 
AND a.DATA_PARTNER_ID = b.DATA_PARTNER_ID AND a.QUERY_STATUS_ID != b.QUERY_STATUS_ID
WHERE  a.QUERY_STATUS_ID=10 AND b.QUERY_REPR_ID IS NULL
AND c.SOURCE_NAME='PCORNET'
AND c.SOURCE_VERSION='v3.1'
AND UPPER(d.QUERY_TYPE)='PATIENTLEVEL']]></SQLQUERY>
        <AU_ENTITYNAME><![CDATA[CDMH_DBE_PCORNET3_PatientResults]]></AU_ENTITYNAME>
        <AU_PREVIOUSVERSION><![CDATA[null]]></AU_PREVIOUSVERSION>
        <AU_EVENTEXPIRYDATETIME><![CDATA[null]]></AU_EVENTEXPIRYDATETIME>
        <AU_PROCESSPERPOLL><![CDATA[-1]]></AU_PROCESSPERPOLL>
        <AU_PERMISSIONMASK><![CDATA[750]]></AU_PERMISSIONMASK>
        <AU_ID><![CDATA[172031051140154268239449700594]]></AU_ID>
        <AU_MODIFIEDDATE><![CDATA[2019-02-19 16:57:27.0]]></AU_MODIFIEDDATE>
        <TRIGGERNAME><![CDATA[null]]></TRIGGERNAME>
        <AU_RECEIVEREMAILIDS><![CDATA[null]]></AU_RECEIVEREMAILIDS>
        <AU_POLLINGFREQUENCY><![CDATA[5$m]]></AU_POLLINGFREQUENCY>
        <AU_CREATIONDATE><![CDATA[2018-11-20 02:53:14.0]]></AU_CREATIONDATE>
        <AU_CREATIONMODE><![CDATA[Simple]]></AU_CREATIONMODE>
        <AU_UPDATECOLUMNNAME><![CDATA[update CDMH_BRIDG_INFORMED.QUERY_REPR set QUERY_STATUS_ID= '11',MODIFY_DATE = SYSDATE]]></AU_UPDATECOLUMNNAME>
        <AU_USEROWNER><![CDATA[IndigoUser:11525440749190]]></AU_USEROWNER>
        <AU_MODIFIEDBY><![CDATA[IndigoUser:11525440749190]]></AU_MODIFIEDBY>
        <TABLENAME><![CDATA[null]]></TABLENAME>
        <DBTRIGGER><![CDATA[null]]></DBTRIGGER>
        <AU_MISFIREINSTRUCTIONS><![CDATA[ignoreMisfire]]></AU_MISFIREINSTRUCTIONS>
        <DBCONNECTIONINFOID><![CDATA[DatabaseConnectionInfo:172031051140152941823097700006]]></DBCONNECTIONINFOID>
        <OPERATORS><![CDATA[null]]></OPERATORS>
        <AU_GROUPOWNER><![CDATA[IndigoGroup:127000000001107055548721600002]]></AU_GROUPOWNER>
        <AU_PROJECTOWNER><![CDATA[Project:172031051140153235657616600048]]></AU_PROJECTOWNER>
        <AU_TRIGGERFORALLRECORDS><![CDATA[0]]></AU_TRIGGERFORALLRECORDS>
        <TEMPRARYTABLENAME><![CDATA[dbeventtriggertable]]></TEMPRARYTABLENAME>
        <AU_DESCRIPTION><![CDATA[Execution_Step: 11

event to trigger the Patient Results job for PCORNET v3]]></AU_DESCRIPTION>
        <AU_REVISION><![CDATA[null]]></AU_REVISION>
        <AU_TRIGGERINSEQUENCE><![CDATA[0]]></AU_TRIGGERINSEQUENCE>
    </AU_DBEVENT>
    
    
    <AU_DBEVENT>
        <AU_SYNCHRONIZED><![CDATA[0]]></AU_SYNCHRONIZED>
        <AU_EVENTSTARTDATETIME><![CDATA[null]]></AU_EVENTSTARTDATETIME>
        <AU_BUSINESSINTERVAL><![CDATA[null]]></AU_BUSINESSINTERVAL>
        <AU_ACTIVATEFLAG><![CDATA[0]]></AU_ACTIVATEFLAG>
        <AU_EXECUTEUPDATEQUERY><![CDATA[1]]></AU_EXECUTEUPDATEQUERY>
        <AU_COMMENTS><![CDATA[null]]></AU_COMMENTS>
        <AU_ACTIVEVERSION><![CDATA[1]]></AU_ACTIVEVERSION>
        <AU_UPDATEWHERECONDITION><![CDATA[Where QUERY_REPR_ID = %%QUERYTRANSLATEID%%]]></AU_UPDATEWHERECONDITION>
        <AU_CALENDARTYPE><![CDATA[AllDays]]></AU_CALENDARTYPE>
        <AU_VERSION><![CDATA[1]]></AU_VERSION>
        <CHECKCONDITION><![CDATA[0]]></CHECKCONDITION>
        <CONDITIONVALUE><![CDATA[null]]></CONDITIONVALUE>
        <SQLQUERY><![CDATA[SELECT QUERY_REPR_ID AS QUERYTRANSLATEID, QUERY_ID FROM CDMH_BRIDG_INFORMED.QUERY_REPR
WHERE QUERY_REQUEST_ID IN (SELECT QUERY_REQUEST_ID FROM CDMH_BRIDG_INFORMED.QUERY_REQUEST WHERE UPPER(QUERY_TYPE)='PATIENTLEVEL'  and query_status_id != 0)
AND QUERY_STATUS_ID=8]]></SQLQUERY>
        <AU_ENTITYNAME><![CDATA[CDMH_DBE_PatientResult_Staging]]></AU_ENTITYNAME>
        <AU_PREVIOUSVERSION><![CDATA[null]]></AU_PREVIOUSVERSION>
        <AU_EVENTEXPIRYDATETIME><![CDATA[null]]></AU_EVENTEXPIRYDATETIME>
        <AU_PROCESSPERPOLL><![CDATA[-1]]></AU_PROCESSPERPOLL>
        <AU_PERMISSIONMASK><![CDATA[750]]></AU_PERMISSIONMASK>
        <AU_ID><![CDATA[172031051140153487381945200270]]></AU_ID>
        <AU_MODIFIEDDATE><![CDATA[2019-02-14 22:18:30.0]]></AU_MODIFIEDDATE>
        <TRIGGERNAME><![CDATA[null]]></TRIGGERNAME>
        <AU_RECEIVEREMAILIDS><![CDATA[null]]></AU_RECEIVEREMAILIDS>
        <AU_POLLINGFREQUENCY><![CDATA[5$m]]></AU_POLLINGFREQUENCY>
        <AU_CREATIONDATE><![CDATA[2018-08-21 17:50:19.0]]></AU_CREATIONDATE>
        <AU_CREATIONMODE><![CDATA[Simple]]></AU_CREATIONMODE>
        <AU_UPDATECOLUMNNAME><![CDATA[UPDATE CDMH_BRIDG_INFORMED.QUERY_REPR SET QUERY_STATUS_ID='9',MODIFY_DATE=SYSDATE]]></AU_UPDATECOLUMNNAME>
        <AU_USEROWNER><![CDATA[IndigoUser:11525440749190]]></AU_USEROWNER>
        <AU_MODIFIEDBY><![CDATA[IndigoUser:11525440749190]]></AU_MODIFIEDBY>
        <TABLENAME><![CDATA[null]]></TABLENAME>
        <DBTRIGGER><![CDATA[null]]></DBTRIGGER>
        <AU_MISFIREINSTRUCTIONS><![CDATA[ignoreMisfire]]></AU_MISFIREINSTRUCTIONS>
        <DBCONNECTIONINFOID><![CDATA[DatabaseConnectionInfo:172031051140152941823097700006]]></DBCONNECTIONINFOID>
        <OPERATORS><![CDATA[null]]></OPERATORS>
        <AU_GROUPOWNER><![CDATA[IndigoGroup:127000000001107055548721600002]]></AU_GROUPOWNER>
        <AU_PROJECTOWNER><![CDATA[Project:172031051140153235657616600048]]></AU_PROJECTOWNER>
        <AU_TRIGGERFORALLRECORDS><![CDATA[0]]></AU_TRIGGERFORALLRECORDS>
        <TEMPRARYTABLENAME><![CDATA[dbeventtriggertable]]></TEMPRARYTABLENAME>
        <AU_DESCRIPTION><![CDATA[Execution_Step: 9

event to trigger the Patient Results Staging job]]></AU_DESCRIPTION>
        <AU_REVISION><![CDATA[null]]></AU_REVISION>
        <AU_TRIGGERINSEQUENCE><![CDATA[0]]></AU_TRIGGERINSEQUENCE>
    </AU_DBEVENT>
    <columnInfo dbtype="2">
        <column name="AU_ID" type="12" />
        <column name="AU_VERSION" type="12" />
        <column name="AU_PREVIOUSVERSION" type="12" />
        <column name="AU_ACTIVEVERSION" type="2" />
        <column name="AU_ENTITYNAME" type="12" />
        <column name="AU_USEROWNER" type="12" />
        <column name="AU_GROUPOWNER" type="12" />
        <column name="AU_PERMISSIONMASK" type="12" />
        <column name="AU_DESCRIPTION" type="12" />
        <column name="AU_COMMENTS" type="12" />
        <column name="AU_MODIFIEDBY" type="12" />
        <column name="AU_CREATIONDATE" type="93" />
        <column name="AU_MODIFIEDDATE" type="93" />
        <column name="AU_REVISION" type="12" />
        <column name="AU_SYNCHRONIZED" type="2" />
        <column name="AU_PROJECTOWNER" type="12" />
        <column name="AU_ACTIVATEFLAG" type="2" />
        <column name="AU_EVENTSTARTDATETIME" type="12" />
        <column name="AU_EVENTEXPIRYDATETIME" type="12" />
        <column name="AU_TRIGGERINSEQUENCE" type="2" />
        <column name="AU_CALENDARTYPE" type="12" />
        <column name="AU_BUSINESSINTERVAL" type="12" />
        <column name="AU_CREATIONMODE" type="12" />
        <column name="AU_RECEIVEREMAILIDS" type="12" />
        <column name="AU_MISFIREINSTRUCTIONS" type="12" />
        <column name="AU_PROCESSPERPOLL" type="2" />
        <column name="DBCONNECTIONINFOID" type="12" />
        <column name="SQLQUERY" type="2005" />
        <column name="CHECKCONDITION" type="2" />
        <column name="OPERATORS" type="12" />
        <column name="CONDITIONVALUE" type="12" />
        <column name="TEMPRARYTABLENAME" type="12" />
        <column name="DBTRIGGER" type="12" />
        <column name="TRIGGERNAME" type="12" />
        <column name="TABLENAME" type="12" />
        <column name="AU_POLLINGFREQUENCY" type="12" />
        <column name="AU_TRIGGERFORALLRECORDS" type="2" />
        <column name="AU_EXECUTEUPDATEQUERY" type="2" />
        <column name="AU_UPDATECOLUMNNAME" type="12" />
        <column name="AU_UPDATEWHERECONDITION" type="12" />
    </columnInfo>
</data>
