<?xml version="1.0" encoding="UTF-8"?>
<data>
    <AU_EventRegistry>
        <AU_PARAMMAPXML><![CDATA[null]]></AU_PARAMMAPXML>
        <AU_SUBSCRIBERID><![CDATA[Transaction:172031051140153547277268100448]]></AU_SUBSCRIBERID>
        <AU_CREATIONDATE><![CDATA[2018-09-27 17:57:37.0]]></AU_CREATIONDATE>
        <AU_PREVIOUSVERSION><![CDATA[null]]></AU_PREVIOUSVERSION>
        <AU_COMMENTS><![CDATA[null]]></AU_COMMENTS>
        <AU_MODIFIEDDATE><![CDATA[2018-11-20 02:53:52.0]]></AU_MODIFIEDDATE>
        <AU_PROJECTOWNER><![CDATA[Project:172031051140153235657616600048]]></AU_PROJECTOWNER>
        <AU_GROUPOWNER><![CDATA[IndigoGroup:127000000001107055548721600002]]></AU_GROUPOWNER>
        <AU_VERSION><![CDATA[1]]></AU_VERSION>
        <AU_REVISION><![CDATA[null]]></AU_REVISION>
        <AU_PERMISSIONMASK><![CDATA[750]]></AU_PERMISSIONMASK>
        <AU_ID><![CDATA[172031051140153807105708200171]]></AU_ID>
        <AU_MODIFIEDBY><![CDATA[IndigoUser:11525440749190]]></AU_MODIFIEDBY>
        <AU_EVENTID><![CDATA[DatabaseEvent:172031051140153807098369400168]]></AU_EVENTID>
        <AU_USEROWNER><![CDATA[IndigoUser:11525440749190]]></AU_USEROWNER>
        <AU_DESCRIPTION><![CDATA[CDMH_DBE_PCORNET_PatientResults]]></AU_DESCRIPTION>
        <AU_SYNCHRONIZED><![CDATA[0]]></AU_SYNCHRONIZED>
        <AU_ENTITYNAME><![CDATA[CDMH_ER_PCORNET4_PatientResults]]></AU_ENTITYNAME>
        <AU_ACTIVEVERSION><![CDATA[1]]></AU_ACTIVEVERSION>
        <AU_EVENTPARAM><![CDATA[null]]></AU_EVENTPARAM>
    </AU_EventRegistry>
    <AU_EventRegistry>
        <AU_PARAMMAPXML><![CDATA[null]]></AU_PARAMMAPXML>
        <AU_SUBSCRIBERID><![CDATA[Transaction:172031051140153263274887300256]]></AU_SUBSCRIBERID>
        <AU_CREATIONDATE><![CDATA[2018-10-29 23:57:01.0]]></AU_CREATIONDATE>
        <AU_PREVIOUSVERSION><![CDATA[null]]></AU_PREVIOUSVERSION>
        <AU_COMMENTS><![CDATA[null]]></AU_COMMENTS>
        <AU_MODIFIEDDATE><![CDATA[2018-11-05 21:01:24.0]]></AU_MODIFIEDDATE>
        <AU_PROJECTOWNER><![CDATA[Project:172031051140153235657616600048]]></AU_PROJECTOWNER>
        <AU_GROUPOWNER><![CDATA[IndigoGroup:127000000001107055548721600002]]></AU_GROUPOWNER>
        <AU_VERSION><![CDATA[1]]></AU_VERSION>
        <AU_REVISION><![CDATA[null]]></AU_REVISION>
        <AU_PERMISSIONMASK><![CDATA[750]]></AU_PERMISSIONMASK>
        <AU_ID><![CDATA[172031051140154085742186900109]]></AU_ID>
        <AU_MODIFIEDBY><![CDATA[IndigoUser:11525440749190]]></AU_MODIFIEDBY>
        <AU_EVENTID><![CDATA[FTPEvent:172031051140154085719334700105]]></AU_EVENTID>
        <AU_USEROWNER><![CDATA[IndigoUser:11525440749190]]></AU_USEROWNER>
        <AU_DESCRIPTION><![CDATA[CDMH_ER_GeneratePartnerResponse]]></AU_DESCRIPTION>
        <AU_SYNCHRONIZED><![CDATA[0]]></AU_SYNCHRONIZED>
        <AU_ENTITYNAME><![CDATA[CDMH_ER_PCORI3_GeneratePartnerResponse]]></AU_ENTITYNAME>
        <AU_ACTIVEVERSION><![CDATA[1]]></AU_ACTIVEVERSION>
        <AU_EVENTPARAM><![CDATA[null]]></AU_EVENTPARAM>
    </AU_EventRegistry>
    <AU_EventRegistry>
        <AU_PARAMMAPXML><![CDATA[null]]></AU_PARAMMAPXML>
        <AU_SUBSCRIBERID><![CDATA[Transaction:172031051140153797837320600084]]></AU_SUBSCRIBERID>
        <AU_CREATIONDATE><![CDATA[2018-10-29 23:57:19.0]]></AU_CREATIONDATE>
        <AU_PREVIOUSVERSION><![CDATA[null]]></AU_PREVIOUSVERSION>
        <AU_COMMENTS><![CDATA[null]]></AU_COMMENTS>
        <AU_MODIFIEDDATE><![CDATA[2018-11-05 21:00:43.0]]></AU_MODIFIEDDATE>
        <AU_PROJECTOWNER><![CDATA[Project:172031051140153235657616600048]]></AU_PROJECTOWNER>
        <AU_GROUPOWNER><![CDATA[IndigoGroup:127000000001107055548721600002]]></AU_GROUPOWNER>
        <AU_VERSION><![CDATA[1]]></AU_VERSION>
        <AU_REVISION><![CDATA[null]]></AU_REVISION>
        <AU_PERMISSIONMASK><![CDATA[750]]></AU_PERMISSIONMASK>
        <AU_ID><![CDATA[172031051140154085743910300111]]></AU_ID>
        <AU_MODIFIEDBY><![CDATA[IndigoUser:11525440749190]]></AU_MODIFIEDBY>
        <AU_EVENTID><![CDATA[FTPEvent:172031051140154085717397200103]]></AU_EVENTID>
        <AU_USEROWNER><![CDATA[IndigoUser:11525440749190]]></AU_USEROWNER>
        <AU_DESCRIPTION><![CDATA[CDMH_ER_PCORI3_GetResponse]]></AU_DESCRIPTION>
        <AU_SYNCHRONIZED><![CDATA[0]]></AU_SYNCHRONIZED>
        <AU_ENTITYNAME><![CDATA[CDMH_ER_PCORI3_GetResponse]]></AU_ENTITYNAME>
        <AU_ACTIVEVERSION><![CDATA[1]]></AU_ACTIVEVERSION>
        <AU_EVENTPARAM><![CDATA[null]]></AU_EVENTPARAM>
    </AU_EventRegistry>
    <AU_EventRegistry>
        <AU_PARAMMAPXML><![CDATA[null]]></AU_PARAMMAPXML>
        <AU_SUBSCRIBERID><![CDATA[Transaction:172031051140153238873222200142]]></AU_SUBSCRIBERID>
        <AU_CREATIONDATE><![CDATA[2018-07-26 23:14:44.0]]></AU_CREATIONDATE>
        <AU_PREVIOUSVERSION><![CDATA[null]]></AU_PREVIOUSVERSION>
        <AU_COMMENTS><![CDATA[null]]></AU_COMMENTS>
        <AU_MODIFIEDDATE><![CDATA[2018-07-26 23:14:44.0]]></AU_MODIFIEDDATE>
        <AU_PROJECTOWNER><![CDATA[Project:172031051140153235657616600048]]></AU_PROJECTOWNER>
        <AU_GROUPOWNER><![CDATA[IndigoGroup:127000000001107055548721600002]]></AU_GROUPOWNER>
        <AU_VERSION><![CDATA[1]]></AU_VERSION>
        <AU_REVISION><![CDATA[null]]></AU_REVISION>
        <AU_PERMISSIONMASK><![CDATA[750]]></AU_PERMISSIONMASK>
        <AU_ID><![CDATA[172031051140153264688494300279]]></AU_ID>
        <AU_MODIFIEDBY><![CDATA[IndigoUser:11525440749190]]></AU_MODIFIEDBY>
        <AU_EVENTID><![CDATA[DatabaseEvent:172031051140153238650326800123]]></AU_EVENTID>
        <AU_USEROWNER><![CDATA[IndigoUser:11525440749190]]></AU_USEROWNER>
        <AU_DESCRIPTION><![CDATA[CDMH_ER_SETQUERYREQUEST_SUBMIT_PARTNER]]></AU_DESCRIPTION>
        <AU_SYNCHRONIZED><![CDATA[0]]></AU_SYNCHRONIZED>
        <AU_ENTITYNAME><![CDATA[CDMH_ER_SETQUERYREQUEST_SUBMIT_PARTNER]]></AU_ENTITYNAME>
        <AU_ACTIVEVERSION><![CDATA[1]]></AU_ACTIVEVERSION>
        <AU_EVENTPARAM><![CDATA[null]]></AU_EVENTPARAM>
    </AU_EventRegistry>
    <AU_EventRegistry>
        <AU_PARAMMAPXML><![CDATA[null]]></AU_PARAMMAPXML>
        <AU_SUBSCRIBERID><![CDATA[Transaction:172031051140153263274887300256]]></AU_SUBSCRIBERID>
        <AU_CREATIONDATE><![CDATA[2018-07-26 23:15:46.0]]></AU_CREATIONDATE>
        <AU_PREVIOUSVERSION><![CDATA[null]]></AU_PREVIOUSVERSION>
        <AU_COMMENTS><![CDATA[null]]></AU_COMMENTS>
        <AU_MODIFIEDDATE><![CDATA[2018-11-05 21:01:59.0]]></AU_MODIFIEDDATE>
        <AU_PROJECTOWNER><![CDATA[Project:172031051140153235657616600048]]></AU_PROJECTOWNER>
        <AU_GROUPOWNER><![CDATA[IndigoGroup:127000000001107055548721600002]]></AU_GROUPOWNER>
        <AU_VERSION><![CDATA[1]]></AU_VERSION>
        <AU_REVISION><![CDATA[null]]></AU_REVISION>
        <AU_PERMISSIONMASK><![CDATA[750]]></AU_PERMISSIONMASK>
        <AU_ID><![CDATA[172031051140153264694606600281]]></AU_ID>
        <AU_MODIFIEDBY><![CDATA[IndigoUser:11525440749190]]></AU_MODIFIEDBY>
        <AU_EVENTID><![CDATA[FTPEvent:172031051140154085347545600082]]></AU_EVENTID>
        <AU_USEROWNER><![CDATA[IndigoUser:11525440749190]]></AU_USEROWNER>
        <AU_DESCRIPTION><![CDATA[CDMH_ER_GeneratePartnerResponse]]></AU_DESCRIPTION>
        <AU_SYNCHRONIZED><![CDATA[0]]></AU_SYNCHRONIZED>
        <AU_ENTITYNAME><![CDATA[CDMH_ER_PCORI4_GeneratePartnerResponse]]></AU_ENTITYNAME>
        <AU_ACTIVEVERSION><![CDATA[1]]></AU_ACTIVEVERSION>
        <AU_EVENTPARAM><![CDATA[null]]></AU_EVENTPARAM>
    </AU_EventRegistry>
    <AU_EventRegistry>
        <AU_PARAMMAPXML><![CDATA[null]]></AU_PARAMMAPXML>
        <AU_SUBSCRIBERID><![CDATA[Transaction:172031051140153238847721500140]]></AU_SUBSCRIBERID>
        <AU_CREATIONDATE><![CDATA[2018-07-26 23:16:23.0]]></AU_CREATIONDATE>
        <AU_PREVIOUSVERSION><![CDATA[null]]></AU_PREVIOUSVERSION>
        <AU_COMMENTS><![CDATA[null]]></AU_COMMENTS>
        <AU_MODIFIEDDATE><![CDATA[2018-07-26 23:16:23.0]]></AU_MODIFIEDDATE>
        <AU_PROJECTOWNER><![CDATA[Project:172031051140153235657616600048]]></AU_PROJECTOWNER>
        <AU_GROUPOWNER><![CDATA[IndigoGroup:127000000001107055548721600002]]></AU_GROUPOWNER>
        <AU_VERSION><![CDATA[1]]></AU_VERSION>
        <AU_REVISION><![CDATA[null]]></AU_REVISION>
        <AU_PERMISSIONMASK><![CDATA[750]]></AU_PERMISSIONMASK>
        <AU_ID><![CDATA[172031051140153264698395500283]]></AU_ID>
        <AU_MODIFIEDBY><![CDATA[IndigoUser:11525440749190]]></AU_MODIFIEDBY>
        <AU_EVENTID><![CDATA[DatabaseEvent:172031051140153238663617600126]]></AU_EVENTID>
        <AU_USEROWNER><![CDATA[IndigoUser:11525440749190]]></AU_USEROWNER>
        <AU_DESCRIPTION><![CDATA[CDMH_ER_SERQUERYREQUEST_RESP_RECEIVED]]></AU_DESCRIPTION>
        <AU_SYNCHRONIZED><![CDATA[0]]></AU_SYNCHRONIZED>
        <AU_ENTITYNAME><![CDATA[CDMH_ER_SERQUERYREQUEST_RESP_RECEIVED]]></AU_ENTITYNAME>
        <AU_ACTIVEVERSION><![CDATA[1]]></AU_ACTIVEVERSION>
        <AU_EVENTPARAM><![CDATA[null]]></AU_EVENTPARAM>
    </AU_EventRegistry>
    <AU_EventRegistry>
        <AU_PARAMMAPXML><![CDATA[null]]></AU_PARAMMAPXML>
        <AU_SUBSCRIBERID><![CDATA[Transaction:172031051140153263506552700258]]></AU_SUBSCRIBERID>
        <AU_CREATIONDATE><![CDATA[2018-07-26 23:16:53.0]]></AU_CREATIONDATE>
        <AU_PREVIOUSVERSION><![CDATA[null]]></AU_PREVIOUSVERSION>
        <AU_COMMENTS><![CDATA[null]]></AU_COMMENTS>
        <AU_MODIFIEDDATE><![CDATA[2018-07-26 23:16:53.0]]></AU_MODIFIEDDATE>
        <AU_PROJECTOWNER><![CDATA[Project:172031051140153235657616600048]]></AU_PROJECTOWNER>
        <AU_GROUPOWNER><![CDATA[IndigoGroup:127000000001107055548721600002]]></AU_GROUPOWNER>
        <AU_VERSION><![CDATA[1]]></AU_VERSION>
        <AU_REVISION><![CDATA[null]]></AU_REVISION>
        <AU_PERMISSIONMASK><![CDATA[750]]></AU_PERMISSIONMASK>
        <AU_ID><![CDATA[172031051140153264701384500285]]></AU_ID>
        <AU_MODIFIEDBY><![CDATA[IndigoUser:11525440749190]]></AU_MODIFIEDBY>
        <AU_EVENTID><![CDATA[DatabaseEvent:172031051140153238715294900128]]></AU_EVENTID>
        <AU_USEROWNER><![CDATA[IndigoUser:11525440749190]]></AU_USEROWNER>
        <AU_DESCRIPTION><![CDATA[CDMH_ER_AggregateResult_Staging]]></AU_DESCRIPTION>
        <AU_SYNCHRONIZED><![CDATA[0]]></AU_SYNCHRONIZED>
        <AU_ENTITYNAME><![CDATA[CDMH_ER_AggregateResult_Staging]]></AU_ENTITYNAME>
        <AU_ACTIVEVERSION><![CDATA[1]]></AU_ACTIVEVERSION>
        <AU_EVENTPARAM><![CDATA[null]]></AU_EVENTPARAM>
    </AU_EventRegistry>
    <AU_EventRegistry>
        <AU_PARAMMAPXML><![CDATA[null]]></AU_PARAMMAPXML>
        <AU_SUBSCRIBERID><![CDATA[Transaction:172031051140153238824408300138]]></AU_SUBSCRIBERID>
        <AU_CREATIONDATE><![CDATA[2018-07-26 23:17:26.0]]></AU_CREATIONDATE>
        <AU_PREVIOUSVERSION><![CDATA[null]]></AU_PREVIOUSVERSION>
        <AU_COMMENTS><![CDATA[null]]></AU_COMMENTS>
        <AU_MODIFIEDDATE><![CDATA[2018-07-26 23:17:26.0]]></AU_MODIFIEDDATE>
        <AU_PROJECTOWNER><![CDATA[Project:172031051140153235657616600048]]></AU_PROJECTOWNER>
        <AU_GROUPOWNER><![CDATA[IndigoGroup:127000000001107055548721600002]]></AU_GROUPOWNER>
        <AU_VERSION><![CDATA[1]]></AU_VERSION>
        <AU_REVISION><![CDATA[null]]></AU_REVISION>
        <AU_PERMISSIONMASK><![CDATA[750]]></AU_PERMISSIONMASK>
        <AU_ID><![CDATA[172031051140153264704667200287]]></AU_ID>
        <AU_MODIFIEDBY><![CDATA[IndigoUser:11525440749190]]></AU_MODIFIEDBY>
        <AU_EVENTID><![CDATA[DatabaseEvent:172031051140153238724569600130]]></AU_EVENTID>
        <AU_USEROWNER><![CDATA[IndigoUser:11525440749190]]></AU_USEROWNER>
        <AU_DESCRIPTION><![CDATA[CDMH_ER_SETQUERYREQUEST_STAGING]]></AU_DESCRIPTION>
        <AU_SYNCHRONIZED><![CDATA[0]]></AU_SYNCHRONIZED>
        <AU_ENTITYNAME><![CDATA[CDMH_ER_SETQUERYREQUEST_STAGING]]></AU_ENTITYNAME>
        <AU_ACTIVEVERSION><![CDATA[1]]></AU_ACTIVEVERSION>
        <AU_EVENTPARAM><![CDATA[null]]></AU_EVENTPARAM>
    </AU_EventRegistry>
    <AU_EventRegistry>
        <AU_PARAMMAPXML><![CDATA[null]]></AU_PARAMMAPXML>
        <AU_SUBSCRIBERID><![CDATA[Transaction:172031051140153238810913600136]]></AU_SUBSCRIBERID>
        <AU_CREATIONDATE><![CDATA[2018-07-26 23:17:56.0]]></AU_CREATIONDATE>
        <AU_PREVIOUSVERSION><![CDATA[null]]></AU_PREVIOUSVERSION>
        <AU_COMMENTS><![CDATA[null]]></AU_COMMENTS>
        <AU_MODIFIEDDATE><![CDATA[2018-07-26 23:17:56.0]]></AU_MODIFIEDDATE>
        <AU_PROJECTOWNER><![CDATA[Project:172031051140153235657616600048]]></AU_PROJECTOWNER>
        <AU_GROUPOWNER><![CDATA[IndigoGroup:127000000001107055548721600002]]></AU_GROUPOWNER>
        <AU_VERSION><![CDATA[1]]></AU_VERSION>
        <AU_REVISION><![CDATA[null]]></AU_REVISION>
        <AU_PERMISSIONMASK><![CDATA[750]]></AU_PERMISSIONMASK>
        <AU_ID><![CDATA[172031051140153264707640600289]]></AU_ID>
        <AU_MODIFIEDBY><![CDATA[IndigoUser:11525440749190]]></AU_MODIFIEDBY>
        <AU_EVENTID><![CDATA[DatabaseEvent:172031051140153238753173300135]]></AU_EVENTID>
        <AU_USEROWNER><![CDATA[IndigoUser:11525440749190]]></AU_USEROWNER>
        <AU_DESCRIPTION><![CDATA[CDMH_ER_SETQUERYREQUEST_COMPLETE]]></AU_DESCRIPTION>
        <AU_SYNCHRONIZED><![CDATA[0]]></AU_SYNCHRONIZED>
        <AU_ENTITYNAME><![CDATA[CDMH_ER_SETQUERYREQUEST_COMPLETE]]></AU_ENTITYNAME>
        <AU_ACTIVEVERSION><![CDATA[1]]></AU_ACTIVEVERSION>
        <AU_EVENTPARAM><![CDATA[null]]></AU_EVENTPARAM>
    </AU_EventRegistry>
    <AU_EventRegistry>
        <AU_PARAMMAPXML><![CDATA[null]]></AU_PARAMMAPXML>
        <AU_SUBSCRIBERID><![CDATA[Transaction:172031051140153264418481900266]]></AU_SUBSCRIBERID>
        <AU_CREATIONDATE><![CDATA[2018-07-26 23:18:54.0]]></AU_CREATIONDATE>
        <AU_PREVIOUSVERSION><![CDATA[null]]></AU_PREVIOUSVERSION>
        <AU_COMMENTS><![CDATA[null]]></AU_COMMENTS>
        <AU_MODIFIEDDATE><![CDATA[2018-07-26 23:18:54.0]]></AU_MODIFIEDDATE>
        <AU_PROJECTOWNER><![CDATA[Project:172031051140153235657616600048]]></AU_PROJECTOWNER>
        <AU_GROUPOWNER><![CDATA[IndigoGroup:127000000001107055548721600002]]></AU_GROUPOWNER>
        <AU_VERSION><![CDATA[1]]></AU_VERSION>
        <AU_REVISION><![CDATA[null]]></AU_REVISION>
        <AU_PERMISSIONMASK><![CDATA[750]]></AU_PERMISSIONMASK>
        <AU_ID><![CDATA[172031051140153264713479400291]]></AU_ID>
        <AU_MODIFIEDBY><![CDATA[IndigoUser:11525440749190]]></AU_MODIFIEDBY>
        <AU_EVENTID><![CDATA[DatabaseEvent:172031051140153238741651800133]]></AU_EVENTID>
        <AU_USEROWNER><![CDATA[IndigoUser:11525440749190]]></AU_USEROWNER>
        <AU_DESCRIPTION><![CDATA[CDMH_ER_AggregateResult]]></AU_DESCRIPTION>
        <AU_SYNCHRONIZED><![CDATA[0]]></AU_SYNCHRONIZED>
        <AU_ENTITYNAME><![CDATA[CDMH_ER_AggregateResult]]></AU_ENTITYNAME>
        <AU_ACTIVEVERSION><![CDATA[1]]></AU_ACTIVEVERSION>
        <AU_EVENTPARAM><![CDATA[null]]></AU_EVENTPARAM>
    </AU_EventRegistry>
    <AU_EventRegistry>
        <AU_PARAMMAPXML><![CDATA[null]]></AU_PARAMMAPXML>
        <AU_SUBSCRIBERID><![CDATA[Transaction:172031051140153247623395200231]]></AU_SUBSCRIBERID>
        <AU_CREATIONDATE><![CDATA[2018-07-26 23:20:51.0]]></AU_CREATIONDATE>
        <AU_PREVIOUSVERSION><![CDATA[null]]></AU_PREVIOUSVERSION>
        <AU_COMMENTS><![CDATA[null]]></AU_COMMENTS>
        <AU_MODIFIEDDATE><![CDATA[2018-07-26 23:20:51.0]]></AU_MODIFIEDDATE>
        <AU_PROJECTOWNER><![CDATA[Project:172031051140153235657616600048]]></AU_PROJECTOWNER>
        <AU_GROUPOWNER><![CDATA[IndigoGroup:127000000001107055548721600002]]></AU_GROUPOWNER>
        <AU_VERSION><![CDATA[1]]></AU_VERSION>
        <AU_REVISION><![CDATA[null]]></AU_REVISION>
        <AU_PERMISSIONMASK><![CDATA[750]]></AU_PERMISSIONMASK>
        <AU_ID><![CDATA[172031051140153264725174300293]]></AU_ID>
        <AU_MODIFIEDBY><![CDATA[IndigoUser:11525440749190]]></AU_MODIFIEDBY>
        <AU_EVENTID><![CDATA[DatabaseEvent:172031051140153238578487100119]]></AU_EVENTID>
        <AU_USEROWNER><![CDATA[IndigoUser:11525440749190]]></AU_USEROWNER>
        <AU_DESCRIPTION><![CDATA[CDMH_ER_QueryTranslator]]></AU_DESCRIPTION>
        <AU_SYNCHRONIZED><![CDATA[0]]></AU_SYNCHRONIZED>
        <AU_ENTITYNAME><![CDATA[CDMH_ER_QueryTranslator]]></AU_ENTITYNAME>
        <AU_ACTIVEVERSION><![CDATA[1]]></AU_ACTIVEVERSION>
        <AU_EVENTPARAM><![CDATA[null]]></AU_EVENTPARAM>
    </AU_EventRegistry>
    <AU_EventRegistry>
        <AU_PARAMMAPXML><![CDATA[null]]></AU_PARAMMAPXML>
        <AU_SUBSCRIBERID><![CDATA[Transaction:172031051140154109444657900125]]></AU_SUBSCRIBERID>
        <AU_CREATIONDATE><![CDATA[2018-07-26 23:21:38.0]]></AU_CREATIONDATE>
        <AU_PREVIOUSVERSION><![CDATA[null]]></AU_PREVIOUSVERSION>
        <AU_COMMENTS><![CDATA[null]]></AU_COMMENTS>
        <AU_MODIFIEDDATE><![CDATA[2018-11-01 21:43:53.0]]></AU_MODIFIEDDATE>
        <AU_PROJECTOWNER><![CDATA[Project:172031051140153235657616600048]]></AU_PROJECTOWNER>
        <AU_GROUPOWNER><![CDATA[IndigoGroup:127000000001107055548721600002]]></AU_GROUPOWNER>
        <AU_VERSION><![CDATA[1]]></AU_VERSION>
        <AU_REVISION><![CDATA[null]]></AU_REVISION>
        <AU_PERMISSIONMASK><![CDATA[750]]></AU_PERMISSIONMASK>
        <AU_ID><![CDATA[172031051140153264729852300295]]></AU_ID>
        <AU_MODIFIEDBY><![CDATA[IndigoUser:11525440749190]]></AU_MODIFIEDBY>
        <AU_EVENTID><![CDATA[DatabaseEvent:172031051140153238562061100117]]></AU_EVENTID>
        <AU_USEROWNER><![CDATA[IndigoUser:11525440749190]]></AU_USEROWNER>
        <AU_DESCRIPTION><![CDATA[CDMH_ER_CodeTranslator]]></AU_DESCRIPTION>
        <AU_SYNCHRONIZED><![CDATA[0]]></AU_SYNCHRONIZED>
        <AU_ENTITYNAME><![CDATA[CDMH_ER_CodeTranslator]]></AU_ENTITYNAME>
        <AU_ACTIVEVERSION><![CDATA[1]]></AU_ACTIVEVERSION>
        <AU_EVENTPARAM><![CDATA[null]]></AU_EVENTPARAM>
    </AU_EventRegistry>
    <AU_EventRegistry>
        <AU_PARAMMAPXML><![CDATA[null]]></AU_PARAMMAPXML>
        <AU_SUBSCRIBERID><![CDATA[Transaction:172031051140153254786990900238]]></AU_SUBSCRIBERID>
        <AU_CREATIONDATE><![CDATA[2018-07-26 23:22:51.0]]></AU_CREATIONDATE>
        <AU_PREVIOUSVERSION><![CDATA[null]]></AU_PREVIOUSVERSION>
        <AU_COMMENTS><![CDATA[null]]></AU_COMMENTS>
        <AU_MODIFIEDDATE><![CDATA[2018-07-26 23:22:51.0]]></AU_MODIFIEDDATE>
        <AU_PROJECTOWNER><![CDATA[Project:172031051140153235657616600048]]></AU_PROJECTOWNER>
        <AU_GROUPOWNER><![CDATA[IndigoGroup:127000000001107055548721600002]]></AU_GROUPOWNER>
        <AU_VERSION><![CDATA[1]]></AU_VERSION>
        <AU_REVISION><![CDATA[null]]></AU_REVISION>
        <AU_PERMISSIONMASK><![CDATA[750]]></AU_PERMISSIONMASK>
        <AU_ID><![CDATA[172031051140153264737159800297]]></AU_ID>
        <AU_MODIFIEDBY><![CDATA[IndigoUser:11525440749190]]></AU_MODIFIEDBY>
        <AU_EVENTID><![CDATA[DatabaseEvent:172031051140153238638383500121]]></AU_EVENTID>
        <AU_USEROWNER><![CDATA[IndigoUser:11525440749190]]></AU_USEROWNER>
        <AU_DESCRIPTION><![CDATA[CDMH_ER_QuerySubmitToPartner]]></AU_DESCRIPTION>
        <AU_SYNCHRONIZED><![CDATA[0]]></AU_SYNCHRONIZED>
        <AU_ENTITYNAME><![CDATA[CDMH_ER_QuerySubmitToPartner]]></AU_ENTITYNAME>
        <AU_ACTIVEVERSION><![CDATA[1]]></AU_ACTIVEVERSION>
        <AU_EVENTPARAM><![CDATA[null]]></AU_EVENTPARAM>
    </AU_EventRegistry>
    <AU_EventRegistry>
        <AU_PARAMMAPXML><![CDATA[null]]></AU_PARAMMAPXML>
        <AU_SUBSCRIBERID><![CDATA[Transaction:172031051140153255444139800255]]></AU_SUBSCRIBERID>
        <AU_CREATIONDATE><![CDATA[2018-07-26 23:23:38.0]]></AU_CREATIONDATE>
        <AU_PREVIOUSVERSION><![CDATA[null]]></AU_PREVIOUSVERSION>
        <AU_COMMENTS><![CDATA[null]]></AU_COMMENTS>
        <AU_MODIFIEDDATE><![CDATA[2018-10-29 23:56:17.0]]></AU_MODIFIEDDATE>
        <AU_PROJECTOWNER><![CDATA[Project:172031051140153235657616600048]]></AU_PROJECTOWNER>
        <AU_GROUPOWNER><![CDATA[IndigoGroup:127000000001107055548721600002]]></AU_GROUPOWNER>
        <AU_VERSION><![CDATA[1]]></AU_VERSION>
        <AU_REVISION><![CDATA[null]]></AU_REVISION>
        <AU_PERMISSIONMASK><![CDATA[750]]></AU_PERMISSIONMASK>
        <AU_ID><![CDATA[172031051140153264741884700299]]></AU_ID>
        <AU_MODIFIEDBY><![CDATA[IndigoUser:11525440749190]]></AU_MODIFIEDBY>
        <AU_EVENTID><![CDATA[FileEvent:172031051140153264679210300276]]></AU_EVENTID>
        <AU_USEROWNER><![CDATA[IndigoUser:11525440749190]]></AU_USEROWNER>
        <AU_DESCRIPTION><![CDATA[CDMH_ER_GetResponseFromPCORNET4]]></AU_DESCRIPTION>
        <AU_SYNCHRONIZED><![CDATA[0]]></AU_SYNCHRONIZED>
        <AU_ENTITYNAME><![CDATA[CDMH_ER_StoreResults]]></AU_ENTITYNAME>
        <AU_ACTIVEVERSION><![CDATA[1]]></AU_ACTIVEVERSION>
        <AU_EVENTPARAM><![CDATA[null]]></AU_EVENTPARAM>
    </AU_EventRegistry>
    <AU_EventRegistry>
        <AU_PARAMMAPXML><![CDATA[null]]></AU_PARAMMAPXML>
        <AU_SUBSCRIBERID><![CDATA[Transaction:172031051140153452281757700160]]></AU_SUBSCRIBERID>
        <AU_CREATIONDATE><![CDATA[2018-08-20 21:58:01.0]]></AU_CREATIONDATE>
        <AU_PREVIOUSVERSION><![CDATA[null]]></AU_PREVIOUSVERSION>
        <AU_COMMENTS><![CDATA[null]]></AU_COMMENTS>
        <AU_MODIFIEDDATE><![CDATA[2018-08-20 21:58:01.0]]></AU_MODIFIEDDATE>
        <AU_PROJECTOWNER><![CDATA[Project:172031051140153235657616600048]]></AU_PROJECTOWNER>
        <AU_GROUPOWNER><![CDATA[IndigoGroup:127000000001107055548721600002]]></AU_GROUPOWNER>
        <AU_VERSION><![CDATA[1]]></AU_VERSION>
        <AU_REVISION><![CDATA[null]]></AU_REVISION>
        <AU_PERMISSIONMASK><![CDATA[750]]></AU_PERMISSIONMASK>
        <AU_ID><![CDATA[172031051140153480228138300215]]></AU_ID>
        <AU_MODIFIEDBY><![CDATA[IndigoUser:11525440749190]]></AU_MODIFIEDBY>
        <AU_EVENTID><![CDATA[DatabaseEvent:172031051140153480223265000213]]></AU_EVENTID>
        <AU_USEROWNER><![CDATA[IndigoUser:11525440749190]]></AU_USEROWNER>
        <AU_DESCRIPTION><![CDATA[CDMH_ER_PT_QueryTranslator]]></AU_DESCRIPTION>
        <AU_SYNCHRONIZED><![CDATA[0]]></AU_SYNCHRONIZED>
        <AU_ENTITYNAME><![CDATA[CDMH_ER_PT_QueryTranslator]]></AU_ENTITYNAME>
        <AU_ACTIVEVERSION><![CDATA[1]]></AU_ACTIVEVERSION>
        <AU_EVENTPARAM><![CDATA[null]]></AU_EVENTPARAM>
    </AU_EventRegistry>
    <AU_EventRegistry>
        <AU_PARAMMAPXML><![CDATA[null]]></AU_PARAMMAPXML>
        <AU_SUBSCRIBERID><![CDATA[Transaction:172031051140154387157871400779]]></AU_SUBSCRIBERID>
        <AU_CREATIONDATE><![CDATA[2018-12-04 18:18:16.0]]></AU_CREATIONDATE>
        <AU_PREVIOUSVERSION><![CDATA[null]]></AU_PREVIOUSVERSION>
        <AU_COMMENTS><![CDATA[null]]></AU_COMMENTS>
        <AU_MODIFIEDDATE><![CDATA[2018-12-04 18:18:16.0]]></AU_MODIFIEDDATE>
        <AU_PROJECTOWNER><![CDATA[Project:172031051140153235657616600048]]></AU_PROJECTOWNER>
        <AU_GROUPOWNER><![CDATA[IndigoGroup:127000000001107055548721600002]]></AU_GROUPOWNER>
        <AU_VERSION><![CDATA[1]]></AU_VERSION>
        <AU_REVISION><![CDATA[null]]></AU_REVISION>
        <AU_PERMISSIONMASK><![CDATA[750]]></AU_PERMISSIONMASK>
        <AU_ID><![CDATA[172031051140154394749658000808]]></AU_ID>
        <AU_MODIFIEDBY><![CDATA[IndigoUser:11525440749190]]></AU_MODIFIEDBY>
        <AU_EVENTID><![CDATA[DatabaseEvent:172031051140154394744077000805]]></AU_EVENTID>
        <AU_USEROWNER><![CDATA[IndigoUser:11525440749190]]></AU_USEROWNER>
        <AU_DESCRIPTION><![CDATA[CDMH_ER_OMOP_PatientResults]]></AU_DESCRIPTION>
        <AU_SYNCHRONIZED><![CDATA[0]]></AU_SYNCHRONIZED>
        <AU_ENTITYNAME><![CDATA[CDMH_ER_OMOP_PatientResults]]></AU_ENTITYNAME>
        <AU_ACTIVEVERSION><![CDATA[1]]></AU_ACTIVEVERSION>
        <AU_EVENTPARAM><![CDATA[null]]></AU_EVENTPARAM>
    </AU_EventRegistry>
    <AU_EventRegistry>
        <AU_PARAMMAPXML><![CDATA[null]]></AU_PARAMMAPXML>
        <AU_SUBSCRIBERID><![CDATA[Transaction:172031051140155018061327800084]]></AU_SUBSCRIBERID>
        <AU_CREATIONDATE><![CDATA[2019-02-14 21:45:52.0]]></AU_CREATIONDATE>
        <AU_PREVIOUSVERSION><![CDATA[null]]></AU_PREVIOUSVERSION>
        <AU_COMMENTS><![CDATA[null]]></AU_COMMENTS>
        <AU_MODIFIEDDATE><![CDATA[2019-02-14 21:45:52.0]]></AU_MODIFIEDDATE>
        <AU_PROJECTOWNER><![CDATA[Project:172031051140153235657616600048]]></AU_PROJECTOWNER>
        <AU_GROUPOWNER><![CDATA[IndigoGroup:127000000001107055548721600002]]></AU_GROUPOWNER>
        <AU_VERSION><![CDATA[1]]></AU_VERSION>
        <AU_REVISION><![CDATA[null]]></AU_REVISION>
        <AU_PERMISSIONMASK><![CDATA[750]]></AU_PERMISSIONMASK>
        <AU_ID><![CDATA[172031051140155018075228200086]]></AU_ID>
        <AU_MODIFIEDBY><![CDATA[IndigoUser:11525440749190]]></AU_MODIFIEDBY>
        <AU_EVENTID><![CDATA[DatabaseEvent:172031051140155018036272600081]]></AU_EVENTID>
        <AU_USEROWNER><![CDATA[IndigoUser:11525440749190]]></AU_USEROWNER>
        <AU_DESCRIPTION><![CDATA[CDMH_ER_SETQUERYREQUEST_PARTIAL_RESULTS]]></AU_DESCRIPTION>
        <AU_SYNCHRONIZED><![CDATA[0]]></AU_SYNCHRONIZED>
        <AU_ENTITYNAME><![CDATA[CDMH_ER_SETQUERYREQUEST_PARTIAL_RESULTS]]></AU_ENTITYNAME>
        <AU_ACTIVEVERSION><![CDATA[1]]></AU_ACTIVEVERSION>
        <AU_EVENTPARAM><![CDATA[null]]></AU_EVENTPARAM>
    </AU_EventRegistry>
    
    
    
    
    <AU_EventRegistry>
        <AU_PARAMMAPXML><![CDATA[null]]></AU_PARAMMAPXML>
        <AU_SUBSCRIBERID><![CDATA[Transaction:172031051140153797837320600084]]></AU_SUBSCRIBERID>
        <AU_CREATIONDATE><![CDATA[2018-09-26 16:14:01.0]]></AU_CREATIONDATE>
        <AU_PREVIOUSVERSION><![CDATA[null]]></AU_PREVIOUSVERSION>
        <AU_COMMENTS><![CDATA[null]]></AU_COMMENTS>
        <AU_MODIFIEDDATE><![CDATA[2018-11-05 21:01:45.0]]></AU_MODIFIEDDATE>
        <AU_PROJECTOWNER><![CDATA[Project:172031051140153235657616600048]]></AU_PROJECTOWNER>
        <AU_GROUPOWNER><![CDATA[IndigoGroup:127000000001107055548721600002]]></AU_GROUPOWNER>
        <AU_VERSION><![CDATA[1]]></AU_VERSION>
        <AU_REVISION><![CDATA[null]]></AU_REVISION>
        <AU_PERMISSIONMASK><![CDATA[750]]></AU_PERMISSIONMASK>
        <AU_ID><![CDATA[172031051140153797844104700086]]></AU_ID>
        <AU_MODIFIEDBY><![CDATA[IndigoUser:11525440749190]]></AU_MODIFIEDBY>
        <AU_EVENTID><![CDATA[FTPEvent:172031051140154085232192100075]]></AU_EVENTID>
        <AU_USEROWNER><![CDATA[IndigoUser:11525440749190]]></AU_USEROWNER>
        <AU_DESCRIPTION><![CDATA[CDMH_ER_GetResponseFromPCORNET4]]></AU_DESCRIPTION>
        <AU_SYNCHRONIZED><![CDATA[0]]></AU_SYNCHRONIZED>
        <AU_ENTITYNAME><![CDATA[CDMH_ER_PCORI4_GetResponse]]></AU_ENTITYNAME>
        <AU_ACTIVEVERSION><![CDATA[1]]></AU_ACTIVEVERSION>
        <AU_EVENTPARAM><![CDATA[null]]></AU_EVENTPARAM>
    </AU_EventRegistry>
    
    
    <AU_EventRegistry>
        <AU_PARAMMAPXML><![CDATA[null]]></AU_PARAMMAPXML>
        <AU_SUBSCRIBERID><![CDATA[Transaction:172031051140153797837320600084]]></AU_SUBSCRIBERID>
        <AU_CREATIONDATE><![CDATA[2018-11-05 21:01:03.0]]></AU_CREATIONDATE>
        <AU_PREVIOUSVERSION><![CDATA[null]]></AU_PREVIOUSVERSION>
        <AU_COMMENTS><![CDATA[null]]></AU_COMMENTS>
        <AU_MODIFIEDDATE><![CDATA[2018-11-05 21:01:03.0]]></AU_MODIFIEDDATE>
        <AU_PROJECTOWNER><![CDATA[Project:172031051140153235657616600048]]></AU_PROJECTOWNER>
        <AU_GROUPOWNER><![CDATA[IndigoGroup:127000000001107055548721600002]]></AU_GROUPOWNER>
        <AU_VERSION><![CDATA[1]]></AU_VERSION>
        <AU_REVISION><![CDATA[null]]></AU_REVISION>
        <AU_PERMISSIONMASK><![CDATA[750]]></AU_PERMISSIONMASK>
        <AU_ID><![CDATA[172031051140154145166393600213]]></AU_ID>
        <AU_MODIFIEDBY><![CDATA[IndigoUser:11525440749190]]></AU_MODIFIEDBY>
        <AU_EVENTID><![CDATA[FTPEvent:172031051140154145133511900200]]></AU_EVENTID>
        <AU_USEROWNER><![CDATA[IndigoUser:11525440749190]]></AU_USEROWNER>
        <AU_DESCRIPTION><![CDATA[CDMH_ER_OMOP_GetResponse]]></AU_DESCRIPTION>
        <AU_SYNCHRONIZED><![CDATA[0]]></AU_SYNCHRONIZED>
        <AU_ENTITYNAME><![CDATA[CDMH_ER_OMOP_GetResponse]]></AU_ENTITYNAME>
        <AU_ACTIVEVERSION><![CDATA[1]]></AU_ACTIVEVERSION>
        <AU_EVENTPARAM><![CDATA[null]]></AU_EVENTPARAM>
    </AU_EventRegistry>
    <AU_EventRegistry>
        <AU_PARAMMAPXML><![CDATA[null]]></AU_PARAMMAPXML>
        <AU_SUBSCRIBERID><![CDATA[Transaction:172031051140153263274887300256]]></AU_SUBSCRIBERID>
        <AU_CREATIONDATE><![CDATA[2018-11-05 21:02:51.0]]></AU_CREATIONDATE>
        <AU_PREVIOUSVERSION><![CDATA[null]]></AU_PREVIOUSVERSION>
        <AU_COMMENTS><![CDATA[null]]></AU_COMMENTS>
        <AU_MODIFIEDDATE><![CDATA[2018-11-05 21:02:51.0]]></AU_MODIFIEDDATE>
        <AU_PROJECTOWNER><![CDATA[Project:172031051140153235657616600048]]></AU_PROJECTOWNER>
        <AU_GROUPOWNER><![CDATA[IndigoGroup:127000000001107055548721600002]]></AU_GROUPOWNER>
        <AU_VERSION><![CDATA[1]]></AU_VERSION>
        <AU_REVISION><![CDATA[null]]></AU_REVISION>
        <AU_PERMISSIONMASK><![CDATA[750]]></AU_PERMISSIONMASK>
        <AU_ID><![CDATA[172031051140154145177157200218]]></AU_ID>
        <AU_MODIFIEDBY><![CDATA[IndigoUser:11525440749190]]></AU_MODIFIEDBY>
        <AU_EVENTID><![CDATA[FTPEvent:172031051140154145136530600202]]></AU_EVENTID>
        <AU_USEROWNER><![CDATA[IndigoUser:11525440749190]]></AU_USEROWNER>
        <AU_DESCRIPTION><![CDATA[CDMH_ER_GeneratePartnerResponse]]></AU_DESCRIPTION>
        <AU_SYNCHRONIZED><![CDATA[0]]></AU_SYNCHRONIZED>
        <AU_ENTITYNAME><![CDATA[CDMH_ER_OMOP_GeneratePartnerResponse]]></AU_ENTITYNAME>
        <AU_ACTIVEVERSION><![CDATA[1]]></AU_ACTIVEVERSION>
        <AU_EVENTPARAM><![CDATA[null]]></AU_EVENTPARAM>
    </AU_EventRegistry>
    <AU_EventRegistry>
        <AU_PARAMMAPXML><![CDATA[null]]></AU_PARAMMAPXML>
        <AU_SUBSCRIBERID><![CDATA[Transaction:172031051140154268248379000600]]></AU_SUBSCRIBERID>
        <AU_CREATIONDATE><![CDATA[2018-11-20 02:54:06.0]]></AU_CREATIONDATE>
        <AU_PREVIOUSVERSION><![CDATA[null]]></AU_PREVIOUSVERSION>
        <AU_COMMENTS><![CDATA[null]]></AU_COMMENTS>
        <AU_MODIFIEDDATE><![CDATA[2019-02-14 19:48:34.0]]></AU_MODIFIEDDATE>
        <AU_PROJECTOWNER><![CDATA[Project:172031051140153235657616600048]]></AU_PROJECTOWNER>
        <AU_GROUPOWNER><![CDATA[IndigoGroup:127000000001107055548721600002]]></AU_GROUPOWNER>
        <AU_VERSION><![CDATA[1]]></AU_VERSION>
        <AU_REVISION><![CDATA[null]]></AU_REVISION>
        <AU_PERMISSIONMASK><![CDATA[750]]></AU_PERMISSIONMASK>
        <AU_ID><![CDATA[172031051140154268244637000597]]></AU_ID>
        <AU_MODIFIEDBY><![CDATA[IndigoUser:11525440749190]]></AU_MODIFIEDBY>
        <AU_EVENTID><![CDATA[DatabaseEvent:172031051140154268239449700594]]></AU_EVENTID>
        <AU_USEROWNER><![CDATA[IndigoUser:11525440749190]]></AU_USEROWNER>
        <AU_DESCRIPTION><![CDATA[CDMH_DBE_PCORNET_PatientResults]]></AU_DESCRIPTION>
        <AU_SYNCHRONIZED><![CDATA[0]]></AU_SYNCHRONIZED>
        <AU_ENTITYNAME><![CDATA[CDMH_ER_PCORNET3_PatientResults]]></AU_ENTITYNAME>
        <AU_ACTIVEVERSION><![CDATA[1]]></AU_ACTIVEVERSION>
        <AU_EVENTPARAM><![CDATA[null]]></AU_EVENTPARAM>
    </AU_EventRegistry>
    
    
    <AU_EventRegistry>
        <AU_PARAMMAPXML><![CDATA[null]]></AU_PARAMMAPXML>
        <AU_SUBSCRIBERID><![CDATA[Transaction:172031051140153487385545100272]]></AU_SUBSCRIBERID>
        <AU_CREATIONDATE><![CDATA[2018-08-21 18:03:37.0]]></AU_CREATIONDATE>
        <AU_PREVIOUSVERSION><![CDATA[null]]></AU_PREVIOUSVERSION>
        <AU_COMMENTS><![CDATA[null]]></AU_COMMENTS>
        <AU_MODIFIEDDATE><![CDATA[2018-08-21 18:03:37.0]]></AU_MODIFIEDDATE>
        <AU_PROJECTOWNER><![CDATA[Project:172031051140153235657616600048]]></AU_PROJECTOWNER>
        <AU_GROUPOWNER><![CDATA[IndigoGroup:127000000001107055548721600002]]></AU_GROUPOWNER>
        <AU_VERSION><![CDATA[1]]></AU_VERSION>
        <AU_REVISION><![CDATA[null]]></AU_REVISION>
        <AU_PERMISSIONMASK><![CDATA[750]]></AU_PERMISSIONMASK>
        <AU_ID><![CDATA[172031051140153487461797200274]]></AU_ID>
        <AU_MODIFIEDBY><![CDATA[IndigoUser:11525440749190]]></AU_MODIFIEDBY>
        <AU_EVENTID><![CDATA[DatabaseEvent:172031051140153487381945200270]]></AU_EVENTID>
        <AU_USEROWNER><![CDATA[IndigoUser:11525440749190]]></AU_USEROWNER>
        <AU_DESCRIPTION><![CDATA[CDMH_ER_PatientResults_Staging]]></AU_DESCRIPTION>
        <AU_SYNCHRONIZED><![CDATA[0]]></AU_SYNCHRONIZED>
        <AU_ENTITYNAME><![CDATA[CDMH_ER_PatientResults_Staging]]></AU_ENTITYNAME>
        <AU_ACTIVEVERSION><![CDATA[1]]></AU_ACTIVEVERSION>
        <AU_EVENTPARAM><![CDATA[null]]></AU_EVENTPARAM>
    </AU_EventRegistry>
    
    
    <columnInfo dbtype="2">
        <column name="AU_ID" type="12" />
        <column name="AU_VERSION" type="12" />
        <column name="AU_PREVIOUSVERSION" type="12" />
        <column name="AU_ACTIVEVERSION" type="2" />
        <column name="AU_ENTITYNAME" type="12" />
        <column name="AU_USEROWNER" type="12" />
        <column name="AU_GROUPOWNER" type="12" />
        <column name="AU_PERMISSIONMASK" type="12" />
        <column name="AU_DESCRIPTION" type="12" />
        <column name="AU_COMMENTS" type="12" />
        <column name="AU_MODIFIEDBY" type="12" />
        <column name="AU_CREATIONDATE" type="93" />
        <column name="AU_MODIFIEDDATE" type="93" />
        <column name="AU_REVISION" type="12" />
        <column name="AU_SYNCHRONIZED" type="2" />
        <column name="AU_PROJECTOWNER" type="12" />
        <column name="AU_EVENTID" type="12" />
        <column name="AU_SUBSCRIBERID" type="12" />
        <column name="AU_EVENTPARAM" type="12" />
        <column name="AU_PARAMMAPXML" type="2005" />
    </columnInfo>
</data>
