<?xml version="1.0" encoding="UTF-8"?>
<data>
    <AU_FTPEVENT>
        <AU_FTPOVERSSL><![CDATA[0]]></AU_FTPOVERSSL>
        <AU_PROCESSDUPLICATEFILE><![CDATA[1]]></AU_PROCESSDUPLICATEFILE>
        <AU_CREATIONDATE><![CDATA[2018-10-29 22:32:01.0]]></AU_CREATIONDATE>
        <AU_WITHOUTVFS><![CDATA[1]]></AU_WITHOUTVFS>
        <AU_ACCOUNTID><![CDATA[null]]></AU_ACCOUNTID>
        <AU_ACTIVEVERSION><![CDATA[1]]></AU_ACTIVEVERSION>
        <AU_FTPUSERID><![CDATA[mysftpuser]]></AU_FTPUSERID>
        <AU_GROUPOWNER><![CDATA[IndigoGroup:127000000001107055548721600002]]></AU_GROUPOWNER>
        <AU_FTPSMODE><![CDATA[null]]></AU_FTPSMODE>
        <AU_PROJECTOWNER><![CDATA[Project:172031051140153235657616600048]]></AU_PROJECTOWNER>
        <AU_COMMENTS><![CDATA[null]]></AU_COMMENTS>
        <AU_SYNCHRONIZED><![CDATA[0]]></AU_SYNCHRONIZED>
        <AU_RUNINITIALLOAD><![CDATA[0]]></AU_RUNINITIALLOAD>
        <AU_KEYMANAGER><![CDATA[null]]></AU_KEYMANAGER>
        <AU_FTPPROTECTIONLEVEL><![CDATA[None]]></AU_FTPPROTECTIONLEVEL>
        <AU_MISFIREINSTRUCTIONS><![CDATA[ignoreMisfire]]></AU_MISFIREINSTRUCTIONS>
        <AU_DEBUGMODE><![CDATA[0]]></AU_DEBUGMODE>
        <AU_PORT><![CDATA[22]]></AU_PORT>
        <AU_RECEIVEREMAILIDS><![CDATA[null]]></AU_RECEIVEREMAILIDS>
        <AU_CONNECTORNAME><![CDATA[securedInet]]></AU_CONNECTORNAME>
        <AU_HOSTNAME><![CDATA[54.242.186.251]]></AU_HOSTNAME>
        <AU_PERMISSIONMASK><![CDATA[750]]></AU_PERMISSIONMASK>
        <AU_PROCESSDEACTIVATEDSTATEDATA><![CDATA[1]]></AU_PROCESSDEACTIVATEDSTATEDATA>
        <AU_MAILNOTIFICATIONACTION><![CDATA[null]]></AU_MAILNOTIFICATIONACTION>
        <AU_TRIGGERTYPE><![CDATA[FileExists]]></AU_TRIGGERTYPE>
        <AU_FILEBASELOCATION><![CDATA[/upload/PCORNET4/results]]></AU_FILEBASELOCATION>
        <AU_POLLINGFREQUENCY><![CDATA[5$m]]></AU_POLLINGFREQUENCY>
        <AU_DESCRIPTION><![CDATA[Execution_Step: 6

event to check if response is received from PCORNET4]]></AU_DESCRIPTION>
        <AU_FILTEROUT><![CDATA[null]]></AU_FILTEROUT>
        <AU_STABLETIME><![CDATA[$0]]></AU_STABLETIME>
        <AU_BUSINESSINTERVAL><![CDATA[null]]></AU_BUSINESSINTERVAL>
        <AU_MODIFIEDDATE><![CDATA[2018-11-05 20:58:35.0]]></AU_MODIFIEDDATE>
        <AU_FILTERIN><![CDATA[*.*]]></AU_FILTERIN>
        <AU_EVENTSTARTDATETIME><![CDATA[null]]></AU_EVENTSTARTDATETIME>
        <AU_VERSION><![CDATA[1]]></AU_VERSION>
        <AU_PROCESSPERPOLL><![CDATA[-1]]></AU_PROCESSPERPOLL>
        <AU_CREATIONMODE><![CDATA[Simple]]></AU_CREATIONMODE>
        <AU_SECURED><![CDATA[1]]></AU_SECURED>
        <AU_FTPVALIDATESERVER><![CDATA[0]]></AU_FTPVALIDATESERVER>
        <AU_ID><![CDATA[172031051140154085232192100075]]></AU_ID>
        <AU_FTPPASSWORD><![CDATA[FryabtAAYCAYHtkgwF/yUw==]]></AU_FTPPASSWORD>
        <AU_CALENDARTYPE><![CDATA[AllDays]]></AU_CALENDARTYPE>
        <AU_USEJ2SSH><![CDATA[0]]></AU_USEJ2SSH>
        <AU_KEYSTORENAMEFORFTP><![CDATA[None]]></AU_KEYSTORENAMEFORFTP>
        <AU_ACTIVATEFLAG><![CDATA[0]]></AU_ACTIVATEFLAG>
        <AU_PREVIOUSVERSION><![CDATA[null]]></AU_PREVIOUSVERSION>
        <AU_REVISION><![CDATA[null]]></AU_REVISION>
        <AU_ENTITYNAME><![CDATA[CDMH_FTP_PCORI4_GetResponse]]></AU_ENTITYNAME>
        <AU_EVENTEXPIRYDATETIME><![CDATA[null]]></AU_EVENTEXPIRYDATETIME>
        <AU_TRANSFERTYPE><![CDATA[PASSIVE]]></AU_TRANSFERTYPE>
        <AU_MODIFIEDBY><![CDATA[IndigoUser:11525440749190]]></AU_MODIFIEDBY>
        <AU_USEROWNER><![CDATA[IndigoUser:11525440749190]]></AU_USEROWNER>
        <AU_TRIGGERINSEQUENCE><![CDATA[0]]></AU_TRIGGERINSEQUENCE>
    </AU_FTPEVENT>
    <AU_FTPEVENT>
        <AU_FTPOVERSSL><![CDATA[0]]></AU_FTPOVERSSL>
        <AU_PROCESSDUPLICATEFILE><![CDATA[1]]></AU_PROCESSDUPLICATEFILE>
        <AU_CREATIONDATE><![CDATA[2018-10-29 22:51:15.0]]></AU_CREATIONDATE>
        <AU_WITHOUTVFS><![CDATA[1]]></AU_WITHOUTVFS>
        <AU_ACCOUNTID><![CDATA[null]]></AU_ACCOUNTID>
        <AU_ACTIVEVERSION><![CDATA[1]]></AU_ACTIVEVERSION>
        <AU_FTPUSERID><![CDATA[mysftpuser]]></AU_FTPUSERID>
        <AU_GROUPOWNER><![CDATA[IndigoGroup:127000000001107055548721600002]]></AU_GROUPOWNER>
        <AU_FTPSMODE><![CDATA[null]]></AU_FTPSMODE>
        <AU_PROJECTOWNER><![CDATA[Project:172031051140153235657616600048]]></AU_PROJECTOWNER>
        <AU_COMMENTS><![CDATA[null]]></AU_COMMENTS>
        <AU_SYNCHRONIZED><![CDATA[0]]></AU_SYNCHRONIZED>
        <AU_RUNINITIALLOAD><![CDATA[0]]></AU_RUNINITIALLOAD>
        <AU_KEYMANAGER><![CDATA[null]]></AU_KEYMANAGER>
        <AU_FTPPROTECTIONLEVEL><![CDATA[None]]></AU_FTPPROTECTIONLEVEL>
        <AU_MISFIREINSTRUCTIONS><![CDATA[ignoreMisfire]]></AU_MISFIREINSTRUCTIONS>
        <AU_DEBUGMODE><![CDATA[0]]></AU_DEBUGMODE>
        <AU_PORT><![CDATA[22]]></AU_PORT>
        <AU_RECEIVEREMAILIDS><![CDATA[null]]></AU_RECEIVEREMAILIDS>
        <AU_CONNECTORNAME><![CDATA[securedInet]]></AU_CONNECTORNAME>
        <AU_HOSTNAME><![CDATA[54.242.186.251]]></AU_HOSTNAME>
        <AU_PERMISSIONMASK><![CDATA[750]]></AU_PERMISSIONMASK>
        <AU_PROCESSDEACTIVATEDSTATEDATA><![CDATA[1]]></AU_PROCESSDEACTIVATEDSTATEDATA>
        <AU_MAILNOTIFICATIONACTION><![CDATA[null]]></AU_MAILNOTIFICATIONACTION>
        <AU_TRIGGERTYPE><![CDATA[FileExists]]></AU_TRIGGERTYPE>
        <AU_FILEBASELOCATION><![CDATA[/upload/PCORNET4/query]]></AU_FILEBASELOCATION>
        <AU_POLLINGFREQUENCY><![CDATA[5$m]]></AU_POLLINGFREQUENCY>
        <AU_DESCRIPTION><![CDATA[Execution_Step: 5 event to execute query against DM and generate results in results folder]]></AU_DESCRIPTION>
        <AU_FILTEROUT><![CDATA[null]]></AU_FILTEROUT>
        <AU_STABLETIME><![CDATA[$0]]></AU_STABLETIME>
        <AU_BUSINESSINTERVAL><![CDATA[null]]></AU_BUSINESSINTERVAL>
        <AU_MODIFIEDDATE><![CDATA[2018-11-05 20:58:01.0]]></AU_MODIFIEDDATE>
        <AU_FILTERIN><![CDATA[*.sql]]></AU_FILTERIN>
        <AU_EVENTSTARTDATETIME><![CDATA[null]]></AU_EVENTSTARTDATETIME>
        <AU_VERSION><![CDATA[1]]></AU_VERSION>
        <AU_PROCESSPERPOLL><![CDATA[-1]]></AU_PROCESSPERPOLL>
        <AU_CREATIONMODE><![CDATA[Simple]]></AU_CREATIONMODE>
        <AU_SECURED><![CDATA[1]]></AU_SECURED>
        <AU_FTPVALIDATESERVER><![CDATA[0]]></AU_FTPVALIDATESERVER>
        <AU_ID><![CDATA[172031051140154085347545600082]]></AU_ID>
        <AU_FTPPASSWORD><![CDATA[FryabtAAYCAYHtkgwF/yUw==]]></AU_FTPPASSWORD>
        <AU_CALENDARTYPE><![CDATA[AllDays]]></AU_CALENDARTYPE>
        <AU_USEJ2SSH><![CDATA[0]]></AU_USEJ2SSH>
        <AU_KEYSTORENAMEFORFTP><![CDATA[None]]></AU_KEYSTORENAMEFORFTP>
        <AU_ACTIVATEFLAG><![CDATA[0]]></AU_ACTIVATEFLAG>
        <AU_PREVIOUSVERSION><![CDATA[null]]></AU_PREVIOUSVERSION>
        <AU_REVISION><![CDATA[null]]></AU_REVISION>
        <AU_ENTITYNAME><![CDATA[CDMH_FTP_PCORI4_GeneratePartnerResponse]]></AU_ENTITYNAME>
        <AU_EVENTEXPIRYDATETIME><![CDATA[null]]></AU_EVENTEXPIRYDATETIME>
        <AU_TRANSFERTYPE><![CDATA[PASSIVE]]></AU_TRANSFERTYPE>
        <AU_MODIFIEDBY><![CDATA[IndigoUser:11525440749190]]></AU_MODIFIEDBY>
        <AU_USEROWNER><![CDATA[IndigoUser:11525440749190]]></AU_USEROWNER>
        <AU_TRIGGERINSEQUENCE><![CDATA[0]]></AU_TRIGGERINSEQUENCE>
    </AU_FTPEVENT>
    <AU_FTPEVENT>
        <AU_FTPOVERSSL><![CDATA[0]]></AU_FTPOVERSSL>
        <AU_PROCESSDUPLICATEFILE><![CDATA[1]]></AU_PROCESSDUPLICATEFILE>
        <AU_CREATIONDATE><![CDATA[2018-10-29 23:52:53.0]]></AU_CREATIONDATE>
        <AU_WITHOUTVFS><![CDATA[1]]></AU_WITHOUTVFS>
        <AU_ACCOUNTID><![CDATA[null]]></AU_ACCOUNTID>
        <AU_ACTIVEVERSION><![CDATA[1]]></AU_ACTIVEVERSION>
        <AU_FTPUSERID><![CDATA[mysftpuser]]></AU_FTPUSERID>
        <AU_GROUPOWNER><![CDATA[IndigoGroup:127000000001107055548721600002]]></AU_GROUPOWNER>
        <AU_FTPSMODE><![CDATA[null]]></AU_FTPSMODE>
        <AU_PROJECTOWNER><![CDATA[Project:172031051140153235657616600048]]></AU_PROJECTOWNER>
        <AU_COMMENTS><![CDATA[null]]></AU_COMMENTS>
        <AU_SYNCHRONIZED><![CDATA[0]]></AU_SYNCHRONIZED>
        <AU_RUNINITIALLOAD><![CDATA[0]]></AU_RUNINITIALLOAD>
        <AU_KEYMANAGER><![CDATA[null]]></AU_KEYMANAGER>
        <AU_FTPPROTECTIONLEVEL><![CDATA[None]]></AU_FTPPROTECTIONLEVEL>
        <AU_MISFIREINSTRUCTIONS><![CDATA[ignoreMisfire]]></AU_MISFIREINSTRUCTIONS>
        <AU_DEBUGMODE><![CDATA[0]]></AU_DEBUGMODE>
        <AU_PORT><![CDATA[22]]></AU_PORT>
        <AU_RECEIVEREMAILIDS><![CDATA[null]]></AU_RECEIVEREMAILIDS>
        <AU_CONNECTORNAME><![CDATA[securedInet]]></AU_CONNECTORNAME>
        <AU_HOSTNAME><![CDATA[54.242.186.251]]></AU_HOSTNAME>
        <AU_PERMISSIONMASK><![CDATA[750]]></AU_PERMISSIONMASK>
        <AU_PROCESSDEACTIVATEDSTATEDATA><![CDATA[1]]></AU_PROCESSDEACTIVATEDSTATEDATA>
        <AU_MAILNOTIFICATIONACTION><![CDATA[null]]></AU_MAILNOTIFICATIONACTION>
        <AU_TRIGGERTYPE><![CDATA[FileExists]]></AU_TRIGGERTYPE>
        <AU_FILEBASELOCATION><![CDATA[/upload/PCORNET3/results]]></AU_FILEBASELOCATION>
        <AU_POLLINGFREQUENCY><![CDATA[5$m]]></AU_POLLINGFREQUENCY>
        <AU_DESCRIPTION><![CDATA[Execution_Step: 6

event to check if response is received from PCORNET3]]></AU_DESCRIPTION>
        <AU_FILTEROUT><![CDATA[null]]></AU_FILTEROUT>
        <AU_STABLETIME><![CDATA[$0]]></AU_STABLETIME>
        <AU_BUSINESSINTERVAL><![CDATA[null]]></AU_BUSINESSINTERVAL>
        <AU_MODIFIEDDATE><![CDATA[2018-11-05 20:58:42.0]]></AU_MODIFIEDDATE>
        <AU_FILTERIN><![CDATA[*.*]]></AU_FILTERIN>
        <AU_EVENTSTARTDATETIME><![CDATA[null]]></AU_EVENTSTARTDATETIME>
        <AU_VERSION><![CDATA[1]]></AU_VERSION>
        <AU_PROCESSPERPOLL><![CDATA[-1]]></AU_PROCESSPERPOLL>
        <AU_CREATIONMODE><![CDATA[Simple]]></AU_CREATIONMODE>
        <AU_SECURED><![CDATA[1]]></AU_SECURED>
        <AU_FTPVALIDATESERVER><![CDATA[0]]></AU_FTPVALIDATESERVER>
        <AU_ID><![CDATA[172031051140154085717397200103]]></AU_ID>
        <AU_FTPPASSWORD><![CDATA[FryabtAAYCAYHtkgwF/yUw==]]></AU_FTPPASSWORD>
        <AU_CALENDARTYPE><![CDATA[AllDays]]></AU_CALENDARTYPE>
        <AU_USEJ2SSH><![CDATA[0]]></AU_USEJ2SSH>
        <AU_KEYSTORENAMEFORFTP><![CDATA[None]]></AU_KEYSTORENAMEFORFTP>
        <AU_ACTIVATEFLAG><![CDATA[0]]></AU_ACTIVATEFLAG>
        <AU_PREVIOUSVERSION><![CDATA[null]]></AU_PREVIOUSVERSION>
        <AU_REVISION><![CDATA[null]]></AU_REVISION>
        <AU_ENTITYNAME><![CDATA[CDMH_FTP_PCORI3_GetResponse]]></AU_ENTITYNAME>
        <AU_EVENTEXPIRYDATETIME><![CDATA[null]]></AU_EVENTEXPIRYDATETIME>
        <AU_TRANSFERTYPE><![CDATA[PASSIVE]]></AU_TRANSFERTYPE>
        <AU_MODIFIEDBY><![CDATA[IndigoUser:11533224673309]]></AU_MODIFIEDBY>
        <AU_USEROWNER><![CDATA[IndigoUser:11525440749190]]></AU_USEROWNER>
        <AU_TRIGGERINSEQUENCE><![CDATA[0]]></AU_TRIGGERINSEQUENCE>
    </AU_FTPEVENT>
    <AU_FTPEVENT>
        <AU_FTPOVERSSL><![CDATA[0]]></AU_FTPOVERSSL>
        <AU_PROCESSDUPLICATEFILE><![CDATA[1]]></AU_PROCESSDUPLICATEFILE>
        <AU_CREATIONDATE><![CDATA[2018-10-29 23:53:13.0]]></AU_CREATIONDATE>
        <AU_WITHOUTVFS><![CDATA[1]]></AU_WITHOUTVFS>
        <AU_ACCOUNTID><![CDATA[null]]></AU_ACCOUNTID>
        <AU_ACTIVEVERSION><![CDATA[1]]></AU_ACTIVEVERSION>
        <AU_FTPUSERID><![CDATA[mysftpuser]]></AU_FTPUSERID>
        <AU_GROUPOWNER><![CDATA[IndigoGroup:127000000001107055548721600002]]></AU_GROUPOWNER>
        <AU_FTPSMODE><![CDATA[null]]></AU_FTPSMODE>
        <AU_PROJECTOWNER><![CDATA[Project:172031051140153235657616600048]]></AU_PROJECTOWNER>
        <AU_COMMENTS><![CDATA[null]]></AU_COMMENTS>
        <AU_SYNCHRONIZED><![CDATA[0]]></AU_SYNCHRONIZED>
        <AU_RUNINITIALLOAD><![CDATA[0]]></AU_RUNINITIALLOAD>
        <AU_KEYMANAGER><![CDATA[null]]></AU_KEYMANAGER>
        <AU_FTPPROTECTIONLEVEL><![CDATA[None]]></AU_FTPPROTECTIONLEVEL>
        <AU_MISFIREINSTRUCTIONS><![CDATA[ignoreMisfire]]></AU_MISFIREINSTRUCTIONS>
        <AU_DEBUGMODE><![CDATA[0]]></AU_DEBUGMODE>
        <AU_PORT><![CDATA[22]]></AU_PORT>
        <AU_RECEIVEREMAILIDS><![CDATA[null]]></AU_RECEIVEREMAILIDS>
        <AU_CONNECTORNAME><![CDATA[securedInet]]></AU_CONNECTORNAME>
        <AU_HOSTNAME><![CDATA[54.242.186.251]]></AU_HOSTNAME>
        <AU_PERMISSIONMASK><![CDATA[750]]></AU_PERMISSIONMASK>
        <AU_PROCESSDEACTIVATEDSTATEDATA><![CDATA[1]]></AU_PROCESSDEACTIVATEDSTATEDATA>
        <AU_MAILNOTIFICATIONACTION><![CDATA[null]]></AU_MAILNOTIFICATIONACTION>
        <AU_TRIGGERTYPE><![CDATA[FileExists]]></AU_TRIGGERTYPE>
        <AU_FILEBASELOCATION><![CDATA[/upload/PCORNET3/query]]></AU_FILEBASELOCATION>
        <AU_POLLINGFREQUENCY><![CDATA[5$m]]></AU_POLLINGFREQUENCY>
        <AU_DESCRIPTION><![CDATA[Execution_Step: 5 event to execute query against DM and generate results in results folder]]></AU_DESCRIPTION>
        <AU_FILTEROUT><![CDATA[null]]></AU_FILTEROUT>
        <AU_STABLETIME><![CDATA[$0]]></AU_STABLETIME>
        <AU_BUSINESSINTERVAL><![CDATA[null]]></AU_BUSINESSINTERVAL>
        <AU_MODIFIEDDATE><![CDATA[2018-11-05 20:57:23.0]]></AU_MODIFIEDDATE>
        <AU_FILTERIN><![CDATA[*.sql]]></AU_FILTERIN>
        <AU_EVENTSTARTDATETIME><![CDATA[null]]></AU_EVENTSTARTDATETIME>
        <AU_VERSION><![CDATA[1]]></AU_VERSION>
        <AU_PROCESSPERPOLL><![CDATA[-1]]></AU_PROCESSPERPOLL>
        <AU_CREATIONMODE><![CDATA[Simple]]></AU_CREATIONMODE>
        <AU_SECURED><![CDATA[1]]></AU_SECURED>
        <AU_FTPVALIDATESERVER><![CDATA[0]]></AU_FTPVALIDATESERVER>
        <AU_ID><![CDATA[172031051140154085719334700105]]></AU_ID>
        <AU_FTPPASSWORD><![CDATA[FryabtAAYCAYHtkgwF/yUw==]]></AU_FTPPASSWORD>
        <AU_CALENDARTYPE><![CDATA[AllDays]]></AU_CALENDARTYPE>
        <AU_USEJ2SSH><![CDATA[0]]></AU_USEJ2SSH>
        <AU_KEYSTORENAMEFORFTP><![CDATA[None]]></AU_KEYSTORENAMEFORFTP>
        <AU_ACTIVATEFLAG><![CDATA[0]]></AU_ACTIVATEFLAG>
        <AU_PREVIOUSVERSION><![CDATA[null]]></AU_PREVIOUSVERSION>
        <AU_REVISION><![CDATA[null]]></AU_REVISION>
        <AU_ENTITYNAME><![CDATA[CDMH_FTP_PCORI3_GeneratePartnerResponse]]></AU_ENTITYNAME>
        <AU_EVENTEXPIRYDATETIME><![CDATA[null]]></AU_EVENTEXPIRYDATETIME>
        <AU_TRANSFERTYPE><![CDATA[PASSIVE]]></AU_TRANSFERTYPE>
        <AU_MODIFIEDBY><![CDATA[IndigoUser:11533224673309]]></AU_MODIFIEDBY>
        <AU_USEROWNER><![CDATA[IndigoUser:11525440749190]]></AU_USEROWNER>
        <AU_TRIGGERINSEQUENCE><![CDATA[0]]></AU_TRIGGERINSEQUENCE>
    </AU_FTPEVENT>
    <AU_FTPEVENT>
        <AU_FTPOVERSSL><![CDATA[0]]></AU_FTPOVERSSL>
        <AU_PROCESSDUPLICATEFILE><![CDATA[1]]></AU_PROCESSDUPLICATEFILE>
        <AU_CREATIONDATE><![CDATA[2018-11-05 20:55:35.0]]></AU_CREATIONDATE>
        <AU_WITHOUTVFS><![CDATA[1]]></AU_WITHOUTVFS>
        <AU_ACCOUNTID><![CDATA[null]]></AU_ACCOUNTID>
        <AU_ACTIVEVERSION><![CDATA[1]]></AU_ACTIVEVERSION>
        <AU_FTPUSERID><![CDATA[mysftpuser]]></AU_FTPUSERID>
        <AU_GROUPOWNER><![CDATA[IndigoGroup:127000000001107055548721600002]]></AU_GROUPOWNER>
        <AU_FTPSMODE><![CDATA[null]]></AU_FTPSMODE>
        <AU_PROJECTOWNER><![CDATA[Project:172031051140153235657616600048]]></AU_PROJECTOWNER>
        <AU_COMMENTS><![CDATA[null]]></AU_COMMENTS>
        <AU_SYNCHRONIZED><![CDATA[0]]></AU_SYNCHRONIZED>
        <AU_RUNINITIALLOAD><![CDATA[0]]></AU_RUNINITIALLOAD>
        <AU_KEYMANAGER><![CDATA[null]]></AU_KEYMANAGER>
        <AU_FTPPROTECTIONLEVEL><![CDATA[None]]></AU_FTPPROTECTIONLEVEL>
        <AU_MISFIREINSTRUCTIONS><![CDATA[ignoreMisfire]]></AU_MISFIREINSTRUCTIONS>
        <AU_DEBUGMODE><![CDATA[0]]></AU_DEBUGMODE>
        <AU_PORT><![CDATA[22]]></AU_PORT>
        <AU_RECEIVEREMAILIDS><![CDATA[null]]></AU_RECEIVEREMAILIDS>
        <AU_CONNECTORNAME><![CDATA[securedInet]]></AU_CONNECTORNAME>
        <AU_HOSTNAME><![CDATA[54.242.186.251]]></AU_HOSTNAME>
        <AU_PERMISSIONMASK><![CDATA[750]]></AU_PERMISSIONMASK>
        <AU_PROCESSDEACTIVATEDSTATEDATA><![CDATA[1]]></AU_PROCESSDEACTIVATEDSTATEDATA>
        <AU_MAILNOTIFICATIONACTION><![CDATA[null]]></AU_MAILNOTIFICATIONACTION>
        <AU_TRIGGERTYPE><![CDATA[FileExists]]></AU_TRIGGERTYPE>
        <AU_FILEBASELOCATION><![CDATA[/upload/OMOP/results]]></AU_FILEBASELOCATION>
        <AU_POLLINGFREQUENCY><![CDATA[5$m]]></AU_POLLINGFREQUENCY>
        <AU_DESCRIPTION><![CDATA[Execution_Step: 6

event to check if response is received from OMOP]]></AU_DESCRIPTION>
        <AU_FILTEROUT><![CDATA[null]]></AU_FILTEROUT>
        <AU_STABLETIME><![CDATA[$0]]></AU_STABLETIME>
        <AU_BUSINESSINTERVAL><![CDATA[null]]></AU_BUSINESSINTERVAL>
        <AU_MODIFIEDDATE><![CDATA[2018-11-05 20:58:50.0]]></AU_MODIFIEDDATE>
        <AU_FILTERIN><![CDATA[*.*]]></AU_FILTERIN>
        <AU_EVENTSTARTDATETIME><![CDATA[null]]></AU_EVENTSTARTDATETIME>
        <AU_VERSION><![CDATA[1]]></AU_VERSION>
        <AU_PROCESSPERPOLL><![CDATA[-1]]></AU_PROCESSPERPOLL>
        <AU_CREATIONMODE><![CDATA[Simple]]></AU_CREATIONMODE>
        <AU_SECURED><![CDATA[1]]></AU_SECURED>
        <AU_FTPVALIDATESERVER><![CDATA[0]]></AU_FTPVALIDATESERVER>
        <AU_ID><![CDATA[172031051140154145133511900200]]></AU_ID>
        <AU_FTPPASSWORD><![CDATA[FryabtAAYCAYHtkgwF/yUw==]]></AU_FTPPASSWORD>
        <AU_CALENDARTYPE><![CDATA[AllDays]]></AU_CALENDARTYPE>
        <AU_USEJ2SSH><![CDATA[0]]></AU_USEJ2SSH>
        <AU_KEYSTORENAMEFORFTP><![CDATA[None]]></AU_KEYSTORENAMEFORFTP>
        <AU_ACTIVATEFLAG><![CDATA[0]]></AU_ACTIVATEFLAG>
        <AU_PREVIOUSVERSION><![CDATA[null]]></AU_PREVIOUSVERSION>
        <AU_REVISION><![CDATA[null]]></AU_REVISION>
        <AU_ENTITYNAME><![CDATA[CDMH_FTP_OMOP_GetResponse]]></AU_ENTITYNAME>
        <AU_EVENTEXPIRYDATETIME><![CDATA[null]]></AU_EVENTEXPIRYDATETIME>
        <AU_TRANSFERTYPE><![CDATA[PASSIVE]]></AU_TRANSFERTYPE>
        <AU_MODIFIEDBY><![CDATA[IndigoUser:11533224673309]]></AU_MODIFIEDBY>
        <AU_USEROWNER><![CDATA[IndigoUser:11525440749190]]></AU_USEROWNER>
        <AU_TRIGGERINSEQUENCE><![CDATA[0]]></AU_TRIGGERINSEQUENCE>
    </AU_FTPEVENT>
    <AU_FTPEVENT>
        <AU_FTPOVERSSL><![CDATA[0]]></AU_FTPOVERSSL>
        <AU_PROCESSDUPLICATEFILE><![CDATA[1]]></AU_PROCESSDUPLICATEFILE>
        <AU_CREATIONDATE><![CDATA[2018-11-05 20:56:05.0]]></AU_CREATIONDATE>
        <AU_WITHOUTVFS><![CDATA[1]]></AU_WITHOUTVFS>
        <AU_ACCOUNTID><![CDATA[null]]></AU_ACCOUNTID>
        <AU_ACTIVEVERSION><![CDATA[1]]></AU_ACTIVEVERSION>
        <AU_FTPUSERID><![CDATA[mysftpuser]]></AU_FTPUSERID>
        <AU_GROUPOWNER><![CDATA[IndigoGroup:127000000001107055548721600002]]></AU_GROUPOWNER>
        <AU_FTPSMODE><![CDATA[null]]></AU_FTPSMODE>
        <AU_PROJECTOWNER><![CDATA[Project:172031051140153235657616600048]]></AU_PROJECTOWNER>
        <AU_COMMENTS><![CDATA[null]]></AU_COMMENTS>
        <AU_SYNCHRONIZED><![CDATA[0]]></AU_SYNCHRONIZED>
        <AU_RUNINITIALLOAD><![CDATA[0]]></AU_RUNINITIALLOAD>
        <AU_KEYMANAGER><![CDATA[null]]></AU_KEYMANAGER>
        <AU_FTPPROTECTIONLEVEL><![CDATA[None]]></AU_FTPPROTECTIONLEVEL>
        <AU_MISFIREINSTRUCTIONS><![CDATA[ignoreMisfire]]></AU_MISFIREINSTRUCTIONS>
        <AU_DEBUGMODE><![CDATA[0]]></AU_DEBUGMODE>
        <AU_PORT><![CDATA[22]]></AU_PORT>
        <AU_RECEIVEREMAILIDS><![CDATA[null]]></AU_RECEIVEREMAILIDS>
        <AU_CONNECTORNAME><![CDATA[securedInet]]></AU_CONNECTORNAME>
        <AU_HOSTNAME><![CDATA[54.242.186.251]]></AU_HOSTNAME>
        <AU_PERMISSIONMASK><![CDATA[750]]></AU_PERMISSIONMASK>
        <AU_PROCESSDEACTIVATEDSTATEDATA><![CDATA[1]]></AU_PROCESSDEACTIVATEDSTATEDATA>
        <AU_MAILNOTIFICATIONACTION><![CDATA[null]]></AU_MAILNOTIFICATIONACTION>
        <AU_TRIGGERTYPE><![CDATA[FileExists]]></AU_TRIGGERTYPE>
        <AU_FILEBASELOCATION><![CDATA[/upload/OMOP/query]]></AU_FILEBASELOCATION>
        <AU_POLLINGFREQUENCY><![CDATA[5$m]]></AU_POLLINGFREQUENCY>
        <AU_DESCRIPTION><![CDATA[Execution_Step: 5 event to execute query against DM and generate results in results folder]]></AU_DESCRIPTION>
        <AU_FILTEROUT><![CDATA[null]]></AU_FILTEROUT>
        <AU_STABLETIME><![CDATA[$0]]></AU_STABLETIME>
        <AU_BUSINESSINTERVAL><![CDATA[null]]></AU_BUSINESSINTERVAL>
        <AU_MODIFIEDDATE><![CDATA[2018-11-05 20:56:39.0]]></AU_MODIFIEDDATE>
        <AU_FILTERIN><![CDATA[*.sql]]></AU_FILTERIN>
        <AU_EVENTSTARTDATETIME><![CDATA[null]]></AU_EVENTSTARTDATETIME>
        <AU_VERSION><![CDATA[1]]></AU_VERSION>
        <AU_PROCESSPERPOLL><![CDATA[-1]]></AU_PROCESSPERPOLL>
        <AU_CREATIONMODE><![CDATA[Simple]]></AU_CREATIONMODE>
        <AU_SECURED><![CDATA[1]]></AU_SECURED>
        <AU_FTPVALIDATESERVER><![CDATA[0]]></AU_FTPVALIDATESERVER>
        <AU_ID><![CDATA[172031051140154145136530600202]]></AU_ID>
        <AU_FTPPASSWORD><![CDATA[FryabtAAYCAYHtkgwF/yUw==]]></AU_FTPPASSWORD>
        <AU_CALENDARTYPE><![CDATA[AllDays]]></AU_CALENDARTYPE>
        <AU_USEJ2SSH><![CDATA[0]]></AU_USEJ2SSH>
        <AU_KEYSTORENAMEFORFTP><![CDATA[None]]></AU_KEYSTORENAMEFORFTP>
        <AU_ACTIVATEFLAG><![CDATA[0]]></AU_ACTIVATEFLAG>
        <AU_PREVIOUSVERSION><![CDATA[null]]></AU_PREVIOUSVERSION>
        <AU_REVISION><![CDATA[null]]></AU_REVISION>
        <AU_ENTITYNAME><![CDATA[CDMH_FTP_OMOP_GeneratePartnerResponse]]></AU_ENTITYNAME>
        <AU_EVENTEXPIRYDATETIME><![CDATA[null]]></AU_EVENTEXPIRYDATETIME>
        <AU_TRANSFERTYPE><![CDATA[PASSIVE]]></AU_TRANSFERTYPE>
        <AU_MODIFIEDBY><![CDATA[IndigoUser:11533224673309]]></AU_MODIFIEDBY>
        <AU_USEROWNER><![CDATA[IndigoUser:11525440749190]]></AU_USEROWNER>
        <AU_TRIGGERINSEQUENCE><![CDATA[0]]></AU_TRIGGERINSEQUENCE>
    </AU_FTPEVENT>
    
    
    <columnInfo dbtype="2">
        <column name="AU_ID" type="12" />
        <column name="AU_VERSION" type="12" />
        <column name="AU_PREVIOUSVERSION" type="12" />
        <column name="AU_ACTIVEVERSION" type="2" />
        <column name="AU_ENTITYNAME" type="12" />
        <column name="AU_USEROWNER" type="12" />
        <column name="AU_GROUPOWNER" type="12" />
        <column name="AU_PERMISSIONMASK" type="12" />
        <column name="AU_DESCRIPTION" type="12" />
        <column name="AU_COMMENTS" type="12" />
        <column name="AU_MODIFIEDBY" type="12" />
        <column name="AU_CREATIONDATE" type="93" />
        <column name="AU_MODIFIEDDATE" type="93" />
        <column name="AU_REVISION" type="12" />
        <column name="AU_SYNCHRONIZED" type="2" />
        <column name="AU_PROJECTOWNER" type="12" />
        <column name="AU_ACTIVATEFLAG" type="2" />
        <column name="AU_EVENTSTARTDATETIME" type="12" />
        <column name="AU_EVENTEXPIRYDATETIME" type="12" />
        <column name="AU_TRIGGERINSEQUENCE" type="2" />
        <column name="AU_CALENDARTYPE" type="12" />
        <column name="AU_BUSINESSINTERVAL" type="12" />
        <column name="AU_CREATIONMODE" type="12" />
        <column name="AU_RECEIVEREMAILIDS" type="12" />
        <column name="AU_MISFIREINSTRUCTIONS" type="12" />
        <column name="AU_PROCESSPERPOLL" type="2" />
        <column name="AU_HOSTNAME" type="12" />
        <column name="AU_PORT" type="2" />
        <column name="AU_FTPUSERID" type="12" />
        <column name="AU_FTPPASSWORD" type="12" />
        <column name="AU_TRANSFERTYPE" type="12" />
        <column name="AU_TRIGGERTYPE" type="12" />
        <column name="AU_SECURED" type="2" />
        <column name="AU_FTPOVERSSL" type="2" />
        <column name="AU_FTPSMODE" type="12" />
        <column name="AU_FILTERIN" type="2005" />
        <column name="AU_FILTEROUT" type="2005" />
        <column name="AU_FILEBASELOCATION" type="12" />
        <column name="AU_POLLINGFREQUENCY" type="12" />
        <column name="AU_STABLETIME" type="12" />
        <column name="AU_WITHOUTVFS" type="2" />
        <column name="AU_FTPPROTECTIONLEVEL" type="12" />
        <column name="AU_KEYMANAGER" type="12" />
        <column name="AU_FTPVALIDATESERVER" type="2" />
        <column name="AU_KEYSTORENAMEFORFTP" type="12" />
        <column name="AU_USEJ2SSH" type="2" />
        <column name="AU_ACCOUNTID" type="12" />
        <column name="AU_CONNECTORNAME" type="12" />
        <column name="AU_DEBUGMODE" type="2" />
        <column name="AU_RUNINITIALLOAD" type="2" />
        <column name="AU_PROCESSDEACTIVATEDSTATEDATA" type="2" />
        <column name="AU_PROCESSDUPLICATEFILE" type="2" />
        <column name="AU_MAILNOTIFICATIONACTION" type="12" />
    </columnInfo>
</data>
