<?xml version="1.0" encoding="UTF-8"?>
<data>
    
    <AU_FILETARGET>
        <AU_DESCRIPTION><![CDATA[target with timestamp]]></AU_DESCRIPTION>
        <AU_FILEPATTERN><![CDATA[yyyy-MM-dd|HH-mm-ss|N]]></AU_FILEPATTERN>
        <AU_COMMENTS><![CDATA[null]]></AU_COMMENTS>
        <AU_MODIFIEDDATE><![CDATA[2018-07-23 22:20:20.0]]></AU_MODIFIEDDATE>
        <AU_FILEPATH><![CDATA[C:\NIH\PCORNET4\results]]></AU_FILEPATH>
        <AU_VERSION><![CDATA[1]]></AU_VERSION>
        <AU_ACTIVEVERSION><![CDATA[1]]></AU_ACTIVEVERSION>
        <AU_PREVIOUSVERSION><![CDATA[null]]></AU_PREVIOUSVERSION>
        <AU_MODIFIEDBY><![CDATA[IndigoUser:11525440749190]]></AU_MODIFIEDBY>
        <AU_ID><![CDATA[172031051140153238442084100111]]></AU_ID>
        <AU_REVISION><![CDATA[null]]></AU_REVISION>
        <AU_AUTOFOLDERCREATION><![CDATA[None]]></AU_AUTOFOLDERCREATION>
        <AU_ENTITYNAME><![CDATA[CDMH_FT_Dummy_1]]></AU_ENTITYNAME>
        <AU_SYNCHRONIZED><![CDATA[0]]></AU_SYNCHRONIZED>
        <AU_PROJECTOWNER><![CDATA[Project:172031051140153235657616600048]]></AU_PROJECTOWNER>
        <AU_FILENAME><![CDATA[OutputFile...csv]]></AU_FILENAME>
        <AU_PERMISSIONMASK><![CDATA[750]]></AU_PERMISSIONMASK>
        <AU_GROUPOWNER><![CDATA[IndigoGroup:127000000001107055548721600002]]></AU_GROUPOWNER>
        <AU_USEROWNER><![CDATA[IndigoUser:11525440749190]]></AU_USEROWNER>
        <AU_CREATIONDATE><![CDATA[2018-07-23 22:20:20.0]]></AU_CREATIONDATE>
    </AU_FILETARGET>
    
    <AU_FILETARGET>
        <AU_DESCRIPTION><![CDATA[Target with autofoldercreation]]></AU_DESCRIPTION>
        <AU_FILEPATTERN><![CDATA[0|0|N]]></AU_FILEPATTERN>
        <AU_COMMENTS><![CDATA[null]]></AU_COMMENTS>
        <AU_MODIFIEDDATE><![CDATA[2018-10-25 15:02:47.0]]></AU_MODIFIEDDATE>
        <AU_FILEPATH><![CDATA[C:\OutputFile]]></AU_FILEPATH>
        <AU_VERSION><![CDATA[1]]></AU_VERSION>
        <AU_ACTIVEVERSION><![CDATA[1]]></AU_ACTIVEVERSION>
        <AU_PREVIOUSVERSION><![CDATA[null]]></AU_PREVIOUSVERSION>
        <AU_MODIFIEDBY><![CDATA[IndigoUser:11525440749190]]></AU_MODIFIEDBY>
        <AU_ID><![CDATA[172031051140154047959629800100]]></AU_ID>
        <AU_REVISION><![CDATA[null]]></AU_REVISION>
        <AU_AUTOFOLDERCREATION><![CDATA[Yes]]></AU_AUTOFOLDERCREATION>
        <AU_ENTITYNAME><![CDATA[CDMH_FT_Dummy_3]]></AU_ENTITYNAME>
        <AU_SYNCHRONIZED><![CDATA[0]]></AU_SYNCHRONIZED>
        <AU_PROJECTOWNER><![CDATA[Project:172031051140153235657616600048]]></AU_PROJECTOWNER>
        <AU_FILENAME><![CDATA[test]]></AU_FILENAME>
        <AU_PERMISSIONMASK><![CDATA[750]]></AU_PERMISSIONMASK>
        <AU_GROUPOWNER><![CDATA[IndigoGroup:127000000001107055548721600002]]></AU_GROUPOWNER>
        <AU_USEROWNER><![CDATA[IndigoUser:11525440749190]]></AU_USEROWNER>
        <AU_CREATIONDATE><![CDATA[2018-10-25 14:59:56.0]]></AU_CREATIONDATE>
    </AU_FILETARGET>
    <AU_FILETARGET>
        <AU_DESCRIPTION><![CDATA[Target with no timestamp]]></AU_DESCRIPTION>
        <AU_FILEPATTERN><![CDATA[0|0|N]]></AU_FILEPATTERN>
        <AU_COMMENTS><![CDATA[null]]></AU_COMMENTS>
        <AU_MODIFIEDDATE><![CDATA[2018-10-25 14:59:39.0]]></AU_MODIFIEDDATE>
        <AU_FILEPATH><![CDATA[C:\OutputFile]]></AU_FILEPATH>
        <AU_VERSION><![CDATA[1]]></AU_VERSION>
        <AU_ACTIVEVERSION><![CDATA[1]]></AU_ACTIVEVERSION>
        <AU_PREVIOUSVERSION><![CDATA[null]]></AU_PREVIOUSVERSION>
        <AU_MODIFIEDBY><![CDATA[IndigoUser:11525440749190]]></AU_MODIFIEDBY>
        <AU_ID><![CDATA[172031051140153238450829100113]]></AU_ID>
        <AU_REVISION><![CDATA[null]]></AU_REVISION>
        <AU_AUTOFOLDERCREATION><![CDATA[None]]></AU_AUTOFOLDERCREATION>
        <AU_ENTITYNAME><![CDATA[CDMH_FT_Dummy_2]]></AU_ENTITYNAME>
        <AU_SYNCHRONIZED><![CDATA[0]]></AU_SYNCHRONIZED>
        <AU_PROJECTOWNER><![CDATA[Project:172031051140153235657616600048]]></AU_PROJECTOWNER>
        <AU_FILENAME><![CDATA[test.csv]]></AU_FILENAME>
        <AU_PERMISSIONMASK><![CDATA[750]]></AU_PERMISSIONMASK>
        <AU_GROUPOWNER><![CDATA[IndigoGroup:127000000001107055548721600002]]></AU_GROUPOWNER>
        <AU_USEROWNER><![CDATA[IndigoUser:11525440749190]]></AU_USEROWNER>
        <AU_CREATIONDATE><![CDATA[2018-07-23 22:21:48.0]]></AU_CREATIONDATE>
    </AU_FILETARGET>
    
    <columnInfo dbtype="2">
        <column name="AU_ID" type="12" />
        <column name="AU_VERSION" type="12" />
        <column name="AU_PREVIOUSVERSION" type="12" />
        <column name="AU_ACTIVEVERSION" type="2" />
        <column name="AU_ENTITYNAME" type="12" />
        <column name="AU_USEROWNER" type="12" />
        <column name="AU_GROUPOWNER" type="12" />
        <column name="AU_PERMISSIONMASK" type="12" />
        <column name="AU_DESCRIPTION" type="12" />
        <column name="AU_COMMENTS" type="12" />
        <column name="AU_MODIFIEDBY" type="12" />
        <column name="AU_CREATIONDATE" type="93" />
        <column name="AU_MODIFIEDDATE" type="93" />
        <column name="AU_REVISION" type="12" />
        <column name="AU_SYNCHRONIZED" type="2" />
        <column name="AU_PROJECTOWNER" type="12" />
        <column name="AU_FILEPATH" type="12" />
        <column name="AU_FILENAME" type="12" />
        <column name="AU_FILEPATTERN" type="12" />
        <column name="AU_AUTOFOLDERCREATION" type="12" />
    </columnInfo>
</data>
