<?xml version="1.0" encoding="UTF-8"?>
<data>
    
    <AU_FILESOURCE>
        <AU_FILENAME><![CDATA[dummy]]></AU_FILENAME>
        <AU_COMMENTS><![CDATA[null]]></AU_COMMENTS>
        <AU_VERSION><![CDATA[1]]></AU_VERSION>
        <AU_SYNCHRONIZED><![CDATA[0]]></AU_SYNCHRONIZED>
        <AU_PERMISSIONMASK><![CDATA[750]]></AU_PERMISSIONMASK>
        <AU_MODIFIEDBY><![CDATA[IndigoUser:11525440749190]]></AU_MODIFIEDBY>
        <AU_FILEPATH><![CDATA[dummy]]></AU_FILEPATH>
        <AU_PROJECTOWNER><![CDATA[Project:172031051140153235657616600048]]></AU_PROJECTOWNER>
        <AU_DESCRIPTION><![CDATA[generic source having delonsuccess option enable. Use this source to override file name and path in PF]]></AU_DESCRIPTION>
        <AU_ENTITYNAME><![CDATA[CDMH_FS_DelOnSuccess]]></AU_ENTITYNAME>
        <AU_PREVIOUSVERSION><![CDATA[null]]></AU_PREVIOUSVERSION>
        <AU_DELETEONSUCCESS><![CDATA[1]]></AU_DELETEONSUCCESS>
        <AU_REVISION><![CDATA[null]]></AU_REVISION>
        <AU_CREATIONDATE><![CDATA[2018-09-26 18:32:46.0]]></AU_CREATIONDATE>
        <AU_ACTIVEVERSION><![CDATA[1]]></AU_ACTIVEVERSION>
        <AU_PERSISTDATAENABLED><![CDATA[0]]></AU_PERSISTDATAENABLED>
        <AU_ID><![CDATA[172031051140153798676688900094]]></AU_ID>
        <AU_MODIFIEDDATE><![CDATA[2019-08-12 12:19:18.0]]></AU_MODIFIEDDATE>
        <AU_GROUPOWNER><![CDATA[IndigoGroup:127000000001107055548721600002]]></AU_GROUPOWNER>
        <AU_USEROWNER><![CDATA[IndigoUser:11525440749190]]></AU_USEROWNER>
    </AU_FILESOURCE>
    
    
    
    <columnInfo dbtype="2">
        <column name="AU_ID" type="12" />
        <column name="AU_VERSION" type="12" />
        <column name="AU_PREVIOUSVERSION" type="12" />
        <column name="AU_ACTIVEVERSION" type="2" />
        <column name="AU_ENTITYNAME" type="12" />
        <column name="AU_USEROWNER" type="12" />
        <column name="AU_GROUPOWNER" type="12" />
        <column name="AU_PERMISSIONMASK" type="12" />
        <column name="AU_DESCRIPTION" type="12" />
        <column name="AU_COMMENTS" type="12" />
        <column name="AU_MODIFIEDBY" type="12" />
        <column name="AU_CREATIONDATE" type="93" />
        <column name="AU_MODIFIEDDATE" type="93" />
        <column name="AU_REVISION" type="12" />
        <column name="AU_SYNCHRONIZED" type="2" />
        <column name="AU_PROJECTOWNER" type="12" />
        <column name="AU_PERSISTDATAENABLED" type="2" />
        <column name="AU_FILEPATH" type="12" />
        <column name="AU_FILENAME" type="12" />
        <column name="AU_DELETEONSUCCESS" type="2" />
    </columnInfo>
</data>
