<?xml version="1.0" encoding="UTF-8"?>
<data>
    <AU_FILEEVENT>
        <AU_SYNCHRONIZED><![CDATA[0]]></AU_SYNCHRONIZED>
        <AU_CREATIONDATE><![CDATA[2018-07-26 23:13:12.0]]></AU_CREATIONDATE>
        <AU_SECURE><![CDATA[0]]></AU_SECURE>
        <AU_FILTEROUT><![CDATA[null]]></AU_FILTEROUT>
        <AU_TRIGGERINSEQUENCE><![CDATA[0]]></AU_TRIGGERINSEQUENCE>
        <AU_CREATIONMODE><![CDATA[Simple]]></AU_CREATIONMODE>
        <AU_MODIFIEDBY><![CDATA[IndigoUser:11525440749190]]></AU_MODIFIEDBY>
        <AU_BUSINESSINTERVAL><![CDATA[null]]></AU_BUSINESSINTERVAL>
        <AU_USERID><![CDATA[null]]></AU_USERID>
        <AU_USEROWNER><![CDATA[IndigoUser:11525440749190]]></AU_USEROWNER>
        <AU_EVENTSTARTDATETIME><![CDATA[null]]></AU_EVENTSTARTDATETIME>
        <AU_RECEIVEREMAILIDS><![CDATA[null]]></AU_RECEIVEREMAILIDS>
        <AU_POLLINGFREQUENCY><![CDATA[5$m]]></AU_POLLINGFREQUENCY>
        <AU_CALENDARTYPE><![CDATA[AllDays]]></AU_CALENDARTYPE>
        <AU_ENTITYNAME><![CDATA[CDMH_FE_StoreResults]]></AU_ENTITYNAME>
        <AU_FILEBASELOCATION><![CDATA[D:\CDMH\PATIENT_DATA\PROCESS]]></AU_FILEBASELOCATION>
        <AU_RUNINITIALLOAD><![CDATA[0]]></AU_RUNINITIALLOAD>
        <AU_ACTIVATEFLAG><![CDATA[0]]></AU_ACTIVATEFLAG>
        <AU_PREVIOUSVERSION><![CDATA[null]]></AU_PREVIOUSVERSION>
        <AU_COMMENTS><![CDATA[null]]></AU_COMMENTS>
        <AU_PERMISSIONMASK><![CDATA[750]]></AU_PERMISSIONMASK>
        <AU_CHECKMODIFIED><![CDATA[0]]></AU_CHECKMODIFIED>
        <AU_PROCESSEMPTYFILE><![CDATA[0]]></AU_PROCESSEMPTYFILE>
        <AU_ACTIVEVERSION><![CDATA[1]]></AU_ACTIVEVERSION>
        <AU_USEWINDOWSSERVICE><![CDATA[0]]></AU_USEWINDOWSSERVICE>
        <AU_PASSWORD><![CDATA[null]]></AU_PASSWORD>
        <AU_MISFIREINSTRUCTIONS><![CDATA[ignoreMisfire]]></AU_MISFIREINSTRUCTIONS>
        <AU_EVENTEXPIRYDATETIME><![CDATA[null]]></AU_EVENTEXPIRYDATETIME>
        <AU_REVISION><![CDATA[null]]></AU_REVISION>
        <AU_PROJECTOWNER><![CDATA[Project:172031051140153235657616600048]]></AU_PROJECTOWNER>
        <AU_STABLETIME><![CDATA[$0]]></AU_STABLETIME>
        <AU_TRIGGERTYPE><![CDATA[FileExists]]></AU_TRIGGERTYPE>
        <AU_ID><![CDATA[172031051140153264679210300276]]></AU_ID>
        <AU_PROCESSDUPLICATEFILE><![CDATA[1]]></AU_PROCESSDUPLICATEFILE>
        <AU_GROUPOWNER><![CDATA[IndigoGroup:127000000001107055548721600002]]></AU_GROUPOWNER>
        <AU_VERSION><![CDATA[1]]></AU_VERSION>
        <AU_FILTERIN><![CDATA[*.csv]]></AU_FILTERIN>
        <AU_MAILNOTIFICATIONACTION><![CDATA[null]]></AU_MAILNOTIFICATIONACTION>
        <AU_PROCESSPERPOLL><![CDATA[-1]]></AU_PROCESSPERPOLL>
        <AU_MODIFIEDDATE><![CDATA[2019-03-22 03:47:19.0]]></AU_MODIFIEDDATE>
        <AU_DESCRIPTION><![CDATA[store results to results file]]></AU_DESCRIPTION>
    </AU_FILEEVENT>
    
    
    
    
    
    <columnInfo dbtype="2">
        <column name="AU_ID" type="12" />
        <column name="AU_VERSION" type="12" />
        <column name="AU_PREVIOUSVERSION" type="12" />
        <column name="AU_ACTIVEVERSION" type="2" />
        <column name="AU_ENTITYNAME" type="12" />
        <column name="AU_USEROWNER" type="12" />
        <column name="AU_GROUPOWNER" type="12" />
        <column name="AU_PERMISSIONMASK" type="12" />
        <column name="AU_DESCRIPTION" type="12" />
        <column name="AU_COMMENTS" type="12" />
        <column name="AU_MODIFIEDBY" type="12" />
        <column name="AU_CREATIONDATE" type="93" />
        <column name="AU_MODIFIEDDATE" type="93" />
        <column name="AU_REVISION" type="12" />
        <column name="AU_SYNCHRONIZED" type="2" />
        <column name="AU_PROJECTOWNER" type="12" />
        <column name="AU_ACTIVATEFLAG" type="2" />
        <column name="AU_EVENTSTARTDATETIME" type="12" />
        <column name="AU_EVENTEXPIRYDATETIME" type="12" />
        <column name="AU_TRIGGERINSEQUENCE" type="2" />
        <column name="AU_CALENDARTYPE" type="12" />
        <column name="AU_BUSINESSINTERVAL" type="12" />
        <column name="AU_CREATIONMODE" type="12" />
        <column name="AU_RECEIVEREMAILIDS" type="12" />
        <column name="AU_MISFIREINSTRUCTIONS" type="12" />
        <column name="AU_PROCESSPERPOLL" type="2" />
        <column name="AU_TRIGGERTYPE" type="12" />
        <column name="AU_FILTERIN" type="12" />
        <column name="AU_FILTEROUT" type="12" />
        <column name="AU_FILEBASELOCATION" type="12" />
        <column name="AU_POLLINGFREQUENCY" type="12" />
        <column name="AU_STABLETIME" type="12" />
        <column name="AU_SECURE" type="2" />
        <column name="AU_USERID" type="12" />
        <column name="AU_PASSWORD" type="12" />
        <column name="AU_USEWINDOWSSERVICE" type="2" />
        <column name="AU_CHECKMODIFIED" type="2" />
        <column name="AU_RUNINITIALLOAD" type="2" />
        <column name="AU_PROCESSDUPLICATEFILE" type="2" />
        <column name="AU_PROCESSEMPTYFILE" type="2" />
        <column name="AU_MAILNOTIFICATIONACTION" type="12" />
    </columnInfo>
</data>
