<?xml version="1.0" encoding="UTF-8"?>
<data>
    <AU_LANFILETARGET>
        <AU_PERMISSIONMASK><![CDATA[750]]></AU_PERMISSIONMASK>
        <AU_GROUPOWNER><![CDATA[IndigoGroup:127000000001107055548721600002]]></AU_GROUPOWNER>
        <AU_COMMENTS><![CDATA[null]]></AU_COMMENTS>
        <AU_ID><![CDATA[172031051140156960994238900173]]></AU_ID>
        <AU_SYNCHRONIZED><![CDATA[0]]></AU_SYNCHRONIZED>
        <AU_PREVIOUSVERSION><![CDATA[null]]></AU_PREVIOUSVERSION>
        <AU_ENTITYNAME><![CDATA[CDMH_LT_Dummy_1]]></AU_ENTITYNAME>
        <AU_ACTIVEVERSION><![CDATA[1]]></AU_ACTIVEVERSION>
        <AU_FILESYSTEM><![CDATA[WINDOWS]]></AU_FILESYSTEM>
        <AU_VERSION><![CDATA[1]]></AU_VERSION>
        <AU_PROJECTOWNER><![CDATA[Project:172031051140156808646676300096]]></AU_PROJECTOWNER>
        <AU_AUTOFOLDERCREATION><![CDATA[None]]></AU_AUTOFOLDERCREATION>
        <AU_FILENAME><![CDATA[dummy]]></AU_FILENAME>
        <AU_USERID><![CDATA[null]]></AU_USERID>
        <AU_SECURE><![CDATA[0]]></AU_SECURE>
        <AU_USEWINDOWSSERVICE><![CDATA[0]]></AU_USEWINDOWSSERVICE>
        <AU_FILEPATH><![CDATA[dummy]]></AU_FILEPATH>
        <AU_USEROWNER><![CDATA[IndigoUser:11525440749190]]></AU_USEROWNER>
        <AU_PASSWORD><![CDATA[null]]></AU_PASSWORD>
        <AU_DESCRIPTION><![CDATA[target with timestamp]]></AU_DESCRIPTION>
        <AU_REVISION><![CDATA[null]]></AU_REVISION>
        <AU_FILEPATTERN><![CDATA[yyyy-MM-dd|HH-mm-ss|N]]></AU_FILEPATTERN>
        <AU_CREATIONDATE><![CDATA[2019-09-27 14:45:42.0]]></AU_CREATIONDATE>
        <AU_MODIFIEDDATE><![CDATA[2019-09-27 14:47:10.0]]></AU_MODIFIEDDATE>
        <AU_MODIFIEDBY><![CDATA[IndigoUser:11525440749190]]></AU_MODIFIEDBY>
    </AU_LANFILETARGET>
    <AU_LANFILETARGET>
        <AU_PERMISSIONMASK><![CDATA[750]]></AU_PERMISSIONMASK>
        <AU_GROUPOWNER><![CDATA[IndigoGroup:127000000001107055548721600002]]></AU_GROUPOWNER>
        <AU_COMMENTS><![CDATA[null]]></AU_COMMENTS>
        <AU_ID><![CDATA[172031051140153382873092100148]]></AU_ID>
        <AU_SYNCHRONIZED><![CDATA[0]]></AU_SYNCHRONIZED>
        <AU_PREVIOUSVERSION><![CDATA[null]]></AU_PREVIOUSVERSION>
        <AU_ENTITYNAME><![CDATA[CDMH_LT_Download]]></AU_ENTITYNAME>
        <AU_ACTIVEVERSION><![CDATA[1]]></AU_ACTIVEVERSION>
        <AU_FILESYSTEM><![CDATA[WINDOWS]]></AU_FILESYSTEM>
        <AU_VERSION><![CDATA[1]]></AU_VERSION>
        <AU_PROJECTOWNER><![CDATA[Project:172031051140153235657616600048]]></AU_PROJECTOWNER>
        <AU_AUTOFOLDERCREATION><![CDATA[None]]></AU_AUTOFOLDERCREATION>
        <AU_FILENAME><![CDATA[test.csv]]></AU_FILENAME>
        <AU_USERID><![CDATA[null]]></AU_USERID>
        <AU_SECURE><![CDATA[0]]></AU_SECURE>
        <AU_USEWINDOWSSERVICE><![CDATA[0]]></AU_USEWINDOWSSERVICE>
        <AU_FILEPATH><![CDATA[\\34.197.151.226\ETLFileTransfer]]></AU_FILEPATH>
        <AU_USEROWNER><![CDATA[IndigoUser:11525440749190]]></AU_USEROWNER>
        <AU_PASSWORD><![CDATA[null]]></AU_PASSWORD>
        <AU_DESCRIPTION><![CDATA[CDMH_LT_Download]]></AU_DESCRIPTION>
        <AU_REVISION><![CDATA[null]]></AU_REVISION>
        <AU_FILEPATTERN><![CDATA[0|0|N]]></AU_FILEPATTERN>
        <AU_CREATIONDATE><![CDATA[2018-08-09 15:32:10.0]]></AU_CREATIONDATE>
        <AU_MODIFIEDDATE><![CDATA[2018-11-07 22:47:53.0]]></AU_MODIFIEDDATE>
        <AU_MODIFIEDBY><![CDATA[IndigoUser:11525440749190]]></AU_MODIFIEDBY>
    </AU_LANFILETARGET>
    <AU_LANFILETARGET>
        <AU_PERMISSIONMASK><![CDATA[750]]></AU_PERMISSIONMASK>
        <AU_GROUPOWNER><![CDATA[IndigoGroup:127000000001107055548721600002]]></AU_GROUPOWNER>
        <AU_COMMENTS><![CDATA[null]]></AU_COMMENTS>
        <AU_ID><![CDATA[172031051140156961020555400176]]></AU_ID>
        <AU_SYNCHRONIZED><![CDATA[0]]></AU_SYNCHRONIZED>
        <AU_PREVIOUSVERSION><![CDATA[null]]></AU_PREVIOUSVERSION>
        <AU_ENTITYNAME><![CDATA[CDMH_LT_Dummy_2]]></AU_ENTITYNAME>
        <AU_ACTIVEVERSION><![CDATA[1]]></AU_ACTIVEVERSION>
        <AU_FILESYSTEM><![CDATA[WINDOWS]]></AU_FILESYSTEM>
        <AU_VERSION><![CDATA[1]]></AU_VERSION>
        <AU_PROJECTOWNER><![CDATA[Project:172031051140156808646676300096]]></AU_PROJECTOWNER>
        <AU_AUTOFOLDERCREATION><![CDATA[None]]></AU_AUTOFOLDERCREATION>
        <AU_FILENAME><![CDATA[dummy]]></AU_FILENAME>
        <AU_USERID><![CDATA[null]]></AU_USERID>
        <AU_SECURE><![CDATA[0]]></AU_SECURE>
        <AU_USEWINDOWSSERVICE><![CDATA[0]]></AU_USEWINDOWSSERVICE>
        <AU_FILEPATH><![CDATA[dummy]]></AU_FILEPATH>
        <AU_USEROWNER><![CDATA[IndigoUser:11525440749190]]></AU_USEROWNER>
        <AU_PASSWORD><![CDATA[null]]></AU_PASSWORD>
        <AU_DESCRIPTION><![CDATA[target with no timestamp]]></AU_DESCRIPTION>
        <AU_REVISION><![CDATA[null]]></AU_REVISION>
        <AU_FILEPATTERN><![CDATA[0|0|N]]></AU_FILEPATTERN>
        <AU_CREATIONDATE><![CDATA[2019-09-27 14:50:05.0]]></AU_CREATIONDATE>
        <AU_MODIFIEDDATE><![CDATA[2019-09-27 14:50:05.0]]></AU_MODIFIEDDATE>
        <AU_MODIFIEDBY><![CDATA[IndigoUser:11525440749190]]></AU_MODIFIEDBY>
    </AU_LANFILETARGET>
    <columnInfo dbtype="2">
        <column name="AU_ID" type="12"/>
        <column name="AU_VERSION" type="12"/>
        <column name="AU_PREVIOUSVERSION" type="12"/>
        <column name="AU_ACTIVEVERSION" type="2"/>
        <column name="AU_ENTITYNAME" type="12"/>
        <column name="AU_USEROWNER" type="12"/>
        <column name="AU_GROUPOWNER" type="12"/>
        <column name="AU_PERMISSIONMASK" type="12"/>
        <column name="AU_DESCRIPTION" type="12"/>
        <column name="AU_COMMENTS" type="12"/>
        <column name="AU_MODIFIEDBY" type="12"/>
        <column name="AU_CREATIONDATE" type="93"/>
        <column name="AU_MODIFIEDDATE" type="93"/>
        <column name="AU_REVISION" type="12"/>
        <column name="AU_SYNCHRONIZED" type="2"/>
        <column name="AU_PROJECTOWNER" type="12"/>
        <column name="AU_FILEPATH" type="12"/>
        <column name="AU_FILENAME" type="12"/>
        <column name="AU_FILESYSTEM" type="12"/>
        <column name="AU_SECURE" type="2"/>
        <column name="AU_USERID" type="12"/>
        <column name="AU_PASSWORD" type="12"/>
        <column name="AU_USEWINDOWSSERVICE" type="2"/>
        <column name="AU_FILEPATTERN" type="12"/>
        <column name="AU_AUTOFOLDERCREATION" type="12"/>
    </columnInfo>
</data>
