<?xml version="1.0" encoding="UTF-8"?>
<data>
    
    <AU_MailNotification>
        <AU_PREVIOUSVERSION><![CDATA[null]]></AU_PREVIOUSVERSION>
        <AU_NOTIFICATIONTYPE><![CDATA[STATIC]]></AU_NOTIFICATIONTYPE>
        <AU_FILENAME><![CDATA[null]]></AU_FILENAME>
        <AU_USEROWNER><![CDATA[IndigoUser:11525440749190]]></AU_USEROWNER>
        <AU_DESCRIPTION><![CDATA[System Error Notification]]></AU_DESCRIPTION>
        <AU_ENTITYNAME><![CDATA[CDMH_FlowExecutionNotification]]></AU_ENTITYNAME>
        <AU_VERSION><![CDATA[1]]></AU_VERSION>
        <AU_MODIFIEDBY><![CDATA[IndigoUser:11525440749190]]></AU_MODIFIEDBY>
        <AU_ACTIVEVERSION><![CDATA[1]]></AU_ACTIVEVERSION>
        <AU_GROUPOWNER><![CDATA[IndigoGroup:127000000001107055548721600002]]></AU_GROUPOWNER>
        <AU_ATTACHMENT><![CDATA[0]]></AU_ATTACHMENT>
        <AU_SYNCHRONIZED><![CDATA[0]]></AU_SYNCHRONIZED>
        <AU_FILEPATH><![CDATA[null]]></AU_FILEPATH>
        <AU_PROJECTOWNER><![CDATA[Project:172031051140153235657616600048]]></AU_PROJECTOWNER>
        <AU_MAILRECEIVERUSERS><![CDATA[IndigoUser:11533224673309,IndigoUser:11525440749190]]></AU_MAILRECEIVERUSERS>
        <AU_MODIFIEDDATE><![CDATA[2019-02-13 17:05:49.0]]></AU_MODIFIEDDATE>
        <AU_ID><![CDATA[172031051140154168951961000390]]></AU_ID>
        <AU_MAILSUBJECT><![CDATA[Error in execution]]></AU_MAILSUBJECT>
        <AU_MESSAGE><![CDATA[$$ExceptionMessage$$]]></AU_MESSAGE>
        <AU_PERMISSIONMASK><![CDATA[755]]></AU_PERMISSIONMASK>
        <AU_CREATIONDATE><![CDATA[2018-11-08 15:05:19.0]]></AU_CREATIONDATE>
        <AU_ENCODINGUSED><![CDATA[ISO-8859-1]]></AU_ENCODINGUSED>
        <AU_REVISION><![CDATA[null]]></AU_REVISION>
        <AU_COMMENTS><![CDATA[null]]></AU_COMMENTS>
        <NOTIFICATIONCRITERIA><![CDATA[null]]></NOTIFICATIONCRITERIA>
        <AU_RECEIVEREMAILIDS><![CDATA[null]]></AU_RECEIVEREMAILIDS>
    </AU_MailNotification>
    
    <columnInfo dbtype="2">
        <column name="AU_ID" type="12" />
        <column name="AU_VERSION" type="12" />
        <column name="AU_PREVIOUSVERSION" type="12" />
        <column name="AU_ACTIVEVERSION" type="2" />
        <column name="AU_ENTITYNAME" type="12" />
        <column name="AU_USEROWNER" type="12" />
        <column name="AU_GROUPOWNER" type="12" />
        <column name="AU_PERMISSIONMASK" type="12" />
        <column name="AU_DESCRIPTION" type="12" />
        <column name="AU_COMMENTS" type="12" />
        <column name="AU_MODIFIEDBY" type="12" />
        <column name="AU_CREATIONDATE" type="93" />
        <column name="AU_MODIFIEDDATE" type="93" />
        <column name="AU_REVISION" type="12" />
        <column name="AU_SYNCHRONIZED" type="2" />
        <column name="AU_PROJECTOWNER" type="12" />
        <column name="AU_NOTIFICATIONTYPE" type="12" />
        <column name="AU_MESSAGE" type="12" />
        <column name="AU_MAILSUBJECT" type="12" />
        <column name="AU_RECEIVEREMAILIDS" type="12" />
        <column name="NOTIFICATIONCRITERIA" type="12" />
        <column name="AU_ATTACHMENT" type="2" />
        <column name="AU_FILEPATH" type="12" />
        <column name="AU_FILENAME" type="12" />
        <column name="AU_MAILRECEIVERUSERS" type="12" />
        <column name="AU_ENCODINGUSED" type="12" />
    </columnInfo>
</data>
