<?xml version="1.0" encoding="UTF-8"?>
<data>
    
    <columnInfo dbtype="2">
        <column name="AU_ID" type="12" />
        <column name="AU_VERSION" type="12" />
        <column name="AU_PREVIOUSVERSION" type="12" />
        <column name="AU_ACTIVEVERSION" type="2" />
        <column name="AU_ENTITYNAME" type="12" />
        <column name="AU_USEROWNER" type="12" />
        <column name="AU_GROUPOWNER" type="12" />
        <column name="AU_PERMISSIONMASK" type="12" />
        <column name="AU_DESCRIPTION" type="12" />
        <column name="AU_COMMENTS" type="12" />
        <column name="AU_MODIFIEDBY" type="12" />
        <column name="AU_CREATIONDATE" type="93" />
        <column name="AU_MODIFIEDDATE" type="93" />
        <column name="AU_REVISION" type="12" />
        <column name="AU_SYNCHRONIZED" type="2" />
        <column name="AU_PROJECTOWNER" type="12" />
        <column name="AU_PROJECTGROUP" type="12" />
        <column name="AU_PROJECTTYPE" type="2" />
    </columnInfo>
    
    
    <AU_PROJECT>
        <AU_USEROWNER><![CDATA[IndigoUser:11525440749190]]></AU_USEROWNER>
        <AU_PROJECTTYPE><![CDATA[3700]]></AU_PROJECTTYPE>
        <AU_COMMENTS><![CDATA[null]]></AU_COMMENTS>
        <AU_PROJECTOWNER><![CDATA[null]]></AU_PROJECTOWNER>
        <AU_DESCRIPTION><![CDATA[Common Data Model Harmonization]]></AU_DESCRIPTION>
        <AU_ENTITYNAME><![CDATA[CDMH]]></AU_ENTITYNAME>
        <AU_ID><![CDATA[172031051140153235657616600048]]></AU_ID>
        <AU_MODIFIEDBY><![CDATA[IndigoUser:11525440749190]]></AU_MODIFIEDBY>
        <AU_GROUPOWNER><![CDATA[IndigoGroup:127000000001107055548721600002]]></AU_GROUPOWNER>
        <AU_VERSION><![CDATA[1]]></AU_VERSION>
        <AU_PERMISSIONMASK><![CDATA[777]]></AU_PERMISSIONMASK>
        <AU_ACTIVEVERSION><![CDATA[1]]></AU_ACTIVEVERSION>
        <AU_REVISION><![CDATA[23]]></AU_REVISION>
        <AU_MODIFIEDDATE><![CDATA[2018-07-23 14:36:16.0]]></AU_MODIFIEDDATE>
        <AU_PREVIOUSVERSION><![CDATA[null]]></AU_PREVIOUSVERSION>
        <AU_CREATIONDATE><![CDATA[2018-07-23 14:36:16.0]]></AU_CREATIONDATE>
        <AU_PROJECTGROUP><![CDATA[IndigoGroup:172031051140152338992354000002]]></AU_PROJECTGROUP>
        <AU_SYNCHRONIZED><![CDATA[1]]></AU_SYNCHRONIZED>
    </AU_PROJECT>
    
    
    
</data>
