<?xml version="1.0" encoding="UTF-8"?>
<data>
    
    
    <AU_SCRIPTEDSERVICE>
        <AU_DESCRIPTION><![CDATA[generate XPT file]]></AU_DESCRIPTION>
        <AU_PERMISSIONMASK><![CDATA[750]]></AU_PERMISSIONMASK>
        <AU_MODIFIEDDATE><![CDATA[2019-08-12 00:30:53.0]]></AU_MODIFIEDDATE>
        <AU_VARIABLESXML><![CDATA[<variables>
</variables>
]]></AU_VARIABLESXML>
        <AU_SYNCHRONIZED><![CDATA[0]]></AU_SYNCHRONIZED>
        <AU_REVISION><![CDATA[null]]></AU_REVISION>
        <AU_CREATIONDATE><![CDATA[2018-10-17 20:47:12.0]]></AU_CREATIONDATE>
        <AU_PROJECTOWNER><![CDATA[Project:172031051140153235657616600048]]></AU_PROJECTOWNER>
        <AU_MODIFIEDBY><![CDATA[IndigoUser:11525440749190]]></AU_MODIFIEDBY>
        <AU_SCRIPT><![CDATA[import com.adeptia.indigo.logging.Logger;
import com.avery.config.ConfigService;
import java.io.BufferedReader;
import java.io.File;
import java.io.FileOutputStream;
import java.io.InputStreamReader;
import java.io.OutputStream;
/**
 * Requirements: a Windows computer with Java installed, the R-Stats program
 * (open source), downloadable R libraries (open source).
 * <br>
 * Optionally: SAS viewer (free to use), and an
 * integrated development environment for R (for example R Studio, also open
 * source) . <br>
 * This class read xml file and convert it into XPT format! 
 * It uses SASXport library to convert and for setting label it uses HMiss
 * library<br>
 * For reading XML it requires library XML<br>
 * Prerequisite: Before running this class you must have installed R and path
 * must be set in environmental variable also install all packages through
 * install.packages command e.g - install.packages("SASxport"),install.packages("RMySQL")
 * install.packages("xlsx", install.packages("Hmisc")<br>
 * It will run in Adeptia with just copy code to custom plug-in Input file path
 * and File name prameter is must for running this Application It converts XPT
 * file in the same input directory where input files exists<br>
 */

	 String string1 = "library(\"SASxport\")\n";
	 String string2 = "library(\"RJDBC\")\n";
	 String string3 = "library(\"Hmisc\")\n";
	 String string4 = "library(\"data.table\")\n";
	 String string5 = "library(\"XML\")\n";

	

		try{
		//Table name for which we need to create XPT file
		String tableName = context.get("tableName");
         //meta data table name
		String tableMetaDataName = "CDMH_BRIDG_INFORMED.SDTM_METADATA";
		//path of created XPT file 
		String outPutFilePath = context.get("outPutFilePath");//"D:/CDMH/XPT/OutputFile";
		
		File tempPath = new File(outPutFilePath);
		if(!tempPath.exists()){
			tempPath.mkdirs();
		}
		
		String outPutFileName = tableName.concat(".xpt");
		String queryId = context.get("queryId");
		String scriptName = "D:/CDMH/XPT/RScript/RScript".concat(queryId).concat(".R");
		String xmlSource = context.get("xmlSource");
		
		final StringBuffer outFile = new StringBuffer();
		outFile.append(string1).append(string2).append(string3).append(string4).append(string5)
		.append("jdbcDriver =JDBC(\"oracle.jdbc.OracleDriver\",classPath=\"D:/Program Files/AdeptiaSuite/AdeptiaSuite-6.9/AdeptiaServer/ServerKernel/web/libs/driver/ojdbc6-11.2.0.3.jar\")")
		.append("\nmydb = dbConnect(jdbcDriver,\"jdbc:oracle:thin:@//aspedb.cdxub9wuqznr.us-east-1.rds.amazonaws.com:1522/aspedb\", \"ASPEDBADMIN\", \"asp3dbadm1n\")")
		.append("\ndoc <- xmlParse(\"").append(xmlSource+"\")")
		.append("\ndata <- xmlToDataFrame(nodes = getNodeSet(doc, \"//Record\"))")
		.append("\nconfigdata <- dbReadTable(mydb,SQL(\"CDMH_BRIDG_INFORMED.SDTM_METADATA WHERE TABLE_NAME='").append(tableName).append("' ORDER BY SEQ_ID\"))")		
		.append("\nd3<-configdata[,2]").append("\nd3<-data.frame(d3)").append("\nd4<-transpose(d3)").append("\nHmisc::label(data)=d4[1,]")
		.append("\nwrite.xport(data, file = \"").append("" + outPutFilePath).append("/"+outPutFileName)
		.append("\",autogen.formats = FALSE)").append("\n")
		.append("\ndbDisconnect(mydb)");
		System.out.println(outFile.toString());
		service.getLogger().info(outFile.toString());
		File file = new File(scriptName);
		if (file.exists()) {
			file.delete();
		}
		OutputStream os = new FileOutputStream(file);
		os.write(outFile.toString().getBytes());
		os.close();
		
		Process p = Runtime.getRuntime().exec("Rscript " + scriptName);
		p.waitFor();
		
		// get the error stream of the process and print it
		BufferedReader errinput = new BufferedReader(new InputStreamReader(
                p.getErrorStream()));
		
		String line = null;

        if (errinput.ready()) {
            while ((line = errinput.readLine()) != null) {
                System.out.println(line);
service.getLogger().info(line);
            }
        }

         // wait for 10 seconds and then destroy the process
         //Thread.sleep(10000);
         p.destroy();
	} catch (Exception e) {
		System.out.println(e);
		throw new Exception("Error while creating XPT file "+e);
	}]]></AU_SCRIPT>
        <AU_ENTITYNAME><![CDATA[CDMH_CP_GenerateXPT]]></AU_ENTITYNAME>
        <AU_ACTIVEVERSION><![CDATA[1]]></AU_ACTIVEVERSION>
        <AU_USEROWNER><![CDATA[IndigoUser:11525440749190]]></AU_USEROWNER>
        <AU_ENCODINGUSED><![CDATA[ISO-8859-1]]></AU_ENCODINGUSED>
        <AU_COMMENTS><![CDATA[null]]></AU_COMMENTS>
        <AU_ID><![CDATA[172031051140153980923254300381]]></AU_ID>
        <AU_GROUPOWNER><![CDATA[IndigoGroup:127000000001107055548721600002]]></AU_GROUPOWNER>
        <AU_INTERPRETERTYPE><![CDATA[0]]></AU_INTERPRETERTYPE>
        <AU_PREVIOUSVERSION><![CDATA[null]]></AU_PREVIOUSVERSION>
        <AU_VERSION><![CDATA[1]]></AU_VERSION>
        <AU_PERSISTDATAENABLED><![CDATA[0]]></AU_PERSISTDATAENABLED>
        <AU_SHOWHIDEFLAG><![CDATA[0]]></AU_SHOWHIDEFLAG>
    </AU_SCRIPTEDSERVICE>
    <AU_SCRIPTEDSERVICE>
        <AU_DESCRIPTION><![CDATA[CDMH_CP_CreateZip]]></AU_DESCRIPTION>
        <AU_PERMISSIONMASK><![CDATA[750]]></AU_PERMISSIONMASK>
        <AU_MODIFIEDDATE><![CDATA[2018-12-07 18:54:54.0]]></AU_MODIFIEDDATE>
        <AU_VARIABLESXML><![CDATA[<variables>
</variables>
]]></AU_VARIABLESXML>
        <AU_SYNCHRONIZED><![CDATA[0]]></AU_SYNCHRONIZED>
        <AU_REVISION><![CDATA[null]]></AU_REVISION>
        <AU_CREATIONDATE><![CDATA[2018-10-25 17:41:03.0]]></AU_CREATIONDATE>
        <AU_PROJECTOWNER><![CDATA[Project:172031051140153235657616600048]]></AU_PROJECTOWNER>
        <AU_MODIFIEDBY><![CDATA[IndigoUser:11525440749190]]></AU_MODIFIEDBY>
        <AU_SCRIPT><![CDATA[import java.io.File;
import java.io.FileInputStream;
import java.io.FileOutputStream;
import java.io.IOException;
import java.util.zip.ZipEntry;
import java.util.zip.ZipOutputStream;

		String zipFile = context.get("FileTargetPath").toString();
		String srcFile = context.get("FileSourcePath").toString();
		int length;
		FileOutputStream fos = null;
		ZipOutputStream zos = null;
		FileInputStream fis = null;
		try {
			byte[] buffer = new byte[1024];
			fos = new FileOutputStream(zipFile);
			zos = new ZipOutputStream(fos);
			File file = new File(srcFile);
			File[] files = file.listFiles();
			for (int i = 0; i < files.length; i++) {
				if (files[i].exists() && files[i].getName().endsWith("xpt")) {
					fis = new FileInputStream(files[i]);
					zos.putNextEntry(new ZipEntry(files[i].getName()));

					while ((length = fis.read(buffer)) > 0) {
						zos.write(buffer, 0, length);
					}
					zos.closeEntry();
					if (fis != null) {
						fis.close();
					}
					
						files[i].delete();
				}
			}
			file.delete();

		} catch (IOException ioe) {
			ioe.printStackTrace();
			System.out.println("Error creating zip file" + ioe);
			throw ioe;

		} catch (Exception e) {
                          throw new ServiceException(e);
		} finally {
try{
			if (fis != null) {
				fis.close();
			}
			if (zos != null) {
				zos.close();
			}
			if (fos != null) {
				fos.close();
			}
}
                       catch (Exception e) {
				 e.printStackTrace();
			}
		}]]></AU_SCRIPT>
        <AU_ENTITYNAME><![CDATA[CDMH_CP_CreateZip]]></AU_ENTITYNAME>
        <AU_ACTIVEVERSION><![CDATA[1]]></AU_ACTIVEVERSION>
        <AU_USEROWNER><![CDATA[IndigoUser:11525440749190]]></AU_USEROWNER>
        <AU_ENCODINGUSED><![CDATA[ISO-8859-1]]></AU_ENCODINGUSED>
        <AU_COMMENTS><![CDATA[null]]></AU_COMMENTS>
        <AU_ID><![CDATA[172031051140154048926360200119]]></AU_ID>
        <AU_GROUPOWNER><![CDATA[IndigoGroup:127000000001107055548721600002]]></AU_GROUPOWNER>
        <AU_INTERPRETERTYPE><![CDATA[0]]></AU_INTERPRETERTYPE>
        <AU_PREVIOUSVERSION><![CDATA[null]]></AU_PREVIOUSVERSION>
        <AU_VERSION><![CDATA[1]]></AU_VERSION>
        <AU_PERSISTDATAENABLED><![CDATA[0]]></AU_PERSISTDATAENABLED>
        <AU_SHOWHIDEFLAG><![CDATA[0]]></AU_SHOWHIDEFLAG>
    </AU_SCRIPTEDSERVICE>
    
    <AU_SCRIPTEDSERVICE>
        <AU_DESCRIPTION><![CDATA[fetch query id from eventcontext map]]></AU_DESCRIPTION>
        <AU_PERMISSIONMASK><![CDATA[750]]></AU_PERMISSIONMASK>
        <AU_MODIFIEDDATE><![CDATA[2018-10-04 03:55:40.0]]></AU_MODIFIEDDATE>
        <AU_VARIABLESXML><![CDATA[<variables>
</variables>
]]></AU_VARIABLESXML>
        <AU_SYNCHRONIZED><![CDATA[0]]></AU_SYNCHRONIZED>
        <AU_REVISION><![CDATA[null]]></AU_REVISION>
        <AU_CREATIONDATE><![CDATA[2018-07-23 21:09:16.0]]></AU_CREATIONDATE>
        <AU_PROJECTOWNER><![CDATA[Project:172031051140153235657616600048]]></AU_PROJECTOWNER>
        <AU_MODIFIEDBY><![CDATA[IndigoUser:11525440749190]]></AU_MODIFIEDBY>
        <AU_SCRIPT><![CDATA[import com.avery.config.ConfigService;
import java.util.Map;
import java.util.HashMap;
import com.adeptia.indigo.io.Record;


String restWI_ID = context.get("QUERYREQUESTID") == null ? "" : (String)context.get("QUERYREQUESTID");

if(restWI_ID.equals(""))
{
	
	Map eventContextMap = context.get("EventContextMap")== null ? null :(Map) context.get("EventContextMap");
	Record recordROW = ((Record)eventContextMap.get("ROW"));
	Map mapRow = recordROW.getFields();
	String QUERY = mapRow.toString();
    context.put ("RW12",QUERY);
	QUERYREQUESTID  = QUERY.substring(QUERY.indexOf("QUERYREQUESTID=")+15,QUERY.indexOf("[QUERYREQUESTID]"));
	context.put ("QUERYREQUESTID",QUERYREQUESTID);
	if(QUERY.indexOf("DATAPARTNERID=")>0)
	{
	PartnerID  = QUERY.substring(QUERY.indexOf("DATAPARTNERID=")+14,QUERY.indexOf("[DATAPARTNERID]"));
	context.put ("PartnerID",PartnerID);
	}
}
else
{
	Map eventContextMap = context.get("EventContextMap")== null ? null :(Map) context.get("EventContextMap");
	Record recordROW = ((Record)eventContextMap.get("ROW"));
	Map mapRow = recordROW.getFields();
	String QUERY = mapRow.toString();
    context.put ("RW12",QUERY);
	QUERYREQUESTID  = QUERY.substring(QUERY.indexOf("QUERYREQUESTID=")+15,QUERY.indexOf("[QUERYREQUESTID]"));
	context.put ("QUERYREQUESTID",QUERYREQUESTID);
	{
	PartnerID  = QUERY.substring(QUERY.indexOf("DATAPARTNERID=")+14,QUERY.indexOf("[DATAPARTNERID]"));
	context.put ("PartnerID",PartnerID);
	}
}]]></AU_SCRIPT>
        <AU_ENTITYNAME><![CDATA[CDMH_CP_SetQueryID]]></AU_ENTITYNAME>
        <AU_ACTIVEVERSION><![CDATA[1]]></AU_ACTIVEVERSION>
        <AU_USEROWNER><![CDATA[IndigoUser:11525440749190]]></AU_USEROWNER>
        <AU_ENCODINGUSED><![CDATA[ISO-8859-1]]></AU_ENCODINGUSED>
        <AU_COMMENTS><![CDATA[null]]></AU_COMMENTS>
        <AU_ID><![CDATA[172031051140153238015686300080]]></AU_ID>
        <AU_GROUPOWNER><![CDATA[IndigoGroup:127000000001107055548721600002]]></AU_GROUPOWNER>
        <AU_INTERPRETERTYPE><![CDATA[0]]></AU_INTERPRETERTYPE>
        <AU_PREVIOUSVERSION><![CDATA[null]]></AU_PREVIOUSVERSION>
        <AU_VERSION><![CDATA[1]]></AU_VERSION>
        <AU_PERSISTDATAENABLED><![CDATA[0]]></AU_PERSISTDATAENABLED>
        <AU_SHOWHIDEFLAG><![CDATA[0]]></AU_SHOWHIDEFLAG>
    </AU_SCRIPTEDSERVICE>
    <AU_SCRIPTEDSERVICE>
        <AU_DESCRIPTION><![CDATA[fetch for Query TranslateID from eventcontext Map]]></AU_DESCRIPTION>
        <AU_PERMISSIONMASK><![CDATA[750]]></AU_PERMISSIONMASK>
        <AU_MODIFIEDDATE><![CDATA[2018-08-24 05:04:09.0]]></AU_MODIFIEDDATE>
        <AU_VARIABLESXML><![CDATA[<variables>
</variables>
]]></AU_VARIABLESXML>
        <AU_SYNCHRONIZED><![CDATA[0]]></AU_SYNCHRONIZED>
        <AU_REVISION><![CDATA[null]]></AU_REVISION>
        <AU_CREATIONDATE><![CDATA[2018-07-23 21:11:33.0]]></AU_CREATIONDATE>
        <AU_PROJECTOWNER><![CDATA[Project:172031051140153235657616600048]]></AU_PROJECTOWNER>
        <AU_MODIFIEDBY><![CDATA[IndigoUser:11525440749190]]></AU_MODIFIEDBY>
        <AU_SCRIPT><![CDATA[import com.avery.config.ConfigService;
import java.util.Map;
import java.util.HashMap;
import com.adeptia.indigo.io.Record;


String restWI_ID = context.get("QUERYTRANSLATEID") == null ? "" : (String)context.get("QUERYTRANSLATEID");

if(restWI_ID.equals(""))
{
	
	Map eventContextMap = context.get("EventContextMap")== null ? null :(Map) context.get("EventContextMap");
	Record recordROW = ((Record)eventContextMap.get("ROW"));
	Map mapRow = recordROW.getFields();
	String QUERY = mapRow.toString();
    context.put ("RW12",QUERY);
	QUERYTRANSLATEID  = QUERY.substring(QUERY.indexOf("=")+1,QUERY.indexOf("["));
	context.put ("QUERYTRANSLATEID",QUERYTRANSLATEID);
	QUERYID  = QUERY.substring(QUERY.indexOf("QUERY_ID=")+9,QUERY.indexOf("[QUERY_ID]"));
	context.put ("QUERYID",QUERYID);
}
else
{
	Map eventContextMap = context.get("EventContextMap")== null ? null :(Map) context.get("EventContextMap");
	Record recordROW = ((Record)eventContextMap.get("ROW"));
	Map mapRow = recordROW.getFields();
	String QUERY = mapRow.toString();
    context.put ("RW12",QUERY);
	QUERYTRANSLATEID  = QUERY.substring(QUERY.indexOf("=")+1,QUERY.indexOf("["));
	context.put ("QUERYTRANSLATEID",QUERYTRANSLATEID);
	QUERYID  = QUERY.substring(QUERY.indexOf("QUERY_ID=")+9,QUERY.indexOf("[QUERY_ID]"));
	context.put ("QUERYID",QUERYID);
}]]></AU_SCRIPT>
        <AU_ENTITYNAME><![CDATA[CDMH_CP_SetTranslateID]]></AU_ENTITYNAME>
        <AU_ACTIVEVERSION><![CDATA[1]]></AU_ACTIVEVERSION>
        <AU_USEROWNER><![CDATA[IndigoUser:11525440749190]]></AU_USEROWNER>
        <AU_ENCODINGUSED><![CDATA[ISO-8859-1]]></AU_ENCODINGUSED>
        <AU_COMMENTS><![CDATA[null]]></AU_COMMENTS>
        <AU_ID><![CDATA[172031051140153238029384300082]]></AU_ID>
        <AU_GROUPOWNER><![CDATA[IndigoGroup:127000000001107055548721600002]]></AU_GROUPOWNER>
        <AU_INTERPRETERTYPE><![CDATA[0]]></AU_INTERPRETERTYPE>
        <AU_PREVIOUSVERSION><![CDATA[null]]></AU_PREVIOUSVERSION>
        <AU_VERSION><![CDATA[1]]></AU_VERSION>
        <AU_PERSISTDATAENABLED><![CDATA[0]]></AU_PERSISTDATAENABLED>
        <AU_SHOWHIDEFLAG><![CDATA[0]]></AU_SHOWHIDEFLAG>
    </AU_SCRIPTEDSERVICE>
    <AU_SCRIPTEDSERVICE>
        <AU_DESCRIPTION><![CDATA[execute a query against partner database]]></AU_DESCRIPTION>
        <AU_PERMISSIONMASK><![CDATA[750]]></AU_PERMISSIONMASK>
        <AU_MODIFIEDDATE><![CDATA[2018-11-29 19:40:16.0]]></AU_MODIFIEDDATE>
        <AU_VARIABLESXML><![CDATA[<variables>
</variables>
]]></AU_VARIABLESXML>
        <AU_SYNCHRONIZED><![CDATA[0]]></AU_SYNCHRONIZED>
        <AU_REVISION><![CDATA[null]]></AU_REVISION>
        <AU_CREATIONDATE><![CDATA[2018-07-23 21:17:10.0]]></AU_CREATIONDATE>
        <AU_PROJECTOWNER><![CDATA[Project:172031051140153235657616600048]]></AU_PROJECTOWNER>
        <AU_MODIFIEDBY><![CDATA[IndigoUser:11525440749190]]></AU_MODIFIEDBY>
        <AU_SCRIPT><![CDATA[import java.sql.*;
import java.sql.DriverManager;
import java.sql.Statement;
import java.sql.ResultSet;
import java.sql.ResultSetMetaData;
import java.sql.SQLException;
import com.adeptia.indigo.security.AuthUtil;
import com.adeptia.indigo.services.transport.connector.DatabaseConnectionInfo;
import com.adeptia.indigo.utils.IndigoException;
import com.adeptia.indigo.utils.JdbcUtils;
	
	
		String actualQuery = context.get("QueryFile");
		String recordSeparator = "\n";
		String fieldSeparator = ",";
		String querySession = "alter session set current_schema = ".concat(context.get("dbinstance"));
		int i;
        // String output=context.get("output");
		StringBuffer str = new StringBuffer();
		String dbConnectionInfoEntityId = "172031051140152941823097700006";
		try { 
			dbConnectionInfo = (DatabaseConnectionInfo) AdeptiaEntityUtils.getEntity(DatabaseConnectionInfo.class,
					dbConnectionInfoEntityId, AuthUtil.getAdminSubject());
			conn = JdbcUtils.getConnection(dbConnectionInfo, AuthUtil.getAdminSubject());
		} catch (IndigoException e) {
			e.printStackTrace();
		} catch (Exception e) {
			e.printStackTrace();
		}

		if (conn == null) {
			System.out.println("Could not connect with db...");
			return;
		}
		try {
			
			Statement  ps1 = conn.createStatement();
			ResultSet rs1 = ps1.executeQuery(querySession);
			Statement  ps = conn.createStatement();
			ResultSet rs = ps.executeQuery(actualQuery);
			//context.put( "checkpoint5", rs);
			ResultSetMetaData rsmd = rs.getMetaData();
			
			int columnCount = rsmd.getColumnCount();
			context.put( "checkpoint3", columnCount);
			for (i = 1; i <= columnCount; i++) {
				str.append(rsmd.getColumnName(i));
				if (i != columnCount)
					str.append(fieldSeparator);
			}
			str.append(recordSeparator);
			String data;
			while (rs.next()) {
				for (i = 1; i <= columnCount; i++) {
					data = "";
					try {
						data = rs.getString(i);
					} catch (Exception e) {

					}
					str.append(data);
					if (i != columnCount)
						str.append(fieldSeparator);
				}
				str.append(recordSeparator);
			}
		} catch (SQLException e) {
			e.printStackTrace();
			//return;
		}
context.put( "checkpoint99", str.toString());

	service.write(str.toString().getBytes("UTF-8"), "default");

			try {
				conn.close();
			} catch (SQLException e2) {
				e2.printStackTrace();
			}

//return str.toString();
//System.out.println(str.toString());]]></AU_SCRIPT>
        <AU_ENTITYNAME><![CDATA[CDMH_CP_ExecuteQuery]]></AU_ENTITYNAME>
        <AU_ACTIVEVERSION><![CDATA[1]]></AU_ACTIVEVERSION>
        <AU_USEROWNER><![CDATA[IndigoUser:11525440749190]]></AU_USEROWNER>
        <AU_ENCODINGUSED><![CDATA[ISO-8859-1]]></AU_ENCODINGUSED>
        <AU_COMMENTS><![CDATA[null]]></AU_COMMENTS>
        <AU_ID><![CDATA[172031051140153238063000300085]]></AU_ID>
        <AU_GROUPOWNER><![CDATA[IndigoGroup:127000000001107055548721600002]]></AU_GROUPOWNER>
        <AU_INTERPRETERTYPE><![CDATA[0]]></AU_INTERPRETERTYPE>
        <AU_PREVIOUSVERSION><![CDATA[null]]></AU_PREVIOUSVERSION>
        <AU_VERSION><![CDATA[1]]></AU_VERSION>
        <AU_PERSISTDATAENABLED><![CDATA[0]]></AU_PERSISTDATAENABLED>
        <AU_SHOWHIDEFLAG><![CDATA[0]]></AU_SHOWHIDEFLAG>
    </AU_SCRIPTEDSERVICE>
    <AU_SCRIPTEDSERVICE>
        <AU_DESCRIPTION><![CDATA[cd]]></AU_DESCRIPTION>
        <AU_PERMISSIONMASK><![CDATA[750]]></AU_PERMISSIONMASK>
        <AU_MODIFIEDDATE><![CDATA[2019-02-06 18:50:25.0]]></AU_MODIFIEDDATE>
        <AU_VARIABLESXML><![CDATA[<variables>
</variables>
]]></AU_VARIABLESXML>
        <AU_SYNCHRONIZED><![CDATA[0]]></AU_SYNCHRONIZED>
        <AU_REVISION><![CDATA[null]]></AU_REVISION>
        <AU_CREATIONDATE><![CDATA[2019-02-06 18:50:25.0]]></AU_CREATIONDATE>
        <AU_PROJECTOWNER><![CDATA[Project:172031051140153235657616600048]]></AU_PROJECTOWNER>
        <AU_MODIFIEDBY><![CDATA[IndigoUser:11525440749190]]></AU_MODIFIEDBY>
        <AU_SCRIPT><![CDATA[//Always remember to include all the import at the beginning of the custom plug-in script
import java.io.BufferedReader;
import java.io.IOException;
import java.io.InputStreamReader;
import org.json.JSONObject;
import org.json.XML;
import com.adeptia.indigo.services.ServiceException;

		InputStreamReader is = null;
		BufferedReader br = null;
		StringBuilder sb = null;
		try {

			// Read the input stream and covert into string object
			is = new InputStreamReader(inputStream);
			sb = new StringBuilder();
			br = new BufferedReader(is);
			String read = br.readLine();

			while (read != null) {
				// System.out.println(read);
				sb.append(read);
				read = br.readLine();

			}

			// Convert the String object to XML and write in the default name
			// stream
			String xml = XML.toString(new JSONObject(sb.toString()));
			service.write(xml.getBytes(), "default");
		} catch (Exception e) {
			// TODO Auto-generated catch block
			throw new ServiceException(e);
		} finally {

			if (br != null) {
				try {
					br.close();
				} catch (IOException e) {
					// TODO Auto-generated catch block
					e.printStackTrace();
				}
			}
			if (is != null) {
				try {
					is.close();
				} catch (IOException e) {
					// TODO Auto-generated catch block
					e.printStackTrace();
				}
			}
		}
	]]></AU_SCRIPT>
        <AU_ENTITYNAME><![CDATA[CDMH_CP_JSONToXML]]></AU_ENTITYNAME>
        <AU_ACTIVEVERSION><![CDATA[1]]></AU_ACTIVEVERSION>
        <AU_USEROWNER><![CDATA[IndigoUser:11525440749190]]></AU_USEROWNER>
        <AU_ENCODINGUSED><![CDATA[ISO-8859-1]]></AU_ENCODINGUSED>
        <AU_COMMENTS><![CDATA[null]]></AU_COMMENTS>
        <AU_ID><![CDATA[172031051140154947902507900019]]></AU_ID>
        <AU_GROUPOWNER><![CDATA[IndigoGroup:127000000001107055548721600002]]></AU_GROUPOWNER>
        <AU_INTERPRETERTYPE><![CDATA[0]]></AU_INTERPRETERTYPE>
        <AU_PREVIOUSVERSION><![CDATA[null]]></AU_PREVIOUSVERSION>
        <AU_VERSION><![CDATA[1]]></AU_VERSION>
        <AU_PERSISTDATAENABLED><![CDATA[0]]></AU_PERSISTDATAENABLED>
        <AU_SHOWHIDEFLAG><![CDATA[0]]></AU_SHOWHIDEFLAG>
    </AU_SCRIPTEDSERVICE>
    
    
    
    <AU_SCRIPTEDSERVICE>
        <AU_DESCRIPTION><![CDATA[insert received file into DB]]></AU_DESCRIPTION>
        <AU_PERMISSIONMASK><![CDATA[750]]></AU_PERMISSIONMASK>
        <AU_MODIFIEDDATE><![CDATA[2018-08-07 23:16:17.0]]></AU_MODIFIEDDATE>
        <AU_VARIABLESXML><![CDATA[<variables>
</variables>
]]></AU_VARIABLESXML>
        <AU_SYNCHRONIZED><![CDATA[0]]></AU_SYNCHRONIZED>
        <AU_REVISION><![CDATA[18]]></AU_REVISION>
        <AU_CREATIONDATE><![CDATA[2018-07-23 21:24:08.0]]></AU_CREATIONDATE>
        <AU_PROJECTOWNER><![CDATA[Project:172031051140153235657616600048]]></AU_PROJECTOWNER>
        <AU_MODIFIEDBY><![CDATA[IndigoUser:11525440749190]]></AU_MODIFIEDBY>
        <AU_SCRIPT><![CDATA[import java.io.File;
import java.io.FileInputStream;
import java.io.FileNotFoundException;
import java.io.FileOutputStream;
import java.io.IOException;
import java.io.InputStream;
import java.sql.Connection;
import java.sql.PreparedStatement;
import java.sql.ResultSet;
import java.sql.SQLException;

import com.adeptia.indigo.security.AuthUtil;
import com.adeptia.indigo.services.transport.connector.DatabaseConnectionInfo;
import com.adeptia.indigo.utils.IndigoException;
import com.adeptia.indigo.utils.JdbcUtils;




		DatabaseConnectionInfo dbConnectionInfo = null;
		Connection conn = null;

		FileInputStream fin = null;
		FileOutputStream output = null;
		PreparedStatement ps = null;
		ResultSet rs = null;

		/* variable fields */
		int id = Integer.parseInt(context.get("ResultFile"));
		String dbConnectionInfoEntityId = "172031051140152941823097700006";
		String inputFilePath = context.get("FilePath");
		String updateQuery = "UPDATE CDMH_BRIDG_INFORMED.RESULTS_FILE set RECEIVED_FILE = ? where RESULTS_FILE_ID = ?";
		context.put( "checkpoint2",updateQuery );
		context.put( "checkpoint3",id );
		

		try { 
			dbConnectionInfo = (DatabaseConnectionInfo) AdeptiaEntityUtils.getEntity(DatabaseConnectionInfo.class,
					dbConnectionInfoEntityId, AuthUtil.getAdminSubject());
			conn = JdbcUtils.getConnection(dbConnectionInfo, AuthUtil.getAdminSubject());
		} catch (IndigoException e) {
			e.printStackTrace();
		} catch (Exception e) {
			e.printStackTrace();
		}

		if (conn == null) {
			System.out.println("Could not connect with db...");
			return;
		}

		/* insert blob in the db */
		try {
			fin = new FileInputStream(new File(inputFilePath));
			ps = conn.prepareStatement(updateQuery);
			ps.setBinaryStream(1, fin);
			ps.setInt(2, id);
			
			int n = ps.executeUpdate();
			System.out.println("Number of rows affected : " + n);
		} catch (SQLException e) {
			e.printStackTrace();
		} catch (FileNotFoundException e) {
			e.printStackTrace();
		} finally {
			try {
				fin.close();
			} catch (IOException e1) {
				e1.printStackTrace();
			}
			try {
				ps.close();
			} catch (SQLException e1) {
				e1.printStackTrace();
			}
			try {
				conn.close();
			} catch (SQLException e) {
				e.printStackTrace();
			}
		}]]></AU_SCRIPT>
        <AU_ENTITYNAME><![CDATA[CDMH_CP_InsertReceiveFileInDB]]></AU_ENTITYNAME>
        <AU_ACTIVEVERSION><![CDATA[1]]></AU_ACTIVEVERSION>
        <AU_USEROWNER><![CDATA[IndigoUser:11525440749190]]></AU_USEROWNER>
        <AU_ENCODINGUSED><![CDATA[ISO-8859-1]]></AU_ENCODINGUSED>
        <AU_COMMENTS><![CDATA[null]]></AU_COMMENTS>
        <AU_ID><![CDATA[172031051140153238104897300088]]></AU_ID>
        <AU_GROUPOWNER><![CDATA[IndigoGroup:127000000001107055548721600002]]></AU_GROUPOWNER>
        <AU_INTERPRETERTYPE><![CDATA[0]]></AU_INTERPRETERTYPE>
        <AU_PREVIOUSVERSION><![CDATA[null]]></AU_PREVIOUSVERSION>
        <AU_VERSION><![CDATA[1]]></AU_VERSION>
        <AU_PERSISTDATAENABLED><![CDATA[0]]></AU_PERSISTDATAENABLED>
        <AU_SHOWHIDEFLAG><![CDATA[0]]></AU_SHOWHIDEFLAG>
    </AU_SCRIPTEDSERVICE>
    <AU_SCRIPTEDSERVICE>
        <AU_DESCRIPTION><![CDATA[fetch the blob file from DB]]></AU_DESCRIPTION>
        <AU_PERMISSIONMASK><![CDATA[750]]></AU_PERMISSIONMASK>
        <AU_MODIFIEDDATE><![CDATA[2018-09-27 16:38:32.0]]></AU_MODIFIEDDATE>
        <AU_VARIABLESXML><![CDATA[<variables>
</variables>
]]></AU_VARIABLESXML>
        <AU_SYNCHRONIZED><![CDATA[0]]></AU_SYNCHRONIZED>
        <AU_REVISION><![CDATA[19]]></AU_REVISION>
        <AU_CREATIONDATE><![CDATA[2018-07-23 21:27:17.0]]></AU_CREATIONDATE>
        <AU_PROJECTOWNER><![CDATA[Project:172031051140153235657616600048]]></AU_PROJECTOWNER>
        <AU_MODIFIEDBY><![CDATA[IndigoUser:11525440749190]]></AU_MODIFIEDBY>
        <AU_SCRIPT><![CDATA[import java.io.FileInputStream;
import java.io.FileNotFoundException;
import java.io.IOException;
import java.io.InputStream;
import java.sql.Connection;
import java.sql.PreparedStatement;
import java.sql.ResultSet;
import java.sql.SQLException;
import org.apache.commons.io.IOUtils;

import com.adeptia.indigo.security.AuthUtil;
import com.adeptia.indigo.services.transport.connector.DatabaseConnectionInfo;
import com.adeptia.indigo.utils.IndigoException;
import com.adeptia.indigo.utils.JdbcUtils;


		DatabaseConnectionInfo dbConnectionInfo = null;
		Connection conn = null;

		PreparedStatement ps = null;
		ResultSet rs = null;
		InputStream ins = null;
		

		/* variable fields */
		int id = Integer.parseInt(context.get("QUERYTRANSLATEID"));
		String dbConnectionInfoEntityId = "172031051140152941823097700006";
		
		
		
		String selectQuery = "SELECT RECEIVED_FILE, DATA_PARTNER_ID FROM CDMH_BRIDG_INFORMED.RESULTS_FILE where QUERY_REPR_ID = ?";
		context.put( "checkpoint2",selectQuery );
		context.put( "checkpoint3",id );
		

		try {
			dbConnectionInfo = (DatabaseConnectionInfo) AdeptiaEntityUtils.getEntity(DatabaseConnectionInfo.class,
					dbConnectionInfoEntityId, AuthUtil.getAdminSubject());
			conn = JdbcUtils.getConnection(dbConnectionInfo, AuthUtil.getAdminSubject());
		} catch (IndigoException e) {
			e.printStackTrace();
		} catch (Exception e) {
			e.printStackTrace();
		}

		if (conn == null) {
			System.out.println("Could not connect with db...");
			return;
		}

		

		/* retrieve blob from db and write to file */
		try {
			
			ps = conn.prepareStatement(selectQuery);
			ps.setInt(1, id);
			rs = ps.executeQuery();

			while (rs.next()) {
				ins = rs.getBinaryStream("RECEIVED_FILE");
				
				byte[] bytes = IOUtils.toByteArray(ins);
				service.write(bytes,"default");
                        partnerID= rs.getString("DATA_PARTNER_ID");
                        context.put( "DATAPARTNERID",partnerID);
				
				
				
			}
		} catch (Exception e) {
			e.printStackTrace();
		} finally {
			
			try {
				ps.close();
			} catch (SQLException e1) {
				e1.printStackTrace();
			}
			try {
				rs.close();
			} catch (SQLException e) {
				e.printStackTrace();
			}
			try {
				conn.close();
			} catch (SQLException e) {
				e.printStackTrace();
			}
		}]]></AU_SCRIPT>
        <AU_ENTITYNAME><![CDATA[CDMH_CP_getResultFileFromDB]]></AU_ENTITYNAME>
        <AU_ACTIVEVERSION><![CDATA[1]]></AU_ACTIVEVERSION>
        <AU_USEROWNER><![CDATA[IndigoUser:11525440749190]]></AU_USEROWNER>
        <AU_ENCODINGUSED><![CDATA[ISO-8859-1]]></AU_ENCODINGUSED>
        <AU_COMMENTS><![CDATA[null]]></AU_COMMENTS>
        <AU_ID><![CDATA[172031051140153238123776300091]]></AU_ID>
        <AU_GROUPOWNER><![CDATA[IndigoGroup:127000000001107055548721600002]]></AU_GROUPOWNER>
        <AU_INTERPRETERTYPE><![CDATA[0]]></AU_INTERPRETERTYPE>
        <AU_PREVIOUSVERSION><![CDATA[null]]></AU_PREVIOUSVERSION>
        <AU_VERSION><![CDATA[1]]></AU_VERSION>
        <AU_PERSISTDATAENABLED><![CDATA[0]]></AU_PERSISTDATAENABLED>
        <AU_SHOWHIDEFLAG><![CDATA[0]]></AU_SHOWHIDEFLAG>
    </AU_SCRIPTEDSERVICE>
    <AU_SCRIPTEDSERVICE>
        <AU_DESCRIPTION><![CDATA[Plug-in to split XML data for record by record processing]]></AU_DESCRIPTION>
        <AU_PERMISSIONMASK><![CDATA[750]]></AU_PERMISSIONMASK>
        <AU_MODIFIEDDATE><![CDATA[2018-07-23 21:33:27.0]]></AU_MODIFIEDDATE>
        <AU_VARIABLESXML><![CDATA[<variables>
<variable>
<name>sourceXPath</name>
<type>plainText</type>
<value>[ABPM_._ESCAPE_._CDATA_._START]$$sourceXPath$$[ABPM_._ESCAPE_._CDATA_._END]</value>
</variable>
<variable>
<name>splitSize</name>
<type>plainText</type>
<value>[ABPM_._ESCAPE_._CDATA_._START]$$splitSize$$[ABPM_._ESCAPE_._CDATA_._END]</value>
</variable>
</variables>
]]></AU_VARIABLESXML>
        <AU_SYNCHRONIZED><![CDATA[0]]></AU_SYNCHRONIZED>
        <AU_REVISION><![CDATA[null]]></AU_REVISION>
        <AU_CREATIONDATE><![CDATA[2018-07-23 21:32:50.0]]></AU_CREATIONDATE>
        <AU_PROJECTOWNER><![CDATA[Project:172031051140153235657616600048]]></AU_PROJECTOWNER>
        <AU_MODIFIEDBY><![CDATA[IndigoUser:11525440749190]]></AU_MODIFIEDBY>
        <AU_SCRIPT><![CDATA[/**
 * This plug-in splits flat and hierarchical XML file into records for record 
 * by record processing. It accepts two parameters:  
 * sourceXPath ( XPath of the element to be split)
 * and splitSize (number of record(s) to split at a time).
 * To use this plug-in in the flow: 
 * Input: It accepts XML input stream. Any Schema, Mapping or other activities  
 * like Advanced Database Source, Database Source, XML File Source can be 
 * used for input to this plug-in.
 * Output: XML data stream as per given parameters.
 * Note: To generate output stream, use "Multiple Stream" property 
 * and assign any value to the "Stream Name".
 **/



import java.io.FileInputStream;
import java.io.FileNotFoundException;
import java.io.FileOutputStream;
import java.io.InputStream;
import java.io.OutputStream;
import java.util.Vector;
import com.adeptia.indigo.services.ServiceException;
import com.adeptia.indigo.system.IndigoConfig;



		InputStream inputStream = null;
		OutputStream outputStream = null;
		try {
			boolean processRecord = true;
			Integer startPosition = (Integer) context.get("startPosition");
			if (startPosition == null) {
				startPosition = 1;
			}
			inputStream = service.getSourceStream();
			outputStream = service.getOutputStream();

			int queueSize = Integer.parseInt(service
					.getValueByName("splitSize"));
			String sourceXPath = service.getValueByName("sourceXPath");
			String characterSetEncoding = service.getEncodingUsed();

			Integer totalRecordCount = (Integer) context
					.get("totalRecordCount");
			DataSplitter handler = new DataSplitter();
			if (totalRecordCount == null) {
				totalRecordCount = handler.splitData(inputStream, outputStream,
						startPosition.intValue(), queueSize, sourceXPath,
						characterSetEncoding);
				if (totalRecordCount <= 0 )
					processRecord = false;

			} else {
				totalRecordCount = totalRecordCount - queueSize;
				if (totalRecordCount <= 0 )
					processRecord = false;
				startPosition = startPosition + queueSize;
				handler.splitData(inputStream, outputStream, startPosition
						.intValue(), queueSize, sourceXPath,
						characterSetEncoding);
			}

			context.put("processRecord", processRecord);
			context.put("totalRecordCount", totalRecordCount);
			context.put("startPosition", startPosition);

		} catch (Exception e) {
			throw new ServiceException(e);
		} finally {
			try {
				if (inputStream != null) {
					inputStream.close();
				}
				if (outputStream != null) {
					outputStream.close();
				}
			} catch (Exception e) {
				 e.printStackTrace();
			}
		}
	]]></AU_SCRIPT>
        <AU_ENTITYNAME><![CDATA[CDMH_CP_DataSplitter]]></AU_ENTITYNAME>
        <AU_ACTIVEVERSION><![CDATA[1]]></AU_ACTIVEVERSION>
        <AU_USEROWNER><![CDATA[IndigoUser:11525440749190]]></AU_USEROWNER>
        <AU_ENCODINGUSED><![CDATA[ISO-8859-1]]></AU_ENCODINGUSED>
        <AU_COMMENTS><![CDATA[null]]></AU_COMMENTS>
        <AU_ID><![CDATA[172031051140153238157073600095]]></AU_ID>
        <AU_GROUPOWNER><![CDATA[IndigoGroup:127000000001107055548721600002]]></AU_GROUPOWNER>
        <AU_INTERPRETERTYPE><![CDATA[0]]></AU_INTERPRETERTYPE>
        <AU_PREVIOUSVERSION><![CDATA[null]]></AU_PREVIOUSVERSION>
        <AU_VERSION><![CDATA[1]]></AU_VERSION>
        <AU_PERSISTDATAENABLED><![CDATA[0]]></AU_PERSISTDATAENABLED>
        <AU_SHOWHIDEFLAG><![CDATA[0]]></AU_SHOWHIDEFLAG>
    </AU_SCRIPTEDSERVICE>
    <AU_SCRIPTEDSERVICE>
        <AU_DESCRIPTION><![CDATA[decompress zip file]]></AU_DESCRIPTION>
        <AU_PERMISSIONMASK><![CDATA[750]]></AU_PERMISSIONMASK>
        <AU_MODIFIEDDATE><![CDATA[2018-09-26 16:33:33.0]]></AU_MODIFIEDDATE>
        <AU_VARIABLESXML><![CDATA[<variables>
</variables>
]]></AU_VARIABLESXML>
        <AU_SYNCHRONIZED><![CDATA[0]]></AU_SYNCHRONIZED>
        <AU_REVISION><![CDATA[null]]></AU_REVISION>
        <AU_CREATIONDATE><![CDATA[2018-09-26 14:00:04.0]]></AU_CREATIONDATE>
        <AU_PROJECTOWNER><![CDATA[Project:172031051140153235657616600048]]></AU_PROJECTOWNER>
        <AU_MODIFIEDBY><![CDATA[IndigoUser:11525440749190]]></AU_MODIFIEDBY>
        <AU_SCRIPT><![CDATA[import java.io.*;
import java.util.zip.*;

ZipInputStream in = null;
OutputStream out = null;
ZipEntry ze = null;
String folderPath = (String) context.get("varCurrentBatchFolder");

try {
	in = new ZipInputStream(inputStream);
	while( (ze = in.getNextEntry() ) != null ){
		try{
			System.out.println("Extracting : "+ze);
			int len;
			byte[] buf = new byte[1024];
			out = new FileOutputStream(folderPath +ze.getName());
			while ((len = in.read(buf)) > 0)
			  out.write(buf, 0, len);
			out.flush();
		} finally {
			try {
				if (out != null)
					out.close();
			} catch (IOException e) {
				service.getLogger().error("Output stream can not be closed : " + e.getMessage(), e);
				throw e;
			}
		}
	}
} catch (Exception e) {
	service.getLogger().error("Error while decompression : " + e.getMessage(), e);
    throw e;
}]]></AU_SCRIPT>
        <AU_ENTITYNAME><![CDATA[CDMH_CP_UnZip]]></AU_ENTITYNAME>
        <AU_ACTIVEVERSION><![CDATA[1]]></AU_ACTIVEVERSION>
        <AU_USEROWNER><![CDATA[IndigoUser:11525440749190]]></AU_USEROWNER>
        <AU_ENCODINGUSED><![CDATA[ISO-8859-1]]></AU_ENCODINGUSED>
        <AU_COMMENTS><![CDATA[null]]></AU_COMMENTS>
        <AU_ID><![CDATA[172031051140153797040462300070]]></AU_ID>
        <AU_GROUPOWNER><![CDATA[IndigoGroup:127000000001107055548721600002]]></AU_GROUPOWNER>
        <AU_INTERPRETERTYPE><![CDATA[0]]></AU_INTERPRETERTYPE>
        <AU_PREVIOUSVERSION><![CDATA[null]]></AU_PREVIOUSVERSION>
        <AU_VERSION><![CDATA[1]]></AU_VERSION>
        <AU_PERSISTDATAENABLED><![CDATA[0]]></AU_PERSISTDATAENABLED>
        <AU_SHOWHIDEFLAG><![CDATA[0]]></AU_SHOWHIDEFLAG>
    </AU_SCRIPTEDSERVICE>
    
    
    
    
    <columnInfo dbtype="2">
        <column name="AU_ID" type="12" />
        <column name="AU_VERSION" type="12" />
        <column name="AU_PREVIOUSVERSION" type="12" />
        <column name="AU_ACTIVEVERSION" type="2" />
        <column name="AU_ENTITYNAME" type="12" />
        <column name="AU_USEROWNER" type="12" />
        <column name="AU_GROUPOWNER" type="12" />
        <column name="AU_PERMISSIONMASK" type="12" />
        <column name="AU_DESCRIPTION" type="12" />
        <column name="AU_COMMENTS" type="12" />
        <column name="AU_MODIFIEDBY" type="12" />
        <column name="AU_CREATIONDATE" type="93" />
        <column name="AU_MODIFIEDDATE" type="93" />
        <column name="AU_REVISION" type="12" />
        <column name="AU_SYNCHRONIZED" type="2" />
        <column name="AU_PROJECTOWNER" type="12" />
        <column name="AU_PERSISTDATAENABLED" type="2" />
        <column name="AU_SCRIPT" type="2005" />
        <column name="AU_SHOWHIDEFLAG" type="2" />
        <column name="AU_VARIABLESXML" type="2005" />
        <column name="AU_ENCODINGUSED" type="12" />
        <column name="AU_INTERPRETERTYPE" type="2" />
    </columnInfo>
</data>
