<?xml version="1.0" encoding="UTF-8"?>
<data>
    <AU_SCHEMAXML>
        <AU_GROUPOWNER><![CDATA[IndigoGroup:127000000001107055548721600002]]></AU_GROUPOWNER>
        <AU_ACTIVEVERSION><![CDATA[1]]></AU_ACTIVEVERSION>
        <AU_DTDFILE><![CDATA[null]]></AU_DTDFILE>
        <XSDNAME><![CDATA[null]]></XSDNAME>
        <AU_SELECTEDROOT><![CDATA[null]]></AU_SELECTEDROOT>
        <AU_DTDFILEPATH><![CDATA[C:\fakepath\tableList.xml]]></AU_DTDFILEPATH>
        <AU_REVISION><![CDATA[null]]></AU_REVISION>
        <AU_SAPCLIENT><![CDATA[null]]></AU_SAPCLIENT>
        <AU_MODIFIEDDATE><![CDATA[2018-08-28 21:55:12.0]]></AU_MODIFIEDDATE>
        <AU_IDOCEXT><![CDATA[null]]></AU_IDOCEXT>
        <AU_SYNCHRONIZED><![CDATA[0]]></AU_SYNCHRONIZED>
        <AU_CREATIONDATE><![CDATA[2018-08-28 21:55:12.0]]></AU_CREATIONDATE>
        <AU_COMMENTS><![CDATA[null]]></AU_COMMENTS>
        <AU_WSMESSAGECALLID><![CDATA[null]]></AU_WSMESSAGECALLID>
        <XSDFILEPATH><![CDATA[null]]></XSDFILEPATH>
        <AU_FREVVOXSD><![CDATA[null]]></AU_FREVVOXSD>
        <AU_PREVIOUSVERSION><![CDATA[null]]></AU_PREVIOUSVERSION>
        <AU_JSON><![CDATA[null]]></AU_JSON>
        <AU_MODIFIEDBY><![CDATA[IndigoUser:11525440749190]]></AU_MODIFIEDBY>
        <AU_FILEREFERENCESID><![CDATA[null]]></AU_FILEREFERENCESID>
        <AU_SYSTEMRELEASE><![CDATA[null]]></AU_SYSTEMRELEASE>
        <AU_ENCODINGUSED><![CDATA[ISO-8859-1]]></AU_ENCODINGUSED>
        <AU_XMLSCHEMATYPE><![CDATA[null]]></AU_XMLSCHEMATYPE>
        <AU_XMLSCHEMAVERSION><![CDATA[2.0]]></AU_XMLSCHEMAVERSION>
        <PROVIDERXSDTYPE><![CDATA[null]]></PROVIDERXSDTYPE>
        <AU_XSD><![CDATA[<?xml version="1.0" encoding="UTF-8"?>
<Root>
    <Record>
        <tableList>table</tableList>
    </Record>
    <Record>
        <tableList>List1</tableList>
    </Record>
</Root>
]]></AU_XSD>
        <AU_DESCRIPTION><![CDATA[CDMH_XMLSC_TableList]]></AU_DESCRIPTION>
        <AU_XMLVALIDATOR><![CDATA[Native]]></AU_XMLVALIDATOR>
        <AU_ID><![CDATA[172031051140153549331247400472]]></AU_ID>
        <AU_DEFFMODE><![CDATA[null]]></AU_DEFFMODE>
        <AU_WSPROVIDERID><![CDATA[null]]></AU_WSPROVIDERID>
        <XSDTYPE><![CDATA[null]]></XSDTYPE>
        <AU_IDOCOBJTYPE><![CDATA[null]]></AU_IDOCOBJTYPE>
        <AU_PERMISSIONMASK><![CDATA[750]]></AU_PERMISSIONMASK>
        <AU_PROJECTOWNER><![CDATA[Project:172031051140153235657616600048]]></AU_PROJECTOWNER>
        <AU_VALIDATEXML><![CDATA[0]]></AU_VALIDATEXML>
        <AU_CONVERTTOXSD><![CDATA[0]]></AU_CONVERTTOXSD>
        <AU_USEROWNER><![CDATA[IndigoUser:11525440749190]]></AU_USEROWNER>
        <AU_ENTITYNAME><![CDATA[CDMH_XMLSC_TableList]]></AU_ENTITYNAME>
        <AU_APPRELEASE><![CDATA[null]]></AU_APPRELEASE>
        <AU_IDOCTYPE><![CDATA[null]]></AU_IDOCTYPE>
        <AU_JCAADAPTERID><![CDATA[null]]></AU_JCAADAPTERID>
        <AU_VERSION><![CDATA[1]]></AU_VERSION>
    </AU_SCHEMAXML>
    
    <columnInfo dbtype="2">
        <column name="AU_ID" type="12" />
        <column name="AU_VERSION" type="12" />
        <column name="AU_PREVIOUSVERSION" type="12" />
        <column name="AU_ACTIVEVERSION" type="2" />
        <column name="AU_ENTITYNAME" type="12" />
        <column name="AU_USEROWNER" type="12" />
        <column name="AU_GROUPOWNER" type="12" />
        <column name="AU_PERMISSIONMASK" type="12" />
        <column name="AU_DESCRIPTION" type="12" />
        <column name="AU_COMMENTS" type="12" />
        <column name="AU_MODIFIEDBY" type="12" />
        <column name="AU_CREATIONDATE" type="93" />
        <column name="AU_MODIFIEDDATE" type="93" />
        <column name="AU_REVISION" type="12" />
        <column name="AU_SYNCHRONIZED" type="2" />
        <column name="AU_PROJECTOWNER" type="12" />
        <column name="AU_XSD" type="2005" />
        <column name="XSDFILEPATH" type="12" />
        <column name="AU_ENCODINGUSED" type="12" />
        <column name="AU_DTDFILEPATH" type="12" />
        <column name="AU_CONVERTTOXSD" type="2" />
        <column name="AU_JSON" type="2005" />
        <column name="AU_XMLSCHEMAVERSION" type="12" />
        <column name="AU_FILEREFERENCESID" type="12" />
        <column name="AU_DTDFILE" type="2005" />
        <column name="AU_VALIDATEXML" type="2" />
        <column name="AU_WSMESSAGECALLID" type="12" />
        <column name="AU_WSPROVIDERID" type="12" />
        <column name="AU_JCAADAPTERID" type="12" />
        <column name="XSDTYPE" type="12" />
        <column name="PROVIDERXSDTYPE" type="12" />
        <column name="XSDNAME" type="12" />
        <column name="AU_FREVVOXSD" type="12" />
        <column name="AU_XMLSCHEMATYPE" type="12" />
        <column name="AU_DEFFMODE" type="12" />
        <column name="AU_IDOCOBJTYPE" type="12" />
        <column name="AU_IDOCEXT" type="12" />
        <column name="AU_SELECTEDROOT" type="12" />
        <column name="AU_XMLVALIDATOR" type="12" />
        <column name="AU_IDOCTYPE" type="12" />
        <column name="AU_SYSTEMRELEASE" type="12" />
        <column name="AU_APPRELEASE" type="12" />
        <column name="AU_SAPCLIENT" type="12" />
    </columnInfo>
</data>
